episode,return,steps,duration,epsilon,mean_loss,occupancy_end
0,-1.0,1,0,0.999,0.0,0.0
1,-1.0,1,0,0.998001,0.0,0.0
2,-1.0,1,0,0.997002999,0.0,0.0
3,-1.0,1,0,0.996005996001,0.0,0.0
4,-1.0,1,0,0.995009990004999,0.0,0.0
5,-1.0,1,0,0.994014980014994,0.0,0.0
6,0.0,2,1,0.993020965034979,0.0,0.018310546875
7,-1.0,1,0,0.9920279440699441,0.0,0.0
8,-1.0,1,0,0.9910359161258742,0.0,0.0
9,-1.0,1,0,0.9900448802097482,0.0,0.0
10,0.0,2,1,0.9890548353295385,0.0,0.0009765625
11,0.0,2,1,0.988065780494209,0.0,0.00244140625
12,-1.0,1,0,0.9870777147137147,0.0,0.0
13,-1.0,1,0,0.986090636999001,0.0,0.0
14,-1.0,1,0,0.9851045463620021,0.0,0.0
15,-1.0,1,0,0.98411944181564,0.0,0.0
16,0.0,2,1,0.9831353223738244,0.0,0.0
17,0.0,2,1,0.9821521870514506,0.0,0.00439453125
18,-1.0,1,0,0.9811700348643991,0.0,0.0
19,0.0,2,1,0.9801888648295347,0.0,0.008544921875
20,-1.0,1,0,0.9792086759647052,0.0,0.0
21,-1.0,1,0,0.9782294672887405,0.0,0.0
22,-1.0,1,0,0.9772512378214517,0.0,0.0
23,-1.0,1,0,0.9762739865836303,0.0,0.0
24,-1.0,1,0,0.9752977125970467,0.0,0.0
25,0.0,2,1,0.9743224148844496,0.0,0.0068359375
26,-1.0,1,0,0.9733480924695651,0.0,0.0
27,-1.0,1,0,0.9723747443770956,0.0,0.0
28,-1.0,1,0,0.9714023696327185,0.0,0.0
29,-1.0,1,0,0.9704309672630859,0.0,0.0
30,-1.0,1,0,0.9694605362958227,0.0,0.0
31,-1.0,1,0,0.9684910757595269,0.0,0.0
32,-1.0,1,0,0.9675225846837673,0.0,0.0
33,0.0,2,1,0.9665550620990835,0.0,0.030517578125
34,0.0,2,1,0.9655885070369844,0.0,0.015869140625
35,-1.0,1,0,0.9646229185299474,0.0,0.0
36,-1.0,1,0,0.9636582956114175,0.0,0.0
37,-1.0,1,0,0.9626946373158061,0.0,0.0
38,-1.0,1,0,0.9617319426784903,0.0,0.0
39,-1.0,1,0,0.9607702107358118,0.0,0.0
40,-1.0,1,0,0.959809440525076,0.0,0.0
41,-1.0,1,0,0.9588496310845509,0.0,0.0
42,-1.0,1,0,0.9578907814534664,0.0,0.0
43,-1.0,1,0,0.9569328906720129,0.0,0.0
44,-1.0,1,0,0.9559759577813409,0.0,0.0
45,-1.0,1,0,0.9550199818235596,0.0,0.0
46,-1.0,1,0,0.9540649618417361,0.0,0.0
47,0.0,2,1,0.9531108968798944,0.0,0.0146484375
48,-1.0,1,0,0.9521577859830145,0.0,0.0
49,-1.0,1,0,0.9512056281970315,0.0,0.0
50,-1.0,1,0,0.9502544225688344,0.0,0.0
51,0.0,2,1,0.9493041681462656,0.0,0.037353515625
52,-1.0,1,0,0.9483548639781193,0.49649715423583984,0.0
53,-1.0,1,0,0.9474065091141411,0.49396780133247375,0.0
54,5.79008150100708,8,7,0.946459102605027,0.48444316536188126,0.056884765625
55,0.0,2,1,0.9455126435024219,0.47306695580482483,0.040283203125
56,-1.0,1,0,0.9445671308589195,0.4710710644721985,0.0
57,0.0,2,1,0.9436225637280606,0.4662129133939743,0.0
58,0.0,2,1,0.9426789411643326,0.4574001282453537,0.04736328125
59,-1.0,1,0,0.9417362622231683,0.4544121026992798,0.0
60,-1.0,1,0,0.9407945259609451,0.4545159935951233,0.0
61,-1.0,1,0,0.9398537314349842,0.4501890540122986,0.0
62,0.0,2,1,0.9389138777035492,0.45059163868427277,0.00244140625
63,0.0,2,1,0.9379749638258457,0.4444314241409302,0.0
64,0.0,2,1,0.9370369888620198,0.44216926395893097,0.00390625
65,-1.0,1,0,0.9360999518731578,0.43725380301475525,0.0
66,0.0,2,1,0.9351638519212846,0.43594202399253845,0.0322265625
67,-1.0,1,0,0.9342286880693633,0.43505996465682983,0.0
68,-1.0,1,0,0.933294459381294,0.42592790722846985,0.0
69,-1.0,1,0,0.9323611649219127,0.4319394528865814,0.0
70,-1.0,1,0,0.9314288037569908,0.4265032410621643,0.0
71,-1.0,1,0,0.9304973749532338,0.4267394244670868,0.0
72,-1.0,1,0,0.9295668775782806,0.4206123352050781,0.0
73,-1.0,1,0,0.9286373107007023,0.418056845664978,0.0
74,-1.0,1,0,0.9277086733900016,0.4259127378463745,0.0
75,-1.0,1,0,0.9267809647166116,0.430453360080719,0.0
76,0.0,2,1,0.925854183751895,0.4293803572654724,0.0
77,-1.0,1,0,0.9249283295681431,0.42862141132354736,0.0
78,1.0,3,2,0.9240034012385749,0.42517954111099243,0.004150390625
79,-1.0,1,0,0.9230793978373364,0.4123474359512329,0.0
80,0.0,2,1,0.9221563184394991,0.4204988330602646,0.010986328125
81,-1.0,1,0,0.9212341621210596,0.41694504022598267,0.0
82,-1.0,1,0,0.9203129279589385,0.4059082865715027,0.0
83,-1.0,1,0,0.9193926150309796,0.41319048404693604,0.0
84,-1.0,1,0,0.9184732224159486,0.40699660778045654,0.0
85,-1.0,1,0,0.9175547491935327,0.4032224416732788,0.0
86,-1.0,1,0,0.9166371944443392,0.3988305330276489,0.0
87,-1.0,1,0,0.9157205572498949,0.4053761661052704,0.0
88,-1.0,1,0,0.914804836692645,0.3929898142814636,0.0
89,-1.0,1,0,0.9138900318559524,0.39544540643692017,0.0
90,0.0,2,1,0.9129761418240965,0.3852216303348541,0.015869140625
91,-1.0,1,0,0.9120631656822724,0.3962804675102234,0.0
92,-1.0,1,0,0.9111511025165902,0.3810808062553406,0.0
93,-1.0,1,0,0.9102399514140735,0.3813669979572296,0.0
94,-1.0,1,0,0.9093297114626595,0.37716105580329895,0.0
95,-1.0,1,0,0.9084203817511969,0.37317490577697754,0.0
96,-1.0,1,0,0.9075119613694457,0.3771938979625702,0.0
97,0.0,2,1,0.9066044494080763,0.3804578632116318,0.004638671875
98,0.0,2,1,0.9056978449586682,0.36648547649383545,0.003173828125
99,-1.0,1,0,0.9047921471137096,0.3689268231391907,0.0
100,-1.0,1,0,0.9038873549665959,0.3654005527496338,0.0
101,-1.0,1,0,0.9029834676116293,0.3586863577365875,0.0
102,1.0,3,2,0.9020804841440176,0.3571549852689107,0.047607421875
103,0.9980015158653259,3,2,0.9011784036598737,0.3517207205295563,0.023681640625
104,-1.0,1,0,0.9002772252562138,0.35187965631484985,0.0
105,0.0,2,1,0.8993769480309576,0.344617560505867,0.0
106,-1.0,1,0,0.8984775710829266,0.3419896960258484,0.0
107,0.0,2,1,0.8975790935118436,0.3346329778432846,0.005615234375
108,-1.0,1,0,0.8966815144183318,0.3312373757362366,0.0
109,0.0,2,1,0.8957848329039134,0.3306879550218582,0.00390625
110,0.0,2,1,0.8948890480710096,0.3536716103553772,0.0
111,0.0,2,1,0.8939941590229386,0.35403087735176086,0.003662109375
112,0.0,2,1,0.8931001648639156,0.35077157616615295,0.0078125
113,-1.0,1,0,0.8922070646990518,0.3387240171432495,0.0
114,-1.0,1,0,0.8913148576343527,0.3384994864463806,0.0
115,-1.0,1,0,0.8904235427767183,0.3368203938007355,0.0
116,0.0,2,1,0.8895331192339416,0.33714263141155243,0.0009765625
117,-1.0,1,0,0.8886435861147077,0.3466659188270569,0.0
118,-1.0,1,0,0.887754942528593,0.32621681690216064,0.0
119,-1.0,1,0,0.8868671875860644,0.3310054540634155,0.0
120,-1.0,1,0,0.8859803203984784,0.315156489610672,0.0
121,0.9848493933677673,3,2,0.88509434007808,0.3205679953098297,0.008544921875
122,-1.0,1,0,0.8842092457380019,0.29391956329345703,0.0
123,-1.0,1,0,0.8833250364922639,0.3198416829109192,0.0
124,-1.0,1,0,0.8824417114557717,0.2981830835342407,0.0
125,-1.0,1,0,0.8815592697443159,0.3038642108440399,0.0
126,0.0,2,1,0.8806777104745716,0.3001180738210678,0.017822265625
127,-1.0,1,0,0.8797970327640969,0.27708035707473755,0.0
128,-1.0,1,0,0.8789172357313328,0.2975820004940033,0.0
129,-1.0,1,0,0.8780383184956015,0.2747043967247009,0.0
130,-1.0,1,0,0.8771602801771059,0.2732700705528259,0.0
131,-1.0,1,0,0.8762831198969288,0.29067254066467285,0.0
132,-1.0,1,0,0.8754068367770318,0.28951162099838257,0.0
133,0.0,2,1,0.8745314299402548,0.27392008900642395,0.006591796875
134,-1.0,1,0,0.8736568985103146,0.2783656418323517,0.0
135,-1.0,1,0,0.8727832416118043,0.2709299921989441,0.0
136,-1.0,1,0,0.8719104583701925,0.2845227122306824,0.0
137,-1.0,1,0,0.8710385479118223,0.2748989462852478,0.0
138,-1.0,1,0,0.8701675093639105,0.27243006229400635,0.0
139,-1.0,1,0,0.8692973418545467,0.2614993751049042,0.0
140,-1.0,1,0,0.8684280445126921,0.27087658643722534,0.0
141,-1.0,1,0,0.8675596164681794,0.24759042263031006,0.0
142,-1.0,1,0,0.8666920568517111,0.2539113759994507,0.0
143,-1.0,1,0,0.8658253647948594,0.26833295822143555,0.0
144,1.0,3,2,0.8649595394300645,0.2500798503557841,0.0283203125
145,-1.0,1,0,0.8640945798906344,0.23145663738250732,0.0
146,-1.0,1,0,0.8632304853107438,0.22184959053993225,0.0
147,-1.0,1,0,0.862367254825433,0.24380958080291748,0.0
148,-1.0,1,0,0.8615048875706075,0.21558839082717896,0.0
149,-1.0,1,0,0.8606433826830369,0.23192429542541504,0.0
150,-1.0,1,0,0.8597827393003539,0.2165500521659851,0.0
151,-1.0,1,0,0.8589229565610536,0.22317317128181458,0.0
152,5.0,7,6,0.8580640336044925,0.25793470442295074,0.0498046875
153,-1.0,1,0,0.857205969570888,0.2619999349117279,0.0
154,1.0,3,2,0.8563487636013172,0.23910999298095703,0.0625
155,-1.0,1,0,0.8554924148377159,0.2137046903371811,0.0
156,1.974257469177246,4,3,0.8546369224228781,0.22066887840628624,0.0078125
157,3.0,5,4,0.8537822855004553,0.22300750613212586,0.135498046875
158,1.0,3,2,0.8529285032149548,0.20959578454494476,0.019287109375
159,-1.0,1,0,0.8520755747117399,0.20881333947181702,0.0
160,-1.0,1,0,0.8512234991370281,0.222127303481102,0.0
161,-1.0,1,0,0.8503722756378911,0.19814708828926086,0.0
162,-1.0,1,0,0.8495219033622532,0.17260967195034027,0.0
163,0.0,2,1,0.8486723814588909,0.18271197378635406,0.004150390625
164,-1.0,1,0,0.847823709077432,0.18947523832321167,0.0
165,0.0,2,1,0.8469758853683546,0.16918054968118668,0.03271484375
166,-1.0,1,0,0.8461289094829862,0.1450655460357666,0.0
167,-1.0,1,0,0.8452827805735033,0.16741427779197693,0.0
168,-1.0,1,0,0.8444374977929298,0.16799095273017883,0.0
169,-1.0,1,0,0.8435930602951368,0.17381499707698822,0.0
170,-1.0,1,0,0.8427494672348417,0.1805848926305771,0.0
171,-1.0,1,0,0.8419067177676068,0.14323246479034424,0.0
172,-1.0,1,0,0.8410648110498392,0.15415556728839874,0.0
173,0.0,2,1,0.8402237462387894,0.15106817334890366,0.0
174,-1.0,1,0,0.8393835224925505,0.15978342294692993,0.0
175,-1.0,1,0,0.838544138970058,0.14523904025554657,0.0
176,-1.0,1,0,0.8377055948310879,0.165795236825943,0.0
177,-1.0,1,0,0.8368678892362568,0.1375373899936676,0.0
178,0.0,2,1,0.8360310213470206,0.1373506560921669,0.005859375
179,-1.0,1,0,0.8351949903256736,0.12436927109956741,0.0
180,-1.0,1,0,0.8343597953353479,0.1859760582447052,0.0
181,0.0,2,1,0.8335254355400126,0.20595784485340118,0.0205078125
182,-1.0,1,0,0.8326919101044725,0.22912150621414185,0.0
183,-1.0,1,0,0.831859218194368,0.19515162706375122,0.0
184,0.0,2,1,0.8310273589761736,0.15802374482154846,0.00439453125
185,0.0,2,1,0.8301963316171974,0.15513195097446442,0.003662109375
186,2.0,4,3,0.8293661352855802,0.15564435347914696,0.01220703125
187,0.0,2,1,0.8285367691502946,0.13934212923049927,0.0078125
188,-1.0,1,0,0.8277082323811443,0.11555621027946472,0.0
189,2.0,4,3,0.8268805241487632,0.14800339192152023,0.0087890625
190,-1.0,1,0,0.8260536436246144,0.1466408371925354,0.0
191,0.0,2,1,0.8252275899809898,0.13053090125322342,0.0
192,-1.0,1,0,0.8244023623910088,0.15248143672943115,0.0
193,-1.0,1,0,0.8235779600286178,0.12563002109527588,0.0
194,0.0,2,1,0.8227543820685892,0.14431467652320862,0.008056640625
195,-1.0,1,0,0.8219316276865206,0.1040169820189476,0.0
196,2.0,4,3,0.8211096960588341,0.11812137439846992,0.005615234375
197,-1.0,1,0,0.8202885863627752,0.15051376819610596,0.0
198,1.0,3,2,0.8194682977764125,0.09754484643538792,0.0087890625
199,0.0,2,1,0.818648829478636,0.11499250680208206,0.0
200,-1.0,1,0,0.8178301806491574,0.09645329415798187,0.0
201,0.0,2,1,0.8170123504685082,0.09408162534236908,0.002685546875
202,-1.0,1,0,0.8161953381180397,0.07491078972816467,0.0
203,-1.0,1,0,0.8153791427799216,0.0914277732372284,0.0
204,-1.0,1,0,0.8145637636371417,0.06428414583206177,0.0
205,0.0,2,1,0.8137491998735046,0.08254232630133629,0.0
206,-1.0,1,0,0.812935450673631,0.07361549884080887,0.0
207,1.0,3,2,0.8121225152229574,0.08600164453188579,0.0166015625
208,-1.0,1,0,0.8113103927077344,0.120072141289711,0.0
209,-1.0,1,0,0.8104990823150267,0.20585927367210388,0.0
210,0.0,2,1,0.8096885832327116,0.1376083418726921,0.000244140625
211,-1.0,1,0,0.8088788946494789,0.15900811553001404,0.0
212,-1.0,1,0,0.8080700157548294,0.10247762501239777,0.0
213,0.0,2,1,0.8072619457390746,0.1446230560541153,0.00439453125
214,1.0,3,2,0.8064546837933355,0.1682145098845164,0.017333984375
215,-1.0,1,0,0.8056482291095421,0.16179156303405762,0.0
216,-1.0,1,0,0.8048425808804326,0.16150227189064026,0.0
217,-1.0,1,0,0.8040377382995522,0.1338108628988266,0.0
218,-1.0,1,0,0.8032337005612527,0.07609337568283081,0.0
219,-1.0,1,0,0.8024304668606914,0.15421649813652039,0.0
220,-1.0,1,0,0.8016280363938307,0.10500030219554901,0.0
221,0.0,2,1,0.8008264083574369,0.11158532649278641,0.0
222,-1.0,1,0,0.8000255819490795,0.09050194919109344,0.0
223,-1.0,1,0,0.7992255563671304,0.14359845221042633,0.0
224,-1.0,1,0,0.7984263308107633,0.06186234951019287,0.0
225,0.0,2,1,0.7976279044799526,0.1044749841094017,0.0
226,-1.0,1,0,0.7968302765754727,0.08506864309310913,0.0
227,0.0,2,1,0.7960334462988972,0.0844280757009983,0.011474609375
228,0.0,2,1,0.7952374128525983,0.09630100429058075,0.00830078125
229,-1.0,1,0,0.7944421754397457,0.05129822716116905,0.0
230,-1.0,1,0,0.7936477332643059,0.05519649013876915,0.0
231,-1.0,1,0,0.7928540855310416,0.046988345682621,0.0
232,0.0,2,1,0.7920612314455105,0.07775823958218098,0.00634765625
233,-1.0,1,0,0.7912691702140651,0.06255749613046646,0.0
234,-1.0,1,0,0.790477901043851,0.047041382640600204,0.0
235,-1.0,1,0,0.7896874231428072,0.04765629768371582,0.0
236,-1.0,1,0,0.7888977357196644,0.05644553527235985,0.0
237,0.0,2,1,0.7881088379839447,0.053988900035619736,0.0
238,1.0,3,2,0.7873207291459607,0.056463455160458885,0.038818359375
239,-1.0,1,0,0.7865334084168147,0.04009507969021797,0.0
240,0.0,2,1,0.7857468750083979,0.04551483504474163,0.002197265625
241,-1.0,1,0,0.7849611281333895,0.044414859265089035,0.0
242,-1.0,1,0,0.784176167005256,0.04132237657904625,0.0
243,-1.0,1,0,0.7833919908382508,0.05469484627246857,0.0
244,-1.0,1,0,0.7826085988474126,0.07580812275409698,0.0
245,0.0,2,1,0.7818259902485653,0.16860654950141907,0.0
246,-1.0,1,0,0.7810441642583167,0.09696760773658752,0.0
247,-1.0,1,0,0.7802631200940584,0.12091507017612457,0.0
248,0.0,2,1,0.7794828569739644,0.1372765377163887,0.007568359375
249,0.0,2,1,0.7787033741169904,0.18459153920412064,0.009521484375
250,-1.0,1,0,0.7779246707428734,0.11004886776208878,0.0
251,0.0,2,1,0.7771467460721305,0.15211834013462067,0.0
252,-1.0,1,0,0.7763695993260584,0.10859966278076172,0.0
253,-1.0,1,0,0.7755932297267324,0.13441331684589386,0.0
254,-1.0,1,0,0.7748176364970056,0.152623251080513,0.0
255,-1.0,1,0,0.7740428188605086,0.06975837051868439,0.0
256,0.0,2,1,0.7732687760416481,0.10719017311930656,0.0
257,-1.0,1,0,0.7724955072656065,0.12999236583709717,0.0
258,2.0,4,3,0.7717230117583408,0.09709200263023376,0.02685546875
259,0.0,2,1,0.7709512887465825,0.0956730954349041,0.02685546875
260,1.0,3,2,0.7701803374578359,0.09220161785682042,0.02294921875
261,0.0,2,1,0.7694101571203781,0.06772186607122421,0.009521484375
262,-1.0,1,0,0.7686407469632577,0.07634404301643372,0.0
263,-1.0,1,0,0.7678721062162944,0.06840130686759949,0.0
264,-1.0,1,0,0.7671042341100781,0.05016699433326721,0.0
265,-1.0,1,0,0.766337129875968,0.054032884538173676,0.0
266,-1.0,1,0,0.7655707927460921,0.09367687255144119,0.0
267,-1.0,1,0,0.764805221953346,0.04850992560386658,0.0
268,-1.0,1,0,0.7640404167313927,0.04633631557226181,0.0
269,0.0,2,1,0.7632763763146613,0.04341273382306099,0.0
270,-1.0,1,0,0.7625130999383466,0.08045555651187897,0.0
271,-1.0,1,0,0.7617505868384082,0.04205217957496643,0.0
272,0.0,2,1,0.7609888362515699,0.03479842934757471,0.005126953125
273,0.0,2,1,0.7602278474153183,0.0757798720151186,0.0
274,-1.0,1,0,0.759467619567903,0.02161427028477192,0.0
275,-1.0,1,0,0.7587081519483351,0.07897457480430603,0.0
276,0.0,2,1,0.7579494437963867,0.05066807568073273,0.0029296875
277,2.0,4,3,0.7571914943525904,0.09358854405581951,0.005615234375
278,-1.0,1,0,0.7564343028582378,0.1761557161808014,0.0
279,-1.0,1,0,0.7556778685553796,0.11101900041103363,0.0
280,4.0,6,5,0.7549221906868242,0.14711816112200418,0.057373046875
281,0.0,2,1,0.7541672684961374,0.1206461563706398,0.02099609375
282,0.0,2,1,0.7534131012276413,0.12551534920930862,0.0
283,-1.0,1,0,0.7526596881264136,0.09246119856834412,0.0
284,-1.0,1,0,0.7519070284382872,0.06222572177648544,0.0
285,-1.0,1,0,0.7511551214098489,0.10928192734718323,0.0
286,-1.0,1,0,0.750403966288439,0.11750439554452896,0.0
287,0.0,2,1,0.7496535623221505,0.07324207574129105,0.0068359375
288,-1.0,1,0,0.7489039087598284,0.07434320449829102,0.0
289,-1.0,1,0,0.7481550048510686,0.06402606517076492,0.0
290,-1.0,1,0,0.7474068498462175,0.11037154495716095,0.0
291,0.0,2,1,0.7466594429963713,0.04800407215952873,0.0
292,-1.0,1,0,0.745912783553375,0.045444853603839874,0.0
293,-1.0,1,0,0.7451668707698216,0.10527470707893372,0.0
294,-1.0,1,0,0.7444217038990517,0.04728402569890022,0.0
295,-1.0,1,0,0.7436772821951526,0.04832553118467331,0.0
296,-1.0,1,0,0.7429336049129575,0.04353732615709305,0.0
297,-1.0,1,0,0.7421906713080445,0.08877712488174438,0.0
298,1.0,3,2,0.7414484806367364,0.0331203726430734,0.0185546875
299,-1.0,1,0,0.7407070321560997,0.03501111641526222,0.0
300,-1.0,1,0,0.7399663251239436,0.027904987335205078,0.0
301,1.0,3,2,0.7392263587988196,0.022647884984811146,0.026611328125
302,2.0,4,3,0.7384871324400207,0.04585641575977206,0.05126953125
303,-1.0,1,0,0.7377486453075807,0.0199810229241848,0.0
304,-1.0,1,0,0.737010896662273,0.012721952050924301,0.0
305,-1.0,1,0,0.7362738857656108,0.06600252538919449,0.0
306,-1.0,1,0,0.7355376118798452,0.01262267492711544,0.0
307,-1.0,1,0,0.7348020742679654,0.013585939072072506,0.0
308,-1.0,1,0,0.7340672721936974,0.011693441309034824,0.0
309,-1.0,1,0,0.7333332049215037,0.0627395510673523,0.0
310,-1.0,1,0,0.7325998717165821,0.0959780216217041,0.0
311,-1.0,1,0,0.7318672718448656,0.1347750723361969,0.0
312,0.0,2,1,0.7311354045730207,0.17916691303253174,0.0
313,1.0,3,2,0.7304042691684477,0.15345937510331473,0.007080078125
314,-1.0,1,0,0.7296738648992792,0.128878653049469,0.0
315,-1.0,1,0,0.7289441910343799,0.0959656834602356,0.0
316,-1.0,1,0,0.7282152468433455,0.08981327712535858,0.0
317,-1.0,1,0,0.7274870315965022,0.09788256883621216,0.0
318,-1.0,1,0,0.7267595445649057,0.08775696158409119,0.0
319,-1.0,1,0,0.7260327850203407,0.14979815483093262,0.0
320,0.0,2,1,0.7253067522353204,0.08945487439632416,0.0205078125
321,0.0,2,1,0.724581445483085,0.08592201769351959,0.0
322,-1.0,1,0,0.723856864037602,0.06834568083286285,0.0
323,-1.0,1,0,0.7231330071735643,0.13089723885059357,0.0
324,-1.0,1,0,0.7224098741663908,0.05905987322330475,0.0
325,-1.0,1,0,0.7216874642922244,0.05584760755300522,0.0
326,0.0,2,1,0.7209657768279322,0.10985800810158253,0.006591796875
327,1.0,3,2,0.7202448110511043,0.05480051971971989,0.027587890625
328,-1.0,1,0,0.7195245662400531,0.042426250874996185,0.0
329,-1.0,1,0,0.7188050416738131,0.07463616877794266,0.0
330,-1.0,1,0,0.7180862366321393,0.03620152175426483,0.0
331,-1.0,1,0,0.7173681503955072,0.09303504228591919,0.0
332,-1.0,1,0,0.7166507822451117,0.0882292166352272,0.0
333,1.0,3,2,0.7159341314628666,0.020185961077610653,0.013671875
334,0.0,2,1,0.7152181973314037,0.018690200522542,0.002685546875
335,0.0,2,1,0.7145029791340722,0.017544924281537533,0.005615234375
336,0.0,2,1,0.7137884761549381,0.012092889752238989,0.0078125
337,-1.0,1,0,0.7130746876787832,0.01140943355858326,0.0
338,-1.0,1,0,0.7123616129911045,0.01168033666908741,0.0
339,2.0,4,3,0.7116492513781133,0.009265199303627014,0.027587890625
340,-1.0,1,0,0.7109376021267352,0.06636694818735123,0.0
341,1.0,3,2,0.7102266645246085,0.024810056978215773,0.0
342,2.0,4,3,0.7095164378600839,0.12908105365931988,0.017578125
343,-1.0,1,0,0.7088069214222238,0.1449856460094452,0.0
344,-1.0,1,0,0.7080981145008015,0.12165004014968872,0.0
345,0.9764912128448486,3,2,0.7073900163863007,0.16823753466208777,0.014892578125
346,-1.0,1,0,0.7066826263699144,0.18225836753845215,0.0
347,-1.0,1,0,0.7059759437435444,0.09841252863407135,0.0
348,0.0,2,1,0.7052699677998009,0.0828327164053917,0.0048828125
349,-1.0,1,0,0.704564697832001,0.07751883566379547,0.0
350,0.0,2,1,0.7038601331341691,0.05750554800033569,0.003173828125
351,3.9168043732643127,6,5,0.7031562730010349,0.07402186281979084,0.023193359375
352,1.984207570552826,4,3,0.7024531167280339,0.05105896666646004,0.02001953125
353,-1.0,1,0,0.7017506636113059,0.018555227667093277,0.0
354,-1.0,1,0,0.7010489129476946,0.025445513427257538,0.0
355,0.0,2,1,0.7003478640347469,0.020270977169275284,0.02880859375
356,-1.0,1,0,0.6996475161707122,0.015261389315128326,0.0
357,-1.0,1,0,0.6989478686545415,0.014305759221315384,0.0
358,0.9219225645065308,3,2,0.698248920785887,0.009676957813402018,0.01611328125
359,1.0,3,2,0.6975506718651011,0.0070799970999360085,0.012939453125
360,-1.0,1,0,0.6968531211932361,0.07318801432847977,0.0
361,-1.0,1,0,0.6961562680720428,0.07276676595211029,0.0
362,-1.0,1,0,0.6954601118039707,0.0053832754492759705,0.0
363,-1.0,1,0,0.6947646516921667,0.0044638062827289104,0.0
364,0.0,2,1,0.6940698870404746,0.038083118852227926,0.010009765625
365,-1.0,1,0,0.6933758171534341,0.0020133103244006634,0.0
366,-1.0,1,0,0.6926824413362807,0.002021747175604105,0.0
367,-1.0,1,0,0.6919897588949444,0.07062362134456635,0.0
368,-1.0,1,0,0.6912977691360495,0.006096601951867342,0.0
369,2.9362794160842896,5,4,0.6906064713669134,0.12350077064475044,0.0048828125
370,0.0,2,1,0.6899158648955466,0.1352999433875084,0.00244140625
371,0.0,2,1,0.689225949030651,0.12952834740281105,0.0
372,-1.0,1,0,0.6885367230816204,0.08460775762796402,0.0
373,2.0,4,3,0.6878481863585387,0.11796607822179794,0.005615234375
374,-1.0,1,0,0.6871603381721801,0.07188799977302551,0.0
375,0.0,2,1,0.686473177834008,0.06368884444236755,0.0
376,-1.0,1,0,0.685786704656174,0.053041741251945496,0.0
377,0.0,2,1,0.6851009179515178,0.12885957211256027,0.0
378,0.0,2,1,0.6844158170335664,0.038312070071697235,0.0
379,0.0,2,1,0.6837314012165328,0.06759678013622761,0.00732421875
380,1.0,3,2,0.6830476698153162,0.021092064678668976,0.007080078125
381,-1.0,1,0,0.6823646221455009,0.09533777832984924,0.0
382,-1.0,1,0,0.6816822575233553,0.08857638388872147,0.0
383,-1.0,1,0,0.6810005752658319,0.01183173805475235,0.0
384,0.0,2,1,0.680319574690566,0.01080166781321168,0.004150390625
385,0.0,2,1,0.6796392551158754,0.004477640148252249,0.00244140625
386,-1.0,1,0,0.6789596158607596,0.006617629900574684,0.0
387,-1.0,1,0,0.6782806562448989,0.006251281592994928,0.0
388,-1.0,1,0,0.677602375588654,0.003025564830750227,0.0
389,-1.0,1,0,0.6769247732130653,0.002253703773021698,0.0
390,-1.0,1,0,0.6762478484398523,0.010427390225231647,0.0
391,1.0,3,2,0.6755716005914124,0.0035070934488127628,0.013916015625
392,0.0,2,1,0.674896028990821,0.00439763703616336,0.004638671875
393,2.0,4,3,0.6742211329618302,0.04169051234930521,0.024169921875
394,-1.0,1,0,0.6735469118288684,0.008679689839482307,0.0
395,1.0,3,2,0.6728733649170395,0.027911981858778745,0.0
396,-1.0,1,0,0.6722004915521225,0.14210593700408936,0.0
397,0.0,2,1,0.6715282910605703,0.14930669963359833,0.0
398,-1.0,1,0,0.6708567627695098,0.1449919492006302,0.0
399,0.0,2,1,0.6701859060067403,0.11021553725004196,0.015625
400,1.0,3,2,0.6695157201007336,0.10581892977158229,0.018310546875
401,0.0,2,1,0.6688462043806328,0.08280063048005104,0.009765625
402,3.0,5,4,0.6681773581762521,0.0925864651799202,0.010009765625
403,-1.0,1,0,0.6675091808180759,0.031238634139299393,0.0
404,-1.0,1,0,0.6668416716372578,0.039038948714733124,0.0
405,0.0,2,1,0.6661748299656206,0.08201720379292965,0.0
406,0.0,2,1,0.6655086551356549,0.07315266504883766,0.008544921875
407,0.0,2,1,0.6648431464805192,0.06360798887908459,0.0
408,-1.0,1,0,0.6641783033340387,0.026435496285557747,0.0
409,-1.0,1,0,0.6635141250307047,0.01127699390053749,0.0
410,-1.0,1,0,0.662850610905674,0.010038979351520538,0.0
411,0.0,2,1,0.6621877602947683,0.011499402113258839,0.005859375
412,0.0,2,1,0.6615255725344735,0.005434153252281249,0.002197265625
413,0.0,2,1,0.660864046961939,0.014048985205590725,0.02392578125
414,1.0,3,2,0.660203182914977,0.06541163771180436,0.030029296875
415,0.0,2,1,0.6595429797320621,0.050889985635876656,0.0
416,-1.0,1,0,0.6588834367523301,0.0003463229804765433,0.0
417,3.0,5,4,0.6582245533155777,0.024148225248791278,0.01953125
418,4.0,6,5,0.6575663287622622,0.020067066807920735,0.0478515625
419,0.0,2,1,0.6569087624334999,0.18272483348846436,0.0048828125
420,1.0,3,2,0.6562518536710664,0.1872729311386744,0.031494140625
421,2.0,4,3,0.6555956018173954,0.1500710491091013,0.023681640625
422,-1.0,1,0,0.654940006215578,0.10108725726604462,0.0
423,0.9670619964599609,3,2,0.6542850662093624,0.10918090492486954,0.067138671875
424,-1.0,1,0,0.6536307811431531,0.05646169185638428,0.0
425,-1.0,1,0,0.65297715036201,0.17410989105701447,0.0
426,0.0,2,1,0.6523241732116479,0.10757044702768326,0.0
427,0.0,2,1,0.6516718490384363,0.035359617322683334,0.0
428,0.0,2,1,0.6510201771893979,0.1301777083426714,0.0
429,0.0,2,1,0.6503691570122084,0.06829988956451416,0.010498046875
430,4.0,6,5,0.6497187878551962,0.05856647092150524,0.056884765625
431,-1.0,1,0,0.649069069067341,0.007995429448783398,0.0
432,-1.0,1,0,0.6484199999982736,0.008237836882472038,0.0
433,-1.0,1,0,0.6477715799982753,0.00110900797881186,0.0
434,-1.0,1,0,0.647123808418277,0.10480863600969315,0.0
435,0.0,2,1,0.6464766846098587,0.013425858167465776,0.016845703125
436,0.0,2,1,0.6458302079252489,0.0653601661324501,0.0
437,0.0,2,1,0.6451843777173236,0.1168719083070755,0.011962890625
438,-1.0,1,0,0.6445391933396063,0.016184886917471886,0.0
439,0.0,2,1,0.6438946541462667,0.06260027509415522,0.00146484375
440,-1.0,1,0,0.6432507594921204,0.009060978889465332,0.0
441,0.0,2,1,0.6426075087326283,0.013779956381767988,0.0
442,0.0,2,1,0.6419649012238956,0.01780828833580017,0.005859375
443,-1.0,1,0,0.6413229363226717,0.009352121502161026,0.0
444,-1.0,1,0,0.640681613386349,0.009118492715060711,0.0
445,1.0,3,2,0.6400409317729626,0.10734793761124213,0.036376953125
446,1.0,3,2,0.6394008908411897,0.14502697189648947,0.0
447,2.0,4,3,0.6387614899503485,0.10438322834670544,0.0205078125
448,-1.0,1,0,0.6381227284603982,0.10835063457489014,0.0
449,-1.0,1,0,0.6374846057319378,0.09277556836605072,0.0
450,2.0,4,3,0.6368471211262058,0.11325433570891619,0.009033203125
451,0.0,2,1,0.6362102740050796,0.044675761833786964,0.0
452,-1.0,1,0,0.6355740637310745,0.04351811483502388,0.0
453,1.0,3,2,0.6349384896673435,0.05481155961751938,0.01171875
454,-1.0,1,0,0.6343035511776761,0.011916596442461014,0.0
455,-1.0,1,0,0.6336692476264985,0.0055763693526387215,0.0
456,-1.0,1,0,0.6330355783788719,0.01198599487543106,0.0
457,-1.0,1,0,0.632402542800493,0.002304441761225462,0.0
458,0.0,2,1,0.6317701402576925,0.061055055004544556,0.002197265625
459,0.0,2,1,0.6311383701174348,0.005175384401809424,0.041259765625
460,3.0,5,4,0.6305072317473174,0.004513480712193996,0.02490234375
461,0.0,2,1,0.6298767245155701,0.006175899063237011,0.006103515625
462,-1.0,1,0,0.6292468477910546,0.022070910781621933,0.0
463,2.0,4,3,0.6286176009432635,0.06540346282417886,0.00732421875
464,-1.0,1,0,0.6279889833423202,0.1175784319639206,0.0
465,1.9907251000404358,4,3,0.6273609943589779,0.09962053783237934,0.00439453125
466,0.0,2,1,0.6267336333646188,0.006915492413099855,0.002197265625
467,4.0,6,5,0.6261068997312542,0.13813241136570772,0.046142578125
468,-1.0,1,0,0.6254807928315229,0.16271470487117767,0.0
469,2.872550368309021,5,4,0.6248553120386914,0.1982616275548935,0.025634765625
470,0.0,2,1,0.6242304567266527,0.14907319843769073,0.0
471,-1.0,1,0,0.623606226269926,0.07866242527961731,0.0
472,3.0,5,4,0.6229826200436561,0.06693030521273613,0.07275390625
473,-1.0,1,0,0.6223596374236124,0.016912637278437614,0.0
474,0.0,2,1,0.6217372777861888,0.020222514867782593,0.01513671875
475,3.0,5,4,0.6211155405084027,0.014775632694363595,0.028564453125
476,-1.0,1,0,0.6204944249678943,0.0019428282976150513,0.0
477,-1.0,1,0,0.6198739305429264,0.002093343762680888,0.0
478,-1.0,1,0,0.6192540566123834,0.012169290333986282,0.0
479,-1.0,1,0,0.6186348025557711,0.0003257222124375403,0.0
480,0.0,2,1,0.6180161677532153,0.007500243198592216,0.0
481,-1.0,1,0,0.6173981515854621,0.013107155449688435,0.0
482,-1.0,1,0,0.6167807534338766,0.0009676023037172854,0.0
483,-1.0,1,0,0.6161639726804428,0.0015138550661504269,0.0
484,1.0,3,2,0.6155478087077623,0.014123844914138317,0.011962890625
485,-1.0,1,0,0.6149322608990545,0.014973227865993977,0.0
486,0.0,2,1,0.6143173286381555,0.07785652112215757,0.014892578125
487,-1.0,1,0,0.6137030113095173,0.028669513761997223,0.0
488,-1.0,1,0,0.6130893082982078,0.0029269177466630936,0.0
489,-1.0,1,0,0.6124762189899097,0.028834674507379532,0.0
490,3.0,5,4,0.6118637427709198,0.01970799807459116,0.010986328125
491,-1.0,1,0,0.6112518790281489,0.013745928183197975,0.0
492,-1.0,1,0,0.6106406271491208,0.10582998394966125,0.0
493,0.0,2,1,0.6100299865219717,0.16359326243400574,0.007568359375
494,-1.0,1,0,0.6094199565354498,0.09821322560310364,0.0
495,-1.0,1,0,0.6088105365789144,0.095166876912117,0.0
496,0.0,2,1,0.6082017260423355,0.20685939490795135,0.007080078125
497,0.0,2,1,0.6075935243162931,0.11409421637654305,0.004150390625
498,0.0,2,1,0.6069859307919768,0.08071434125304222,0.015380859375
499,1.0,3,2,0.6063789448611848,0.0790608103076617,0.041015625
500,-1.0,1,0,0.6057725659163237,0.05862494558095932,0.0
501,-1.0,1,0,0.6051667933504074,0.06351082026958466,0.0
502,-1.0,1,0,0.6045616265570569,0.038562409579753876,0.0
503,-1.0,1,0,0.6039570649304998,0.03509536385536194,0.0
504,2.9736087918281555,5,4,0.6033531078655693,0.09568047747015954,0.030517578125
505,0.0,2,1,0.6027497547577038,0.02958087297156453,0.0048828125
506,-1.0,1,0,0.602147005002946,0.013965698890388012,0.0
507,0.0,2,1,0.6015448579979431,0.0781949239608366,0.0078125
508,-1.0,1,0,0.6009433131399452,0.019073937088251114,0.0
509,-1.0,1,0,0.6003423698268052,0.014744455926120281,0.0
510,1.0,3,2,0.5997420274569785,0.012118986924178898,0.01708984375
511,2.975823998451233,5,4,0.5991422854295215,0.03593352132011205,0.0224609375
512,-1.0,1,0,0.598543143144092,0.031405240297317505,0.0
513,2.9858267307281494,5,4,0.5979446000009478,0.020716583589091897,0.008056640625
514,-1.0,1,0,0.5973466554009469,0.022494733333587646,0.0
515,-1.0,1,0,0.596749308745546,0.028961993753910065,0.0
516,-1.0,1,0,0.5961525594368005,0.004303381312638521,0.0
517,-1.0,1,0,0.5955564068773637,0.01670580916106701,0.0
518,1.0,3,2,0.5949608504704863,0.05614370802262177,0.007568359375
519,0.0,2,1,0.5943658896200158,0.15007472783327103,0.01123046875
520,-1.0,1,0,0.5937715237303958,0.1480576992034912,0.0
521,-1.0,1,0,0.5931777522066654,0.2945210039615631,0.0
522,1.0,3,2,0.5925845744544587,0.09743458032608032,0.013916015625
523,-1.0,1,0,0.5919919898800042,0.08547691255807877,0.0
524,1.0,3,2,0.5913999978901242,0.14070424934228262,0.00146484375
525,-1.0,1,0,0.590808597892234,0.048192862421274185,0.0
526,-1.0,1,0,0.5902177892943418,0.20284265279769897,0.0
527,-1.0,1,0,0.5896275715050474,0.027115564793348312,0.0
528,-1.0,1,0,0.5890379439335424,0.034069787710905075,0.0
529,-1.0,1,0,0.5884489059896089,0.02812686190009117,0.0
530,-1.0,1,0,0.5878604570836192,0.028308536857366562,0.0
531,0.0,2,1,0.5872725966265356,0.013537237886339426,0.0
532,0.0,2,1,0.5866853240299091,0.019798751920461655,0.005615234375
533,1.0,3,2,0.5860986387058792,0.014343997288960963,0.0
534,-1.0,1,0,0.5855125400671733,0.021181732416152954,0.0
535,0.0,2,1,0.5849270275271061,0.016220075893215835,0.0
536,-1.0,1,0,0.584342100499579,0.016575034707784653,0.0
537,0.0,2,1,0.5837577583990794,0.0015856695245020092,0.00537109375
538,-1.0,1,0,0.5831740006406804,0.2083609700202942,0.0
539,0.0,2,1,0.5825908266400397,0.011306870961561799,0.009521484375
540,-1.0,1,0,0.5820082358133997,0.03301694989204407,0.0
541,0.0,2,1,0.5814262275775862,0.0328015573322773,0.009765625
542,1.0,3,2,0.5808448013500086,0.1415713056921959,0.014404296875
543,2.0,4,3,0.5802639565486586,0.006184503203257918,0.010009765625
544,0.0,2,1,0.57968369259211,0.10726961214095354,0.004150390625
545,0.0,2,1,0.5791040088995179,0.0007893086294643581,0.004638671875
546,0.0,2,1,0.5785249048906184,0.0006605995004065335,0.0078125
547,-1.0,1,0,0.5779463799857277,0.3589802384376526,0.0
548,-1.0,1,0,0.577368433605742,0.12215740978717804,0.0
549,0.0,2,1,0.5767910651721362,0.14600742608308792,0.001708984375
550,0.0,2,1,0.576214274106964,0.12830712646245956,0.0029296875
551,0.0,2,1,0.5756380598328571,0.10143302008509636,0.01416015625
552,1.0,3,2,0.5750624217730242,0.0724031925201416,0.015380859375
553,1.0,3,2,0.5744873593512512,0.04576857636372248,0.01513671875
554,0.9871799945831299,3,2,0.5739128719918999,0.04236286754409472,0.01611328125
555,-1.0,1,0,0.573338959119908,0.02017103135585785,0.0
556,-1.0,1,0,0.572765620160788,0.007505442015826702,0.0
557,-1.0,1,0,0.5721928545406272,0.028698617592453957,0.0
558,-1.0,1,0,0.5716206616860866,0.016371963545680046,0.0
559,-1.0,1,0,0.5710490410244006,0.0014173421077430248,0.0
560,5.0,7,6,0.5704779919833761,0.04536199373459177,0.0302734375
561,-1.0,1,0,0.5699075139913927,0.004229024518281221,0.0
562,-1.0,1,0,0.5693376064774013,0.025216881185770035,0.0
563,0.0,2,1,0.5687682688709239,0.03585884440690279,0.0
564,2.0,4,3,0.5681995006020529,0.011604164494201541,0.02099609375
565,1.0,3,2,0.5676313011014509,0.01421767775900662,0.01806640625
566,1.0,3,2,0.5670636698003494,0.06815674590567748,0.013427734375
567,2.0,4,3,0.5664966061305491,0.012636012965231203,0.0078125
568,-1.0,1,0,0.5659301095244186,0.18503598868846893,0.0
569,1.9803948998451233,4,3,0.5653641794148941,0.11962402984499931,0.01123046875
570,0.0,2,1,0.5647988152354793,0.11336790025234222,0.0
571,1.0,3,2,0.5642340164202437,0.11788287510474522,0.018798828125
572,0.0,2,1,0.5636697824038235,0.10045745596289635,0.00634765625
573,0.0,2,1,0.5631061126214196,0.1528741829097271,0.000732421875
574,2.0,4,3,0.5625430065087982,0.09600384859368205,0.015380859375
575,0.0,2,1,0.5619804635022894,0.028147432021796703,0.010498046875
576,-1.0,1,0,0.561418483038787,0.03243646398186684,0.0
577,0.992172360420227,3,2,0.5608570645557482,0.012738354736939073,0.005859375
578,0.997063159942627,3,2,0.5602962074911925,0.08199319705211867,0.00390625
579,-1.0,1,0,0.5597359112837013,0.245238795876503,0.0
580,-1.0,1,0,0.5591761753724176,0.0686742514371872,0.0
581,-1.0,1,0,0.5586169991970452,0.05157069116830826,0.0
582,-1.0,1,0,0.5580583821978482,0.010740244761109352,0.0
583,-1.0,1,0,0.5575003238156504,0.037743836641311646,0.0
584,-1.0,1,0,0.5569428234918348,0.05285903811454773,0.0
585,0.0,2,1,0.5563858806683429,0.01914221327751875,0.0
586,0.0,2,1,0.5558294947876746,0.028661178424954414,0.007080078125
587,-1.0,1,0,0.5552736652928869,0.0187844131141901,0.0
588,0.0,2,1,0.5547183916275941,0.011187602765858173,0.010009765625
589,2.0,4,3,0.5541636732359665,0.006554413208505139,0.01708984375
590,1.9863919019699097,4,3,0.5536095095627305,0.029766554769594222,0.002197265625
591,-1.0,1,0,0.5530559000531677,0.22826756536960602,0.0
592,0.0,2,1,0.5525028441531146,0.04079507105052471,0.02734375
593,0.9870941042900085,3,2,0.5519503413089615,0.06405671922645222,0.022705078125
594,0.0,2,1,0.5513983909676525,0.1327306032180786,0.00927734375
595,0.0,2,1,0.5508469925766849,0.14374585449695587,0.002197265625
596,1.0,3,2,0.5502961455841082,0.16969898343086243,0.00341796875
597,1.0,3,2,0.5497458494385241,0.16570444901784262,0.0
598,1.0,3,2,0.5491961035890855,0.16776051993171373,0.00439453125
599,0.0,2,1,0.5486469074854965,0.03999042138457298,0.00439453125
600,0.0,2,1,0.548098260578011,0.031026276759803295,0.010986328125
601,1.0,3,2,0.547550162317433,0.01844159948329131,0.0
602,-1.0,1,0,0.5470026121551156,0.0007158074877224863,0.0
603,1.0,3,2,0.5464556095429605,0.019987544665733974,0.017822265625
604,0.0,2,1,0.5459091539334175,0.019788644276559353,0.00390625
605,-1.0,1,0,0.5453632447794842,0.003660807618871331,0.0
606,-1.0,1,0,0.5448178815347047,0.02120436169207096,0.0
607,-1.0,1,0,0.54427306365317,0.07307355850934982,0.0
608,1.9930847883224487,4,3,0.5437287905895168,0.06660551438108087,0.014892578125
609,1.0,3,2,0.5431850617989273,0.07368582300841808,0.014404296875
610,0.0,2,1,0.5426418767371284,0.00253154500387609,0.0
611,5.989860832691193,8,7,0.5420992348603912,0.04440985375549644,0.041748046875
612,0.0,2,1,0.5415571356255309,0.09666037611896172,0.04345703125
613,1.9793612957000732,4,3,0.5410155784899053,0.1681413995102048,0.1103515625
614,3.952708601951599,6,5,0.5404745629114154,0.11430374657114346,0.03955078125
615,0.0,2,1,0.539934088348504,0.06112007237970829,0.0029296875
616,-1.0,1,0,0.5393941542601555,0.056432779878377914,0.0
617,0.0,2,1,0.5388547601058953,0.04930631443858147,0.001708984375
618,-1.0,1,0,0.5383159053457894,0.035762395709753036,0.0
619,-1.0,1,0,0.5377775894404436,0.015146818943321705,0.0
620,-1.0,1,0,0.5372398118510032,0.006110062822699547,0.0
621,0.0,2,1,0.5367025720391522,0.013037050375714898,0.0
622,-1.0,1,0,0.536165869467113,0.045886024832725525,0.0
623,-1.0,1,0,0.5356297035976458,0.032628148794174194,0.0
624,4.9678202867507935,7,6,0.5350940738940482,0.11157314346304961,0.021240234375
625,-1.0,1,0,0.5345589798201541,0.023782998323440552,0.0
626,1.0,3,2,0.534024420840334,0.03549510488907496,0.00927734375
627,0.0,2,1,0.5334903964194936,0.12222131248563528,0.0
628,-1.0,1,0,0.5329569060230741,0.002999117597937584,0.0
629,-1.0,1,0,0.532423949117051,0.017708446830511093,0.0
630,7.6106550097465515,10,9,0.531891525167934,0.06560065796365962,0.1923828125
631,0.0,2,1,0.5313596336427661,0.020965372561477125,0.017822265625
632,0.0,2,1,0.5308282740091232,0.24573954194784164,0.00830078125
633,-1.0,1,0,0.5302974457351142,0.10781673341989517,0.0
634,4.0,6,5,0.5297671482893791,0.18216871842741966,0.075927734375
635,-1.0,1,0,0.5292373811410898,0.10174881666898727,0.0
636,0.0,2,1,0.5287081437599487,0.08491514250636101,0.0
637,0.0,2,1,0.5281794356161887,0.058642033487558365,0.0
638,-1.0,1,0,0.5276512561805725,0.03483796864748001,0.0
639,-1.0,1,0,0.5271236049243919,0.012236101552844048,0.0
640,4.924482762813568,7,6,0.5265964813194676,0.06660977712765868,0.01953125
641,0.0,2,1,0.5260698848381481,0.13095288560725749,0.0087890625
642,-1.0,1,0,0.5255438149533099,0.03564753383398056,0.0
643,-1.0,1,0,0.5250182711383566,0.23812933266162872,0.0
644,0.0,2,1,0.5244932528672183,0.14077330008149147,0.005126953125
645,-1.0,1,0,0.5239687596143511,0.09760584682226181,0.0
646,0.0,2,1,0.5234447908547367,0.06093352474272251,0.0146484375
647,3.0,5,4,0.522921346063882,0.06578290313482285,0.046630859375
648,2.0,4,3,0.522398424717818,0.040946454741060734,0.009765625
649,-1.0,1,0,0.5218760262931003,0.0006967741064727306,0.0
650,-1.0,1,0,0.5213541502668072,0.03302585706114769,0.0
651,0.0,2,1,0.5208327961165404,0.028810322284698486,0.0
652,1.0,3,2,0.5203119633204238,0.015817678533494473,0.023681640625
653,5.0,7,6,0.5197916513571034,0.10066352019618664,0.044677734375
654,-1.0,1,0,0.5192718597057463,0.09109184890985489,0.0
655,-1.0,1,0,0.5187525878460405,0.37742549180984497,0.0
656,-1.0,1,0,0.5182338352581944,0.09855591505765915,0.0
657,-1.0,1,0,0.5177156014229363,0.0754954069852829,0.0
658,-1.0,1,0,0.5171978858215134,0.09702623635530472,0.0
659,1.0,3,2,0.5166806879356919,0.08803319434324901,0.01220703125
660,5.937040686607361,8,7,0.5161640072477562,0.01994095795089379,0.033935546875
661,-1.0,1,0,0.5156478432405085,0.029276181012392044,0.0
662,3.990328550338745,6,5,0.515132195397268,0.022350734410186607,0.04541015625
663,2.0,4,3,0.5146170632018707,0.04127850290387869,0.037109375
664,0.0,2,1,0.5141024461386688,0.26174552738666534,0.004638671875
665,1.0,3,2,0.5135883436925301,0.04058515497793754,0.018310546875
666,-1.0,1,0,0.5130747553488376,0.017603542655706406,0.0
667,-1.0,1,0,0.5125616805934888,0.018217582255601883,0.0
668,0.0,2,1,0.5120491189128954,0.1450757309794426,0.0
669,-1.0,1,0,0.5115370697939825,0.02190598100423813,0.0
670,-1.0,1,0,0.5110255327241885,0.026513902470469475,0.0
671,1.996071696281433,4,3,0.5105145071914643,0.028316254494711757,0.007568359375
672,1.0,3,2,0.5100039926842729,0.01863061322364956,0.025390625
673,1.0,3,2,0.5094939886915886,0.137410594150424,0.00244140625
674,-1.0,1,0,0.508984494702897,0.15494753420352936,0.0
675,2.0,4,3,0.508475510208194,0.19049814902245998,0.00439453125
676,-1.0,1,0,0.5079670346979859,0.09836965799331665,0.0
677,-1.0,1,0,0.5074590676632879,0.07458879053592682,0.0
678,1.0,3,2,0.5069516085956246,0.12399567166964214,0.007568359375
679,0.0,2,1,0.506444656987029,0.03340604156255722,0.010009765625
680,0.0,2,1,0.505938212330042,0.03663538955152035,0.0
681,0.9760074615478516,3,2,0.505432274117712,0.11721306542555492,0.014892578125
682,0.0,2,1,0.5049268418435943,0.023567342199385166,0.005126953125
683,-1.0,1,0,0.5044219150017507,0.3228928744792938,0.0
684,0.0,2,1,0.5039174930867489,0.03741259314119816,0.0
685,-1.0,1,0,0.5034135755936622,0.039170779287815094,0.0
686,9.58354777097702,12,11,0.5029101620180685,0.05621459141063193,0.07470703125
687,3.0,5,4,0.5024072518560504,0.1116748183965683,0.023681640625
688,2.9575079679489136,5,4,0.5019048446041944,0.07294324859976768,0.0087890625
689,2.0,4,3,0.5014029397595902,0.13667608238756657,0.0
690,0.0,2,1,0.5009015368198305,0.1947897970676422,0.0
691,-1.0,1,0,0.5004006352830107,0.3955032229423523,0.0
692,-1.0,1,0,0.4999002346477277,0.11729791760444641,0.0
693,1.0,3,2,0.49940033441307996,0.09581682582696278,0.02001953125
694,-1.0,1,0,0.49890093407866687,0.08500437438488007,0.0
695,-1.0,1,0,0.4984020331445882,0.3234473466873169,0.0
696,0.0,2,1,0.4979036311114436,0.04626787360757589,0.002197265625
697,9.92262178659439,12,11,0.4974057274803321,0.1803284833828608,0.069580078125
698,2.0,4,3,0.49690832175285177,0.13691862858831882,0.016357421875
699,5.935356020927429,8,7,0.4964114134310989,0.04040687496308237,0.025634765625
700,-1.0,1,0,0.4959150020176678,0.0014522337587550282,0.0
701,0.0,2,1,0.49541908701565013,0.030139610171318054,0.014404296875
702,-1.0,1,0,0.49492366792863446,0.028544897213578224,0.0
703,0.0,2,1,0.4944287442607058,0.14259663969278336,0.0595703125
704,-1.0,1,0,0.4939343155164451,0.03018921986222267,0.0
705,2.0,4,3,0.4934403812009287,0.14181596273556352,0.071533203125
706,5.0,7,6,0.4929469408197278,0.09891132132283278,0.018798828125
707,-1.0,1,0,0.49245399387890804,0.6430111527442932,0.0
708,0.0,2,1,0.4919615398850291,0.1267586648464203,0.005859375
709,3.932517409324646,6,5,0.4914695783451441,0.15816825131575266,0.072998046875
710,0.0,2,1,0.4909781087667989,0.15687371231615543,0.003173828125
711,-1.0,1,0,0.4904871306580321,0.021419811993837357,0.0
712,1.0,3,2,0.4899966435273741,0.10284323710948229,0.017333984375
713,0.0,2,1,0.4895066468838467,0.06711952202022076,0.02294921875
714,0.0,2,1,0.48901714023696286,0.036657921969890594,0.0
715,1.0,3,2,0.4885281230967259,0.052363416800896324,0.021484375
716,-1.0,1,0,0.48803959497362914,0.005570265464484692,0.0
717,0.0,2,1,0.4875515553786555,0.025557804852724075,0.0078125
718,1.0,3,2,0.48706400382327686,0.22940221056342125,0.02392578125
719,0.0,2,1,0.4865769398194536,0.019907702691853046,0.0
720,3.0,5,4,0.48609036287963414,0.04782900847494602,0.002197265625
721,-1.0,1,0,0.48560427251675453,0.019601058214902878,0.0
722,1.0,3,2,0.48511866824423777,0.10156413385023673,0.00390625
723,0.0,2,1,0.4846335495759935,0.033758724108338356,0.025634765625
724,10.757327377796173,13,12,0.4841489160264175,0.11576899893295306,0.045166015625
725,1.0,3,2,0.4836647671103911,0.1408210669954618,0.01123046875
726,1.0,3,2,0.4831811023432807,0.019311370328068733,0.0107421875
727,6.939790070056915,9,8,0.4826979212409374,0.1035962128597829,0.11181640625
728,2.0,4,3,0.48221522331969646,0.1063916957937181,0.025146484375
729,-1.0,1,0,0.48173300809637676,0.33504799008369446,0.0
730,-1.0,1,0,0.48125127508828036,0.011402410455048084,0.0
731,-1.0,1,0,0.48077002381319206,0.31150051951408386,0.0
732,-1.0,1,0,0.48028925378937887,0.016226690262556076,0.0
733,0.0,2,1,0.47980896453558947,0.02339002350345254,0.00244140625
734,-1.0,1,0,0.4793291555710539,0.27835920453071594,0.0
735,3.0,5,4,0.47884982641548285,0.198963063955307,0.0576171875
736,-1.0,1,0,0.47837097658906735,0.07620391994714737,0.0
737,0.0,2,1,0.47789260561247826,0.03538751322776079,0.0
738,4.0,6,5,0.4774147130068658,0.06682155234739184,0.084716796875
739,1.9390711784362793,4,3,0.4769372982938589,0.3577285325154662,0.0078125
740,-1.0,1,0,0.47646036099556505,0.13189846277236938,0.0
741,-1.0,1,0,0.47598390063456947,0.13960236310958862,0.0
742,3.0,5,4,0.4755079167339349,0.27859111726284025,0.068359375
743,3.9891290068626404,6,5,0.47503240881720094,0.17109934411322078,0.01806640625
744,-1.0,1,0,0.47455737640838375,0.2991849482059479,0.0
745,-1.0,1,0,0.47408281903197536,0.3109552562236786,0.0
746,1.0,3,2,0.47360873621294336,0.04669070368011793,0.009033203125
747,4.0,6,5,0.4731351274767304,0.16148921544663608,0.0556640625
748,3.9564714431762695,6,5,0.4726619923492537,0.06978008500300348,0.016357421875
749,0.0,2,1,0.47218933035690447,0.04012130107730627,0.007568359375
750,3.9799603819847107,6,5,0.47171714102654755,0.13659090362489223,0.083740234375
751,0.0,2,1,0.471245423885521,0.016189598478376865,0.0
752,2.0,4,3,0.47077417846163544,0.1850606065709144,0.01025390625
753,-1.0,1,0,0.4703034042831738,0.30434420704841614,0.0
754,5.0,7,6,0.46983310087889063,0.12250674875187022,0.05859375
755,0.0,2,1,0.46936326777801174,0.11263269558548927,0.013671875
756,-1.0,1,0,0.4688939045102337,0.08829870820045471,0.0
757,-1.0,1,0,0.4684250106057235,0.36595600843429565,0.0
758,1.9588599801063538,4,3,0.46795658559511777,0.12457956839352846,0.000732421875
759,0.0,2,1,0.46748862900952265,0.16272980719804764,0.035400390625
760,-1.0,1,0,0.4670211403805131,0.007832554168999195,0.0
761,3.9959999322891235,6,5,0.4665541192401326,0.3783556077008446,0.02880859375
762,-1.0,1,0,0.4660875651208925,0.07143183052539825,0.0
763,0.0,2,1,0.4656214775557716,0.3184134066104889,0.009521484375
764,-1.0,1,0,0.46515585607821586,0.031870920211076736,0.0
765,1.0,3,2,0.46469070022213765,0.17386974828938642,0.005615234375
766,0.0,2,1,0.4642260095219155,0.23035645484924316,0.0029296875
767,0.0,2,1,0.4637617835123936,0.016910287085920572,0.00830078125
768,-1.0,1,0,0.46329802172888124,0.006845202296972275,0.0
769,6.996303141117096,9,8,0.46283472370715234,0.08926419768896368,0.0771484375
770,-1.0,1,0,0.46237188898344517,0.024366967380046844,0.0
771,0.0,2,1,0.4619095170944617,0.1877739578485489,0.0
772,0.0,2,1,0.46144760757736725,0.007109872531145811,0.002197265625
773,0.0,2,1,0.46098615996978987,0.15585807990282774,0.0078125
774,1.0,3,2,0.46052517380982005,0.14759589110811552,0.023193359375
775,2.0,4,3,0.4600646486360102,0.44639386236667633,0.012451171875
776,0.0,2,1,0.4596045839873742,0.3670566529035568,0.011474609375
777,-1.0,1,0,0.45914497940338683,0.656876802444458,0.0
778,-1.0,1,0,0.4586858344239834,0.35253530740737915,0.0
779,1.0,3,2,0.45822714858955943,0.1772824339568615,0.007080078125
780,-1.0,1,0,0.45776892144096987,0.3255547881126404,0.0
781,4.0,6,5,0.4573111525195289,0.11768046083549659,0.027099609375
782,1.0,3,2,0.4568538413670094,0.03367766955246528,0.014892578125
783,0.9956076145172119,3,2,0.4563969875256424,0.1522374382863442,0.001708984375
784,2.0,4,3,0.45594059053811675,0.1993225086480379,0.071533203125
785,0.0,2,1,0.45548464994757865,0.16993950586766005,0.02294921875
786,1.0,3,2,0.45502916529763104,0.1262083676410839,0.0
787,-1.0,1,0,0.45457413613233344,0.01366250030696392,0.0
788,-1.0,1,0,0.4541195619962011,0.006286410614848137,0.0
789,0.0,2,1,0.4536654424342049,0.32151708006858826,0.027099609375
790,-1.0,1,0,0.45321177699177073,0.01739639788866043,0.0
791,-1.0,1,0,0.452758565214779,0.06013168767094612,0.0
792,1.0,3,2,0.4523058066495642,0.21883608090380827,0.025390625
793,-1.0,1,0,0.45185350084291465,0.3183823525905609,0.0
794,1.0,3,2,0.4514016473420717,0.13042079284787178,0.021240234375
795,1.9511311650276184,4,3,0.45095024569472963,0.130250777117908,0.02197265625
796,1.0,3,2,0.4504992954490349,0.10911337534586589,0.02197265625
797,-1.0,1,0,0.45004879615358584,0.08308413624763489,0.0
798,2.0,4,3,0.44959874735743227,0.04251302219927311,0.05078125
799,0.0,2,1,0.4491491486100748,0.02083235466852784,0.019775390625
800,-1.0,1,0,0.44869999946146477,0.007505045272409916,0.0
801,4.0,6,5,0.4482512994620033,0.18460055238877734,0.099853515625
802,0.0,2,1,0.4478030481625413,0.015585389453917742,0.0
803,0.0,2,1,0.44735524511437874,0.019181358627974987,0.01318359375
804,-1.0,1,0,0.4469078898692644,0.01461520604789257,0.0
805,2.0,4,3,0.4464609819793951,0.17675185156986117,0.023193359375
806,0.0,2,1,0.44601452099741573,0.36138518154621124,0.00830078125
807,-1.0,1,0,0.4455685064764183,0.006536353379487991,0.0
808,-1.0,1,0,0.4451229379699419,0.01733778789639473,0.0
809,-1.0,1,0,0.44467781503197196,0.13905641436576843,0.0
810,4.688183069229126,7,6,0.44423313721693997,0.11534432308482272,0.048828125
811,0.0,2,1,0.44378890407972305,0.04117306228727102,0.03466796875
812,-1.0,1,0,0.44334511517564335,0.007702172268182039,0.0
813,1.0,3,2,0.4429017700604677,0.13693991613884768,0.001953125
814,0.0,2,1,0.44245886829040726,0.1944171991199255,0.002197265625
815,-1.0,1,0,0.44201640942211684,0.33503153920173645,0.0
816,1.9762678146362305,4,3,0.44157439301269474,0.07338571175932884,0.018310546875
817,1.995100498199463,4,3,0.44113281861968207,0.25998770631849766,0.005859375
818,-1.0,1,0,0.4406916858010624,0.05290541425347328,0.0
819,0.0,2,1,0.4402509941152613,0.02765458170324564,0.010498046875
820,2.0,4,3,0.43981074312114604,0.0448889727704227,0.142333984375
821,-1.0,1,0,0.4393709323780249,0.007676966488361359,0.0
822,-1.0,1,0,0.4389315614456469,0.7282133102416992,0.0
823,2.0,4,3,0.43849262988420123,0.11314713151659817,0.020263671875
824,1.0,3,2,0.438054137254317,0.05209056039651235,0.003173828125
825,-1.0,1,0,0.4376160831170627,0.021001916378736496,0.0
826,-1.0,1,0,0.43717846703394564,0.34307861328125,0.0
827,5.0,7,6,0.4367412885669117,0.106122768484056,0.02392578125
828,1.0,3,2,0.4363045472783448,0.1395929716527462,0.018798828125
829,2.0,4,3,0.43586824273106645,0.011463216505944729,0.029296875
830,0.0,2,1,0.4354323744883354,0.029463823419064283,0.004638671875
831,0.0,2,1,0.43499694211384704,0.044475081376731396,0.041015625
832,3.9829651713371277,6,5,0.4345619451717332,0.011755074607208371,0.033935546875
833,-1.0,1,0,0.43412738322656147,0.013725955039262772,0.0
834,3.0,5,4,0.4336932558433349,0.1579599330201745,0.02978515625
835,0.0,2,1,0.43325956258749154,0.1089947521686554,0.0
836,0.0,2,1,0.43282630302490405,0.05149015784263611,0.0
837,0.0,2,1,0.43239347672187917,0.043403453193604946,0.0
838,0.0,2,1,0.4319610832451573,0.007400248432531953,0.0
839,0.0,2,1,0.43152912216191214,0.17773568956181407,0.004150390625
840,6.741832077503204,9,8,0.4310975930397502,0.14931537148853144,0.098388671875
841,0.9975568056106567,3,2,0.43066649544671043,0.013570927704373995,0.001953125
842,4.940706133842468,7,6,0.4302358289512637,0.15295457153115422,0.028564453125
843,-1.0,1,0,0.4298055931223125,0.6888706088066101,0.0
844,3.84562486410141,6,5,0.42937578752919014,0.09098357311449945,0.025634765625
845,4.979419648647308,7,6,0.4289464117416609,0.2063846055285207,0.041015625
846,0.0,2,1,0.42851746532991924,0.5551587492227554,0.00244140625
847,3.0,5,4,0.42808894786458934,0.30664931088685987,0.029052734375
848,3.0,5,4,0.42766085891672473,0.32374464757740495,0.067138671875
849,0.0,2,1,0.427233198057808,0.010064784903079271,0.001953125
850,-1.0,1,0,0.4268059648597502,0.35172101855278015,0.0
851,2.0,4,3,0.4263791588948904,0.019945350708439946,0.011962890625
852,2.974663019180298,5,4,0.42595277973599555,0.37140321619808675,0.0107421875
853,3.0,5,4,0.42552682695625954,0.1582514401525259,0.047607421875
854,-1.0,1,0,0.4251013001293033,0.36890244483947754,0.0
855,2.0,4,3,0.424676198829174,0.19504318659892306,0.017822265625
856,1.0,3,2,0.4242515226303448,0.12494279630482197,0.013427734375
857,1.0,3,2,0.42382727110771445,0.26502397128691274,0.017822265625
858,-1.0,1,0,0.4234034438366067,0.005008276551961899,0.0
859,2.0,4,3,0.4229800403927701,0.2927497918717563,0.005126953125
860,-1.0,1,0,0.42255706035237733,0.35304519534111023,0.0
861,0.0,2,1,0.42213450329202495,0.038106439635157585,0.0
862,1.0,3,2,0.4217123687887329,0.24556336676081023,0.0166015625
863,2.0,4,3,0.4212906564199442,0.3487723786383867,0.01806640625
864,6.772345066070557,9,8,0.42086936576352424,0.24565682891342375,0.04833984375
865,2.0,4,3,0.4204484963977607,0.012842686614021659,0.12255859375
866,-1.0,1,0,0.42002804790136294,0.08202552795410156,0.0
867,-1.0,1,0,0.4196080198534616,0.4374246299266815,0.0
868,2.977981686592102,5,4,0.4191884118336081,0.25690648704767227,0.01318359375
869,3.0,5,4,0.41876922342177453,0.1709115829318762,0.0302734375
870,14.773351788520813,17,16,0.41835045419835276,0.11835593743907179,0.083740234375
871,2.9907612204551697,5,4,0.4179321037441544,0.44813948273658755,0.072509765625
872,2.991364300251007,5,4,0.41751417164041027,0.26672223061323164,0.0439453125
873,0.0,2,1,0.41709665746876984,0.09983242303133011,0.028076171875
874,0.0,2,1,0.4166795608113011,0.14759258553385735,0.007080078125
875,2.0,4,3,0.41626288125048977,0.1316096717491746,0.0
876,3.990570902824402,6,5,0.41584661836923925,0.19171444543947777,0.020751953125
877,-1.0,1,0,0.41543077175087,0.02850332483649254,0.0
878,-1.0,1,0,0.41501534097911913,0.022338755428791046,0.0
879,0.0,2,1,0.41460032563814003,0.27195230312645435,0.02294921875
880,8.0,10,9,0.4141857253125019,0.07779904715716839,0.08251953125
881,-1.0,1,0,0.41377153958718943,0.01920497789978981,0.0
882,2.0,4,3,0.4133577680476022,0.2351886056130752,0.049560546875
883,-1.0,1,0,0.4129444102795546,0.06640282273292542,0.0
884,1.0,3,2,0.412531465869275,0.02712619211524725,0.00634765625
885,1.974074900150299,4,3,0.41211893440340575,0.022256213705986738,0.014892578125
886,-1.0,1,0,0.41170681546900234,0.012356731109321117,0.0
887,0.0,2,1,0.41129510865353336,0.03795608249492943,0.0
888,-1.0,1,0,0.41088381354487985,0.06579522043466568,0.0
889,3.0,5,4,0.410472929731335,0.1822181299328804,0.029541015625
890,6.775705814361572,9,8,0.41006245680160364,0.17537264758720994,0.0361328125
891,-1.0,1,0,0.40965239434480205,0.005449450574815273,0.0
892,1.0,3,2,0.40924274195045723,0.031677000069369875,0.013427734375
893,1.0,3,2,0.40883349920850676,0.018477638562520344,0.0
894,0.0,2,1,0.40842466570929825,0.048055415973067284,0.008056640625
895,-1.0,1,0,0.40801624104358897,0.491258442401886,0.0
896,0.9969712495803833,3,2,0.4076082248025454,0.05387211653093497,0.0341796875
897,-1.0,1,0,0.4072006165777428,0.013612010516226292,0.0
898,1.967696189880371,4,3,0.4067934159611651,0.1773780346265994,0.00390625
899,-1.0,1,0,0.4063866225452039,0.002106474945321679,0.0
900,8.915059387683868,11,10,0.4059802359226587,0.20838661965998737,0.06103515625
901,-1.0,1,0,0.40557425568673605,0.07159298658370972,0.0
902,3.9458823800086975,6,5,0.40516868143104934,0.2800616448900352,0.0263671875
903,2.0,4,3,0.4047635127496183,0.41080842912197113,0.0
904,-1.0,1,0,0.4043587492368687,0.5839862823486328,0.0
905,1.0,3,2,0.4039543904876318,0.20756767690181732,0.015625
906,-1.0,1,0,0.4035504360971442,0.13027086853981018,0.0
907,6.992833495140076,9,8,0.40314688566104706,0.07228379572431247,0.049560546875
908,2.0,4,3,0.402743738775386,0.23309027776122093,0.01513671875
909,-1.0,1,0,0.4023409950366106,0.06260696053504944,0.0
910,7.936073958873749,10,9,0.401938654041574,0.25905033135786654,0.06201171875
911,2.0,4,3,0.4015367153875324,0.31743271090090275,0.0439453125
912,3.0,5,4,0.4011351786721449,0.0772256962954998,0.015625
913,0.0,2,1,0.40073404349347275,0.13392729382030666,0.002197265625
914,3.955528974533081,6,5,0.40033330944997925,0.04428741056472063,0.001220703125
915,-1.0,1,0,0.39993297614052925,0.11849252879619598,0.0
916,3.0,5,4,0.3995330431643887,0.09389401972293854,0.0087890625
917,-1.0,1,0,0.39913351012122433,0.4377296566963196,0.0
918,-1.0,1,0,0.3987343766111031,0.023755772039294243,0.0
919,-1.0,1,0,0.398335642234492,0.011585365049540997,0.0
920,3.0,5,4,0.3979373065922575,0.09194477815181017,0.021240234375
921,3.0,5,4,0.39753936928566525,0.20155218709260225,0.039794921875
922,-1.0,1,0,0.3971418299163796,0.016060706228017807,0.0
923,2.0,4,3,0.3967446880864632,0.015798367792740464,0.005859375
924,4.0,6,5,0.3963479433983767,0.2199884100506703,0.0546875
925,-1.0,1,0,0.3959515954549783,0.05622909218072891,0.0
926,1.0,3,2,0.39555564385952335,0.8202735036611557,0.006103515625
927,0.0,2,1,0.39516008821566384,0.4061962962150574,0.0029296875
928,1.0,3,2,0.3947649281274482,0.19473774079233408,0.04150390625
929,-1.0,1,0,0.3943701631993207,0.012675328180193901,0.0
930,2.0,4,3,0.3939757930361214,0.40569699252955616,0.072021484375
931,2.0,4,3,0.3935818172430853,0.10693965281825513,0.021240234375
932,0.0,2,1,0.3931882354258422,0.42717063426971436,0.010986328125
933,2.0,4,3,0.39279504719041636,0.11248014494776726,0.010498046875
934,-1.0,1,0,0.39240225214322594,0.467467337846756,0.0
935,0.0,2,1,0.39200984989108273,0.24325052089989185,0.001953125
936,-1.0,1,0,0.39161784004119166,0.018621664494276047,0.0
937,-1.0,1,0,0.39122622220115044,0.009382887743413448,0.0
938,-1.0,1,0,0.3908349959789493,0.009673970751464367,0.0
939,-1.0,1,0,0.3904441609829703,0.11190787702798843,0.0
940,-1.0,1,0,0.3900537168219873,0.006649605464190245,0.0
941,0.0,2,1,0.3896636631051653,0.10731372609734535,0.006591796875
942,3.947303354740143,6,5,0.38927399944206015,0.16652874772747359,0.035400390625
943,-1.0,1,0,0.3888847254426181,0.018366973847150803,0.0
944,1.0,3,2,0.38849584071717547,0.46271822849909466,0.040283203125
945,4.0,6,5,0.3881073448764583,0.049284923976908125,0.046630859375
946,-1.0,1,0,0.3877192375315819,0.020588267594575882,0.0
947,3.0,5,4,0.3873315182940503,0.03391806231811643,0.054443359375
948,2.994838058948517,5,4,0.38694418677575626,0.26361635494977237,0.056640625
949,-1.0,1,0,0.3865572425889805,0.28247272968292236,0.0
950,1.0,3,2,0.38617068534639154,0.41876627629001933,0.007568359375
951,0.0,2,1,0.38578451466104513,0.21098832646384835,0.00927734375
952,1.0,3,2,0.3853987301463841,0.23850997739161053,0.02490234375
953,0.9494132995605469,3,2,0.3850133314162377,0.09345422685146332,0.00341796875
954,1.0,3,2,0.3846283180848215,0.2254174749056498,0.03173828125
955,1.0,3,2,0.3842436897667367,0.16428308747708797,0.0
956,0.0,2,1,0.3838594460769699,0.27950127236545086,0.005859375
957,3.0,5,4,0.38347558663089293,0.05227874908596277,0.0234375
958,4.0,6,5,0.38309211104426205,0.17310040661444268,0.008544921875
959,-1.0,1,0,0.3827090189332178,0.43694108724594116,0.0
960,-1.0,1,0,0.38232630991428457,0.4828442931175232,0.0
961,-1.0,1,0,0.38194398360437026,0.099864162504673,0.0
962,4.0,6,5,0.3815620396207659,0.10569790711936851,0.0478515625
963,7.959740400314331,10,9,0.38118047758114515,0.19843869805335998,0.10302734375
964,-1.0,1,0,0.380799297103564,0.0062703657895326614,0.0
965,5.7946948409080505,8,7,0.3804184978064605,0.06441995155182667,0.04833984375
966,0.9883272647857666,3,2,0.380038079308654,0.25276091198126477,0.001953125
967,1.8570270538330078,4,3,0.3796580412293454,0.2923589050769806,0.033203125
968,2.0,4,3,0.379278383188116,0.16702893935143948,0.0205078125
969,5.951021730899811,8,7,0.3788991048049279,0.21013675793074071,0.02294921875
970,-1.0,1,0,0.37852020570012296,0.05177610367536545,0.0
971,1.9595255851745605,4,3,0.37814168549442284,0.20825733849778771,0.007568359375
972,2.0,4,3,0.3777635438089284,0.21918360388372093,0.024169921875
973,4.9908793568611145,7,6,0.3773857802651195,0.11582654288836888,0.040771484375
974,6.0,8,7,0.37700839448485435,0.07216932671144605,0.100341796875
975,-1.0,1,0,0.3766313860903695,0.4895603060722351,0.0
976,1.0,3,2,0.37625475470427916,0.3206855008999507,0.00927734375
977,1.0,3,2,0.3758784999495749,0.051685801396767296,0.009521484375
978,0.0,2,1,0.3755026214496253,0.9372571110725403,0.003173828125
979,2.0,4,3,0.3751271188281757,0.1874913601204753,0.02978515625
980,0.0,2,1,0.3747519917093475,0.08474417962133884,0.0078125
981,-1.0,1,0,0.37437723971763814,0.016865545883774757,0.0
982,3.0,5,4,0.37400286247792053,0.28865685500204563,0.05615234375
983,-1.0,1,0,0.3736288596154426,0.4548085629940033,0.0
984,0.0,2,1,0.37325523075582717,0.5255868136882782,0.0
985,-1.0,1,0,0.37288197552507135,0.015363553538918495,0.0
986,1.0,3,2,0.37250909354954626,0.20243987068533897,0.0234375
987,-1.0,1,0,0.37213658445599673,0.01955404505133629,0.0
988,3.0,5,4,0.3717644478715407,0.10980322696268559,0.013427734375
989,-1.0,1,0,0.3713926834236692,0.0038081423845142126,0.0
990,2.0,4,3,0.37102129074024554,0.11626958090346307,0.009033203125
991,0.0,2,1,0.3706502694495053,0.007342254975810647,0.00732421875
992,2.0,4,3,0.3702796191800558,0.4710632264614105,0.02392578125
993,-1.0,1,0,0.36990933956087574,0.005163004621863365,0.0
994,-1.0,1,0,0.36953943022131486,0.4426971673965454,0.0
995,0.0,2,1,0.3691698907910935,0.026453360449522734,0.034423828125
996,-1.0,1,0,0.3688007209003024,0.315356582403183,0.0
997,3.9659165740013123,6,5,0.36843192017940213,0.09338950381303827,0.03857421875
998,-1.0,1,0,0.36806348825922275,0.03834916278719902,0.0
999,-1.0,1,0,0.3676954247709635,0.6661392450332642,0.0
1000,0.0,2,1,0.36732772934619257,0.24892809614539146,0.005126953125
1001,1.9950385093688965,4,3,0.3669604016168464,0.17818518169224262,0.018310546875
1002,5.491760194301605,8,7,0.3665934412152296,0.21889109280891716,0.072021484375
1003,-1.0,1,0,0.3662268477740143,0.019529979676008224,0.0
1004,3.0,5,4,0.36586062092624033,0.22026009745895864,0.00146484375
1005,-1.0,1,0,0.3654947603053141,0.052110157907009125,0.0
1006,-1.0,1,0,0.36512926554500874,0.040870074182748795,0.0
1007,8.972559571266174,11,10,0.36476413627946375,0.24166642705147917,0.065673828125
1008,1.0,3,2,0.3643993721431843,0.3155242786742747,0.016845703125
1009,0.0,2,1,0.36403497277104113,0.46727071749046445,0.004150390625
1010,4.983327865600586,7,6,0.3636709377982701,0.16328812842922552,0.13232421875
1011,27.745782136917114,30,29,0.3633072668604718,0.1307605393230915,0.34326171875
1012,6.0,8,7,0.36294395959361136,0.24721302540274337,0.01708984375
1013,-1.0,1,0,0.36258101563401773,0.0077942353673279285,0.0
1014,-1.0,1,0,0.3622184346183837,0.01518971286714077,0.0
1015,1.0,3,2,0.36185621618376534,0.1674966816790402,0.0224609375
1016,1.0,3,2,0.36149435996758156,0.012927871818343798,0.00732421875
1017,-1.0,1,0,0.361132865607614,0.5019046664237976,0.0
1018,7.865213990211487,10,9,0.36077173274200636,0.2668741666711867,0.0380859375
1019,1.0,3,2,0.36041096100926434,0.07816331833600998,0.0224609375
1020,-1.0,1,0,0.3600505500482551,0.19553066790103912,0.0
1021,-1.0,1,0,0.35969049949820686,0.47837090492248535,0.0
1022,15.602661371231079,18,17,0.3593308089987087,0.21395503155266246,0.12060546875
1023,1.0,3,2,0.35897147818971,0.036963485181331635,0.0146484375
1024,-1.0,1,0,0.3586125067115203,0.00852050632238388,0.0
1025,-1.0,1,0,0.35825389420480874,0.009798834100365639,0.0
1026,-1.0,1,0,0.35789564031060395,0.010439759120345116,0.0
1027,-1.0,1,0,0.35753774467029337,0.013289809226989746,0.0
1028,-1.0,1,0,0.3571802069256231,0.6280765533447266,0.0
1029,9.0,11,10,0.3568230267186975,0.08059010055678134,0.087890625
1030,7.949320912361145,10,9,0.3564662036919788,0.29003191241063175,0.0625
1031,2.0,4,3,0.35610973748828684,0.12279347563162446,0.0185546875
1032,0.0,2,1,0.35575362775079855,0.03599339351058006,0.032958984375
1033,1.0,3,2,0.35539787412304774,0.19727759063243866,0.034912109375
1034,1.0,3,2,0.3550424762489247,0.6621770262718201,0.0
1035,2.9631420373916626,5,4,0.3546874337726758,0.2368627035059035,0.0380859375
1036,-1.0,1,0,0.35433274633890316,0.015064281411468983,0.0
1037,0.0,2,1,0.35397841359256427,0.42295811139047146,0.010009765625
1038,0.0,2,1,0.3536244351789717,0.03471285756677389,0.00732421875
1039,2.0,4,3,0.35327081074379274,0.2550578417722136,0.040771484375
1040,6.0,8,7,0.352917539933049,0.2511470903409645,0.06201171875
1041,2.971693754196167,5,4,0.3525646223931159,0.2062471978366375,0.03076171875
1042,0.0,2,1,0.3522120577707228,0.48797115683555603,0.016845703125
1043,0.0,2,1,0.3518598457129521,0.4777451909612864,0.0205078125
1044,7.971149921417236,10,9,0.35150798586723914,0.24867162778973578,0.029296875
1045,0.0,2,1,0.3511564778813719,0.03636825829744339,0.01708984375
1046,8.924638032913208,11,10,0.3508053214034905,0.13386849584904584,0.036376953125
1047,8.966174602508545,11,10,0.35045451608208705,0.1480928468517959,0.065185546875
1048,1.0,3,2,0.350104061566005,0.34420086443424225,0.004150390625
1049,0.0,2,1,0.349753957504439,0.25915526621975005,0.00244140625
1050,-1.0,1,0,0.3494042035469346,0.010560774244368076,0.0
1051,4.963389217853546,7,6,0.3490547993433876,0.08148996701597103,0.0712890625
1052,4.0,6,5,0.34870574454404424,0.2653760891407728,0.08642578125
1053,0.0,2,1,0.3483570387995002,0.5578002966940403,0.005859375
1054,1.0,3,2,0.3480086817607007,0.38912756616870564,0.014892578125
1055,0.0,2,1,0.34766067307894,0.040205664932727814,0.008056640625
1056,8.938947081565857,11,10,0.34731301240586104,0.25543312436308374,0.055908203125
1057,14.754314422607422,17,16,0.3469656993934552,0.1506507949465338,0.13134765625
1058,-1.0,1,0,0.3466187336940617,0.009258615784347057,0.0
1059,-1.0,1,0,0.34627211496036764,0.0035390486009418964,0.0
1060,4.955135345458984,7,6,0.3459258428454073,0.22092402886067117,0.01904296875
1061,-1.0,1,0,0.34557991700256185,0.0039106979966163635,0.0
1062,-1.0,1,0,0.3452343370855593,0.4929219186306,0.0
1063,-1.0,1,0,0.34488910274847373,0.00465683126822114,0.0
1064,-1.0,1,0,0.34454421364572524,0.4899396598339081,0.0
1065,-1.0,1,0,0.3441996694320795,0.49138930439949036,0.0
1066,4.0,6,5,0.34385546976264747,0.12603398226201534,0.046875
1067,-1.0,1,0,0.34351161429288485,0.1392657309770584,0.0
1068,-1.0,1,0,0.34316810267859194,0.018010370433330536,0.0
1069,0.9724025130271912,3,2,0.34282493457591334,0.38259849417954683,0.005615234375
1070,0.0,2,1,0.3424821096413374,0.32765668630599976,0.0439453125
1071,0.0,2,1,0.3421396275316961,0.029430819675326347,0.006103515625
1072,2.0,4,3,0.34179748790416437,0.39521749364212155,0.02685546875
1073,2.0,4,3,0.3414556904162602,0.13394101662561297,0.005859375
1074,1.0,3,2,0.34111423472584396,0.012254622764885426,0.012451171875
1075,0.0,2,1,0.34077312049111813,0.013549553230404854,0.002197265625
1076,7.741388559341431,10,9,0.340432347370627,0.34299734188243747,0.020263671875
1077,0.9315177202224731,3,2,0.34009191502325636,0.020905322084824245,0.0166015625
1078,9.600286304950714,12,11,0.3397518231082331,0.3325915962535267,0.026123046875
1079,1.0,3,2,0.33941207128512485,0.21668517962098122,0.0126953125
1080,0.0,2,1,0.3390726592138397,0.27129234094172716,0.001220703125
1081,1.0,3,2,0.3387335865546259,0.3528603793432315,0.055419921875
1082,-1.0,1,0,0.33839485296807126,0.02397160232067108,0.0
1083,5.295619010925293,8,7,0.3380564581151032,0.15116868645418435,0.056396484375
1084,-1.0,1,0,0.33771840165698813,0.5191891193389893,0.0
1085,4.921380937099457,7,6,0.33738068325533116,0.030802787082003697,0.07958984375
1086,3.9327762722969055,6,5,0.3370433025720758,0.2663740235536049,0.0576171875
1087,-1.0,1,0,0.33670625926950376,0.3747507929801941,0.0
1088,-1.0,1,0,0.33636955301023425,0.5103483200073242,0.0
1089,2.9801844358444214,5,4,0.336033183457224,0.13272156976163388,0.05126953125
1090,1.0,3,2,0.3356971502737668,0.16996842514102659,0.004638671875
1091,11.629477202892303,14,13,0.335361453123493,0.3305958283266851,0.05615234375
1092,6.8853400349617,9,8,0.3350260916703695,0.23140998971131113,0.04541015625
1093,1.0,3,2,0.33469106557869915,0.3636915376409888,0.035888671875
1094,-1.0,1,0,0.33435637451312045,0.005872909910976887,0.0
1095,-1.0,1,0,0.3340220181386073,0.03922715038061142,0.0
1096,1.9858267307281494,4,3,0.33368799612046873,0.1435343538178131,0.008056640625
1097,4.0,6,5,0.33335430812434824,0.18796688380340734,0.062744140625
1098,0.0,2,1,0.3330209538162239,0.5401473036035895,0.005859375
1099,0.0,2,1,0.33268793286240766,0.020916484761983156,0.0048828125
1100,4.8723015785217285,7,6,0.33235524492954527,0.08488644047507218,0.02587890625
1101,1.0,3,2,0.33202288968461574,0.5582195669412613,0.01318359375
1102,2.0,4,3,0.33169086679493115,0.014637821586802602,0.010498046875
1103,4.0,6,5,0.33135917592813624,0.17437521989146867,0.065673828125
1104,-1.0,1,0,0.3310278167522081,0.02973281778395176,0.0
1105,-1.0,1,0,0.3306967889354559,0.5368629097938538,0.0
1106,1.0,3,2,0.33036609214652046,0.17933016565317908,0.0068359375
1107,0.9946328997612,3,2,0.3300357260543739,0.41313986914853257,0.001953125
1108,2.0,4,3,0.32970569032831953,0.31085439119488,0.041259765625
1109,1.9915298223495483,4,3,0.3293759846379912,0.14268633886240423,0.024169921875
1110,17.835199117660522,20,19,0.3290466086533532,0.14471874200971796,0.200439453125
1111,3.0,5,4,0.3287175620446999,0.011255088192410768,0.017578125
1112,-1.0,1,0,0.32838884448265515,0.013830521143972874,0.0
1113,-1.0,1,0,0.3280604556381725,0.01930910535156727,0.0
1114,0.0,2,1,0.32773239518253433,0.2424289621412754,0.0
1115,-1.0,1,0,0.3274046627873518,0.07994191348552704,0.0
1116,0.0,2,1,0.32707725812456445,0.33902815729379654,0.013916015625
1117,25.674101948738098,28,27,0.32675018086643987,0.2795706438898508,0.241455078125
1118,-1.0,1,0,0.32642343068557345,0.0125960074365139,0.0
1119,-1.0,1,0,0.3260970072548879,0.5215960741043091,0.0
1120,-1.0,1,0,0.325770910247633,0.011151591315865517,0.0
1121,3.9924798607826233,6,5,0.32544513933738534,0.0932991006411612,0.0322265625
1122,5.988904356956482,8,7,0.3251196941980479,0.15382397931534797,0.036376953125
1123,4.995762050151825,7,6,0.32479457450384985,0.36072608595713973,0.10498046875
1124,2.0,4,3,0.324469779929346,0.5487964730709791,0.018798828125
1125,-1.0,1,0,0.32414531014941667,0.011030133813619614,0.0
1126,4.876095354557037,7,6,0.32382116483926726,0.2475607300709401,0.025146484375
1127,-1.0,1,0,0.323497343674428,0.021438997238874435,0.0
1128,6.959699749946594,9,8,0.3231738463307536,0.18633108989646038,0.062255859375
1129,2.9666278958320618,5,4,0.32285067248442284,0.08954553697258234,0.007568359375
1130,3.8646572828292847,6,5,0.3225278218119384,0.1012811316953351,0.060302734375
1131,13.796939492225647,16,15,0.3222052939901265,0.2627602024731459,0.11865234375
1132,5.901596665382385,8,7,0.32188308869613635,0.1338731850264594,0.03466796875
1133,3.987434506416321,6,5,0.3215612056074402,0.19990243576467037,0.03466796875
1134,1.0,3,2,0.3212396444018328,0.37101695500314236,0.018310546875
1135,1.948941707611084,4,3,0.32091840475743094,0.11362863145768642,0.030517578125
1136,0.0,2,1,0.3205974863526735,0.01411422062665224,0.00341796875
1137,0.0,2,1,0.32027688886632083,0.28258521808311343,0.026123046875
1138,3.0,5,4,0.3199566119774545,0.11998541289940476,0.056640625
1139,4.0,6,5,0.31963665536547703,0.07469221452871959,0.047607421875
1140,3.795283794403076,6,5,0.31931701871011153,0.3678610181280722,0.019287109375
1141,3.9726908802986145,6,5,0.3189977016914014,0.1523414556092272,0.012451171875
1142,1.9930745363235474,4,3,0.31867870398971,0.3164481418207288,0.016357421875
1143,0.0,2,1,0.31836002528572027,0.5007299222052097,0.02978515625
1144,2.0,4,3,0.31804166526043454,0.3260330541525036,0.021484375
1145,1.0,3,2,0.3177236235951741,0.023051296671231587,0.003173828125
1146,2.0,4,3,0.3174058999715789,0.18731989059597254,0.0322265625
1147,-1.0,1,0,0.31708849407160733,0.0072172293439507484,0.0
1148,8.0,10,9,0.31677140557753575,0.12999344281852246,0.098876953125
1149,4.0,6,5,0.31645463417195824,0.2849368147241573,0.039306640625
1150,3.0,5,4,0.3161381795377863,0.12095293560996652,0.013671875
1151,2.0,4,3,0.3158220413582485,0.007495618890970945,0.058837890625
1152,9.887520730495453,12,11,0.3155062193168902,0.18300248647574335,0.09033203125
1153,1.0,3,2,0.31519071309757335,0.055470243406792484,0.0
1154,21.451066613197327,24,23,0.3148755223844758,0.20431023217194402,0.136962890625
1155,-1.0,1,0,0.31456064686209134,1.1128039360046387,0.0
1156,-1.0,1,0,0.31424608621522926,0.005620025563985109,0.0
1157,-1.0,1,0,0.31393184012901404,1.1047924757003784,0.0
1158,7.893670916557312,10,9,0.31361790828888503,0.3116657380945981,0.04931640625
1159,-1.0,1,0,0.31330429038059615,1.678627848625183,0.0
1160,2.0,4,3,0.31299098609021553,0.374454403296113,0.037841796875
1161,-1.0,1,0,0.3126779951041253,0.08122556656599045,0.0
1162,1.9889755249023438,4,3,0.31236531710902116,0.3380361432209611,0.031005859375
1163,1.0,3,2,0.3120529517919121,0.008475320413708687,0.0166015625
1164,5.0,7,6,0.3117408988401202,0.34064217284321785,0.08154296875
1165,1.0,3,2,0.31142915794128007,0.011414548382163048,0.0146484375
1166,6.9585917592048645,9,8,0.31111772878333877,0.18180005505887997,0.089599609375
1167,2.0,4,3,0.3108066110545554,0.6825552913360298,0.004638671875
1168,0.0,2,1,0.3104958044435009,0.2816641218960285,0.00146484375
1169,-1.0,1,0,0.3101853086390574,0.563003420829773,0.0
1170,0.0,2,1,0.30987512333041833,0.5693134665489197,0.0
1171,4.0,6,5,0.3095652482070879,0.21240965385610858,0.129150390625
1172,13.753549337387085,16,15,0.30925568295888084,0.18048180665937252,0.092529296875
1173,2.0,4,3,0.308946427275922,0.44741917541250587,0.08984375
1174,-1.0,1,0,0.30863748084864606,0.03134579956531525,0.0
1175,1.0,3,2,0.3083288433677974,0.4454423487186432,0.00927734375
1176,1.0,3,2,0.30802051452442963,0.7612357139587402,0.02978515625
1177,4.0,6,5,0.3077124940099052,0.3186272766906768,0.083251953125
1178,-1.0,1,0,0.3074047815158953,1.135011076927185,0.0
1179,8.952955961227417,11,10,0.30709737673437937,0.12452045605856586,0.108642578125
1180,-1.0,1,0,0.30679027935764497,0.011964918114244938,0.0
1181,-1.0,1,0,0.3064834890782873,0.705335795879364,0.0
1182,2.0,4,3,0.306177005589209,0.47192273079417646,0.0
1183,2.0,4,3,0.3058708285836198,0.07343067252077162,0.01513671875
1184,4.0,6,5,0.30556495775503617,0.08167563968648513,0.07373046875
1185,-1.0,1,0,0.30525939279728115,0.5899258852005005,0.0
1186,-1.0,1,0,0.30495413340448385,0.011457553133368492,0.0
1187,1.0,3,2,0.3046491792710794,0.19743607953811684,0.0
1188,-1.0,1,0,0.3043445300918083,0.015327326953411102,0.0
1189,0.0,2,1,0.30404018556171647,0.024063571356236935,0.001708984375
1190,0.0,2,1,0.30373614537615473,0.24122671782970428,0.0
1191,8.0,10,9,0.3034324092307786,0.14876986159943045,0.100341796875
1192,-1.0,1,0,0.3031289768215478,0.012689795345067978,0.0
1193,3.9855629205703735,6,5,0.30282584784472627,0.12648377691706023,0.04345703125
1194,-1.0,1,0,0.3025230219968815,0.005821017548441887,0.0
1195,0.0,2,1,0.3022204989748846,0.009277738397940993,0.011474609375
1196,-1.0,1,0,0.30191827847590974,0.005028230138123035,0.0
1197,12.797746002674103,15,14,0.3016163601974338,0.37703254412238796,0.101806640625
1198,-1.0,1,0,0.3013147438372364,0.07076384127140045,0.0
1199,0.0,2,1,0.3010134290933992,0.04873729310929775,0.00341796875
1200,2.0,4,3,0.3007124156643058,0.043949856888502836,0.0068359375
1201,7.966291606426239,10,9,0.30041170324864147,0.13396927639842032,0.097412109375
1202,0.0,2,1,0.30011129154539284,0.5954009592533112,0.009033203125
1203,10.76529711484909,13,12,0.29981118025384745,0.1613303225559111,0.100830078125
1204,7.765101611614227,10,9,0.2995113690735936,0.18329840763472022,0.065673828125
1205,6.947200179100037,9,8,0.29921185770452,0.1110821218850712,0.11767578125
1206,-1.0,1,0,0.2989126458468155,0.04135396331548691,0.0
1207,-1.0,1,0,0.2986137332009687,0.040547698736190796,0.0
1208,15.80646300315857,18,17,0.29831511946776773,0.260973106086668,0.09228515625
1209,8.618575692176819,11,10,0.29801680434829997,0.31729773597114463,0.06005859375
1210,-1.0,1,0,0.29771878754395165,0.009789563715457916,0.0
1211,-1.0,1,0,0.29742106875640767,0.015844719484448433,0.0
1212,2.0,4,3,0.29712364768765126,0.44625020714011043,0.01318359375
1213,-1.0,1,0,0.2968265240399636,0.004568635486066341,0.0
1214,0.0,2,1,0.2965296975159237,0.004263261798769236,0.0224609375
1215,2.0,4,3,0.29623316781840775,0.007288422610145062,0.03955078125
1216,2.943894624710083,5,4,0.29593693465058934,0.2724305873736739,0.03857421875
1217,-1.0,1,0,0.29564099771593877,0.6501317024230957,0.0
1218,3.0,5,4,0.2953453567182228,0.4175399713218212,0.044189453125
1219,4.510595321655273,7,6,0.2950500113615046,0.46243926430387156,0.0458984375
1220,6.907428026199341,9,8,0.2947549613501431,0.3216685471642349,0.026123046875
1221,0.0,2,1,0.294460206388793,0.0784708340652287,0.0078125
1222,9.88860809803009,12,11,0.2941657461824042,0.21765187142106393,0.072021484375
1223,-1.0,1,0,0.2938715804362218,0.0016889683902263641,0.0
1224,6.973532795906067,9,8,0.2935777088557856,0.27034342211360735,0.0537109375
1225,5.4725950956344604,8,7,0.2932841311469298,0.3604243639856577,0.121826171875
1226,5.765464186668396,8,7,0.2929908470157829,0.2784416291397065,0.038818359375
1227,0.0,2,1,0.2926978561687671,0.02489614486694336,0.0
1228,0.0,2,1,0.29240515831259833,0.3140487293712795,0.0
1229,6.946630358695984,9,8,0.29211275315428575,0.024764673836115334,0.080078125
1230,0.0,2,1,0.2918206404011315,0.8427494764328003,0.013916015625
1231,1.9828986525535583,4,3,0.29152881976073036,0.013641308061778545,0.03759765625
1232,4.0,6,5,0.2912372909409696,0.186830336577259,0.0341796875
1233,0.0,2,1,0.2909460536500286,0.3092429284006357,0.00341796875
1234,-1.0,1,0,0.2906551075963786,0.004663197323679924,0.0
1235,0.0,2,1,0.2903644524887822,0.3781497925519943,0.00927734375
1236,2.0,4,3,0.2900740880362934,0.3028379357419908,0.0107421875
1237,1.0,3,2,0.28978401394825715,0.07081874304761489,0.010986328125
1238,-1.0,1,0,0.2894942299343089,0.6696476936340332,0.0
1239,0.0,2,1,0.2892047357043746,0.04558730684220791,0.0
1240,4.941008031368256,7,6,0.28891553096867023,0.2929077119167362,0.041015625
1241,0.0,2,1,0.2886266154377016,0.0182237159460783,0.011962890625
1242,-1.0,1,0,0.28833798882226386,0.027588140219449997,0.0
1243,3.0,5,4,0.2880496508334416,0.14268727209419013,0.018798828125
1244,2.0,4,3,0.28776160118260813,0.039920933661051095,0.050048828125
1245,2.0,4,3,0.2874738395814255,0.01281944545917213,0.006103515625
1246,1.0,3,2,0.2871863657418441,0.41394305663804215,0.001220703125
1247,3.0,5,4,0.28689917937610226,0.12936915080063044,0.0869140625
1248,1.970337450504303,4,3,0.2866122801967262,0.04180135519709438,0.010986328125
1249,5.7425121665000916,8,7,0.28632566791652947,0.3286255491548218,0.059814453125
1250,3.0,5,4,0.28603934224861294,0.40034802025184035,0.005859375
1251,1.0,3,2,0.2857533029063643,0.24947122174004713,0.006103515625
1252,4.0,6,5,0.28546754960345794,0.21486138924956322,0.035400390625
1253,6.858525931835175,9,8,0.2851820820538545,0.49308360554277897,0.049072265625
1254,-1.0,1,0,0.2848968999718006,1.2186732292175293,0.0
1255,-1.0,1,0,0.2846120030718288,0.6260576844215393,0.0
1256,1.0,3,2,0.284327391068757,0.6143326008071502,0.00927734375
1257,3.0,5,4,0.2840430636776882,0.03750516995787621,0.043701171875
1258,2.0,4,3,0.28375902061401054,0.500202720053494,0.003173828125
1259,0.0,2,1,0.28347526159339653,0.3155886484310031,0.028076171875
1260,1.0,3,2,0.28319178633180314,0.21004780552660426,0.009521484375
1261,-1.0,1,0,0.28290859454547135,0.005704060196876526,0.0
1262,-1.0,1,0,0.28262568595092585,1.8273792266845703,0.0
1263,0.0,2,1,0.2823430602649749,1.2226567566394806,0.006103515625
1264,1.0,3,2,0.28206071720470993,0.8218641322261343,0.04736328125
1265,4.0,6,5,0.2817786564875052,0.33583596092648804,0.037841796875
1266,1.0,3,2,0.28149687783101773,0.2526569863160451,0.0
1267,-1.0,1,0,0.2812153809531867,0.2963428497314453,0.0
1268,5.987890124320984,8,7,0.28093416557223355,0.24776399275287986,0.036865234375
1269,0.0,2,1,0.2806532314066613,0.034882825799286366,0.002685546875
1270,-1.0,1,0,0.2803725781752547,0.024969061836600304,0.0
1271,-1.0,1,0,0.2800922055970794,0.01520276814699173,0.0
1272,2.8928866386413574,5,4,0.2798121133914823,0.6514879120513797,0.036865234375
1273,3.0,5,4,0.2795323012780908,0.40941108427941797,0.026611328125
1274,8.869292557239532,11,10,0.2792527689768127,0.39853489415889437,0.108642578125
1275,-1.0,1,0,0.2789735162078359,0.013536672107875347,0.0
1276,0.0,2,1,0.2786945426916281,0.009970569051802158,0.0029296875
1277,6.0,8,7,0.27841584814893644,0.3151439222856425,0.064697265625
1278,3.0,5,4,0.2781374323007875,0.33423751816153524,0.04052734375
1279,3.0,5,4,0.27785929486848676,0.14018900580704213,0.027099609375
1280,0.0,2,1,0.27758143557361825,0.012571374885737896,0.00439453125
1281,2.0,4,3,0.27730385413804465,0.17585850646719337,0.04833984375
1282,1.0,3,2,0.2770265502839066,0.3863757786651452,0.0078125
1283,-1.0,1,0,0.2767495237336227,0.00797900278121233,0.0
1284,0.0,2,1,0.2764727742098891,0.011963321827352047,0.00927734375
1285,0.0,2,1,0.2761963014356792,0.9259707848541439,0.029296875
1286,4.967980861663818,7,6,0.27592010513424353,0.18566723946215852,0.02490234375
1287,2.0,4,3,0.2756441850291093,0.3336402093991637,0.010498046875
1288,1.0,3,2,0.2753685408440802,0.25725438391479355,0.0029296875
1289,1.0,3,2,0.2750931723032361,0.00866691612948974,0.006103515625
1290,7.0,9,8,0.27481807913093287,0.364804123993963,0.05126953125
1291,2.0,4,3,0.27454326105180193,0.056685559917241335,0.0
1292,-1.0,1,0,0.2742687177907501,0.04353752359747887,0.0
1293,1.0,3,2,0.2739944490729594,0.22243756304184595,0.018310546875
1294,-1.0,1,0,0.27372045462388644,0.6449599862098694,0.0
1295,2.97234970331192,5,4,0.2734467341692626,0.14442441500723363,0.02294921875
1296,-1.0,1,0,0.27317328743509334,0.018128830939531326,0.0
1297,20.748073756694794,23,22,0.27290011414765825,0.14516973904455485,0.088134765625
1298,-1.0,1,0,0.2726272140335106,0.6437069177627563,0.0
1299,2.907387614250183,5,4,0.27235458681947705,0.2788578453473747,0.015380859375
1300,3.0,5,4,0.2720822322326576,0.061982494220137595,0.034423828125
1301,0.9921280145645142,3,2,0.2718101500004249,0.4772223699837923,0.011474609375
1302,2.0,4,3,0.27153833985042447,0.35330780129879713,0.01171875
1303,9.799836933612823,12,11,0.27126680151057403,0.12249968689866364,0.06982421875
1304,17.779480516910553,20,19,0.27099553470906346,0.27354638404212894,0.200439453125
1305,21.56858628988266,24,23,0.2707245391743544,0.3299115455884021,0.138671875
1306,0.0,2,1,0.27045381463518003,0.3328180741518736,0.02392578125
1307,1.0,3,2,0.27018336082054484,0.0176454729711016,0.00439453125
1308,-1.0,1,0,0.2699131774597243,0.012790294364094734,0.0
1309,1.9694766998291016,4,3,0.2696432642822646,0.4831307716667652,0.0078125
1310,2.992188274860382,5,4,0.26937362101798235,0.13913731640204788,0.007080078125
1311,4.0,6,5,0.26910424739696437,0.35103657515719533,0.12060546875
1312,-1.0,1,0,0.2688351431495674,0.8004146814346313,0.0
1313,-1.0,1,0,0.26856630800641784,0.003604284953325987,0.0
1314,1.0,3,2,0.2682977416984114,0.42481635867928463,0.009521484375
1315,4.0,6,5,0.268029443956713,0.21685627358965576,0.079345703125
1316,3.9883163571357727,6,5,0.2677614145127563,0.3231026385910809,0.04443359375
1317,6.0,8,7,0.2674936530982436,0.43633550964295864,0.03466796875
1318,-1.0,1,0,0.26722615944514533,1.9003026485443115,0.0
1319,2.0,4,3,0.2669589332857002,0.650549047626555,0.00830078125
1320,0.0,2,1,0.2666919743524145,0.02896718494594097,0.00537109375
1321,-1.0,1,0,0.26642528237806207,0.6846014857292175,0.0
1322,0.9843912124633789,3,2,0.266158857095684,0.06158415197084347,0.0068359375
1323,2.0,4,3,0.2658926982385883,0.3210066386964172,0.0
1324,3.9792375564575195,6,5,0.26562680554034973,0.43362282364008325,0.03857421875
1325,3.0,5,4,0.26536117873480936,0.13808112740516662,0.026611328125
1326,1.0,3,2,0.26509581755607453,0.25824382280309993,0.014404296875
1327,12.89529263973236,15,14,0.26483072173851846,0.19466427769511938,0.14208984375
1328,2.0,4,3,0.26456589101677996,0.10503684170544147,0.021484375
1329,3.0,5,4,0.2643013251257632,0.2931556154973805,0.015625
1330,7.0,9,8,0.2640370238006374,0.15673174041633806,0.05419921875
1331,6.926956593990326,9,8,0.2637729867768368,0.15339440050431424,0.073974609375
1332,24.280225932598114,27,26,0.26350921379006,0.15389740082469802,0.268798828125
1333,9.899355113506317,12,11,0.26324570457626995,0.2517980141953255,0.080322265625
1334,9.983969330787659,12,11,0.2629824588716937,0.2808331346216922,0.134765625
1335,0.0,2,1,0.262719476412822,0.3281502639874816,0.042724609375
1336,1.0,3,2,0.2624567569364092,0.008601374303301176,0.01123046875
1337,1.0,3,2,0.26219430017947276,0.4774357091325025,0.006591796875
1338,7.0,9,8,0.2619321058792933,0.22427392564713955,0.091796875
1339,3.0,5,4,0.261670173773414,0.18067082148045302,0.1337890625
1340,3.0,5,4,0.2614085035996406,0.3447321880608797,0.055419921875
1341,13.610830664634705,16,15,0.26114709509604095,0.20609694135782775,0.151611328125
1342,-1.0,1,0,0.2608859480009449,1.3260533809661865,0.0
1343,5.801193833351135,8,7,0.26062506205294395,0.5060721831978299,0.07373046875
1344,-1.0,1,0,0.260364436990891,0.15955457091331482,0.0
1345,-1.0,1,0,0.2601040725539001,0.024493204429745674,0.0
1346,1.0,3,2,0.2598439684813462,0.4486742243170738,0.01708984375
1347,2.0,4,3,0.2595841245128649,0.07640150631777942,0.02734375
1348,0.0,2,1,0.259324540388352,0.750679075717926,0.01806640625
1349,4.965512454509735,7,6,0.25906521584796366,0.11837265420971173,0.026611328125
1350,3.972676932811737,6,5,0.2588061506321157,0.520251010855039,0.074951171875
1351,20.73742002248764,23,22,0.2585473444814836,0.3716096595415603,0.354736328125
1352,13.179765701293945,16,15,0.2582887971370021,0.21401537884958088,0.133056640625
1353,0.0,2,1,0.2580305083398651,0.6552249910309911,0.021484375
1354,5.0,7,6,0.2577724778315252,0.30642677071903435,0.091064453125
1355,0.0,2,1,0.25751470535369364,0.3517976403236389,0.0078125
1356,3.984068512916565,6,5,0.25725719064833996,0.10857211938127875,0.02783203125
1357,9.95854276418686,12,11,0.2569999334576916,0.08103573101107031,0.08447265625
1358,22.34238040447235,25,24,0.25674293352423394,0.42204976664856075,0.1640625
1359,3.9777586460113525,6,5,0.2564861905907097,0.49321314444144565,0.023193359375
1360,8.962997913360596,11,10,0.256229704400119,0.25586709820411424,0.10302734375
1361,2.949135661125183,5,4,0.25597347469571885,0.660313020274043,0.033447265625
1362,-1.0,1,0,0.25571750122102316,0.005394757725298405,0.0
1363,3.986305356025696,6,5,0.25546178371980216,0.2718466256434719,0.019775390625
1364,0.0,2,1,0.25520632193608234,0.06458555860444903,0.0
1365,5.470468699932098,8,7,0.25495111561414624,0.5863870565663092,0.05322265625
1366,0.0,2,1,0.2546961644985321,0.9827198088169098,0.00244140625
1367,9.90429025888443,12,11,0.2544414683340336,0.3081328015541658,0.092529296875
1368,2.91306334733963,5,4,0.25418702686569955,0.3213669877499342,0.009521484375
1369,-1.0,1,0,0.25393283983883386,0.013255428522825241,0.0
1370,-1.0,1,0,0.25367890699899504,0.7849894165992737,0.0
1371,-1.0,1,0,0.253425228091996,0.016267288476228714,0.0
1372,3.770847737789154,6,5,0.253171802863904,0.15716035881390175,0.037841796875
1373,0.0,2,1,0.2529186310610401,0.01668566558510065,0.004150390625
1374,0.0,2,1,0.2526657124299791,0.3391072228550911,0.0068359375
1375,-1.0,1,0,0.2524130467175491,0.00558308744803071,0.0
1376,6.975135684013367,9,8,0.2521606336708316,0.24702895463754734,0.13818359375
1377,3.0,5,4,0.25190847303716074,0.5456122691743076,0.010009765625
1378,2.0,4,3,0.25165656456412355,0.37319425120949745,0.078857421875
1379,6.926314651966095,9,8,0.25140490799955945,0.3179535048806833,0.045166015625
1380,2.0,4,3,0.25115350309155987,0.19224785990081728,0.0302734375
1381,-1.0,1,0,0.2509023495884683,0.04991942644119263,0.0
1382,12.790747940540314,15,14,0.25065144723887983,0.3366783004874984,0.08154296875
1383,0.0,2,1,0.25040079579164093,0.6665954291820526,0.0
1384,7.0,9,8,0.2501503949958493,0.5296995839517977,0.070068359375
1385,6.0,8,7,0.24990024460085344,0.4406653877813369,0.027587890625
1386,1.0,3,2,0.24965034435625258,0.8953860998153687,0.00439453125
1387,3.0,5,4,0.24940069401189632,0.5448401063680649,0.04736328125
1388,0.0,2,1,0.24915129331788444,0.006363933440297842,0.0
1389,-1.0,1,0,0.24890214202456656,0.008547847159206867,0.0
1390,-1.0,1,0,0.248653239882542,2.8035707473754883,0.0
1391,0.0,2,1,0.24840458664265946,0.03209227533079684,0.03759765625
1392,2.0,4,3,0.2481561820560168,0.5673099244013429,0.029541015625
1393,2.0,4,3,0.2479080258739608,0.3671663992572576,0.0146484375
1394,3.0,5,4,0.24766011784808684,0.28381778225302695,0.017822265625
1395,-1.0,1,0,0.24741245773023876,0.029550593346357346,0.0
1396,12.816143691539764,15,14,0.24716504527250852,0.29036291493102906,0.107421875
1397,0.0,2,1,0.24691788022723601,0.07370960852131248,0.0
1398,2.969082295894623,5,4,0.24667096234700878,0.27372330958023666,0.005126953125
1399,-1.0,1,0,0.24642429138466176,0.6673738360404968,0.0
1400,11.568813860416412,14,13,0.2461778670932771,0.3112700226650174,0.077392578125
1401,1.9869428277015686,4,3,0.24593168922618383,0.3593387664295733,0.034423828125
1402,1.0,3,2,0.24568575753695765,0.4569407249800861,0.025146484375
1403,0.0,2,1,0.2454400717794207,0.35445706360042095,0.00244140625
1404,0.0,2,1,0.24519463170764128,0.35310384165495634,0.003662109375
1405,5.955204248428345,8,7,0.24494943707593364,0.5383472386747599,0.03125
1406,8.973323702812195,11,10,0.24470448763885772,0.4577356993051415,0.1474609375
1407,3.984193444252014,6,5,0.24445978315121886,0.23269494607423744,0.025146484375
1408,-1.0,1,0,0.24421532336806764,0.13929377496242523,0.0
1409,1.0,3,2,0.24397110804469957,0.2306206670279304,0.0
1410,-1.0,1,0,0.24372713693665488,0.00542039331048727,0.0
1411,-1.0,1,0,0.24348340979971822,1.376133918762207,0.0
1412,0.0,2,1,0.2432399263899185,0.00479890825226903,0.010986328125
1413,-1.0,1,0,0.2429966864635286,0.11971655488014221,0.0
1414,9.0,11,10,0.24275368977706507,0.47000631309029733,0.060546875
1415,1.0,3,2,0.24251093608728802,0.06463278209169705,0.009521484375
1416,2.0,4,3,0.24226842515120073,0.19149517640471458,0.02587890625
1417,6.0,8,7,0.24202615672604952,0.37137325725052506,0.03515625
1418,-1.0,1,0,0.24178413056932346,0.015007933601737022,0.0
1419,2.0,4,3,0.24154234643875414,0.8988886767765507,0.0
1420,-1.0,1,0,0.24130080409231539,0.674651026725769,0.0
1421,1.0,3,2,0.24105950328822306,0.46793332633872825,0.021728515625
1422,3.0,5,4,0.24081844378493483,0.3213267753832042,0.0078125
1423,0.0,2,1,0.2405776253411499,0.009100554045289755,0.005126953125
1424,-1.0,1,0,0.24033704771580874,0.0065015871077775955,0.0
1425,0.0,2,1,0.24009671066809293,0.3459219252690673,0.0
1426,5.9676297307014465,8,7,0.23985661395742483,0.2572008653078228,0.07763671875
1427,1.0,3,2,0.2396167573434674,0.09595189119378726,0.0
1428,10.955839812755585,13,12,0.23937714058612394,0.6605337622503822,0.071044921875
1429,4.972295343875885,7,6,0.23913776344553783,0.23024844730805075,0.037109375
1430,2.0,4,3,0.2388986256820923,0.51967508578673,0.0
1431,1.0,3,2,0.2386597270564102,0.2325770085056623,0.005859375
1432,-1.0,1,0,0.23842106732935378,1.3522210121154785,0.0
1433,0.0,2,1,0.23818264626202443,0.3429983966052532,0.009033203125
1434,1.0,3,2,0.2379444636157624,0.23047301033511758,0.0107421875
1435,3.0,5,4,0.23770651915214663,0.5431264851242303,0.03271484375
1436,1.0,3,2,0.2374688126329945,0.01398652202139298,0.031982421875
1437,0.0,2,1,0.23723134382036148,1.0272808969020844,0.00341796875
1438,1.0,3,2,0.23699411247654112,0.45218199646721285,0.00830078125
1439,-1.0,1,0,0.23675711836406457,1.384577751159668,0.0
1440,8.82922512292862,11,10,0.2365203612457005,0.41842426342720335,0.124267578125
1441,-1.0,1,0,0.2362838408844548,0.7405725717544556,0.0
1442,7.745677590370178,10,9,0.23604755704357036,0.11738994210027158,0.06005859375
1443,16.538345754146576,19,18,0.2358115094865268,0.12758546930394674,0.13427734375
1444,2.0,4,3,0.23557569797704025,0.3696363263297826,0.012451171875
1445,-1.0,1,0,0.2353401222790632,0.6781423687934875,0.0
1446,2.0,4,3,0.23510478215678413,0.3672950683394447,0.006591796875
1447,12.733738899230957,15,14,0.23486967737462733,0.4019163789227605,0.054443359375
1448,4.997980296611786,7,6,0.2346348076972527,0.5081973542193217,0.033935546875
1449,-1.0,1,0,0.23440017288955545,0.6747713088989258,0.0
1450,9.581203937530518,12,11,0.2341657727166659,0.362042043164062,0.1328125
1451,10.83825558423996,13,12,0.2339316069439492,0.4564462901594547,0.11474609375
1452,-1.0,1,0,0.23369767533700525,1.3491052389144897,0.0
1453,7.0,9,8,0.23346397766166824,0.2713981619518664,0.086669921875
1454,0.0,2,1,0.23323051368400657,0.015427307691425085,0.041015625
1455,0.0,2,1,0.23299728317032256,0.0309583293274045,0.00146484375
1456,2.0,4,3,0.23276428588715223,0.68631262332201,0.0166015625
1457,5.0,7,6,0.23253152160126508,0.20402656186238996,0.137451171875
1458,5.991110801696777,8,7,0.23229899007966381,0.5601889404351823,0.020263671875
1459,-1.0,1,0,0.23206669108958414,0.012409763410687447,0.0
1460,-1.0,1,0,0.23183462439849456,0.010874781757593155,0.0
1461,-1.0,1,0,0.23160278977409607,0.1420217752456665,0.0
1462,4.982876420021057,7,6,0.23137118698432196,0.6861194223165512,0.044677734375
1463,-1.0,1,0,0.23113981579733764,0.6864604949951172,0.0
1464,16.897150099277496,19,18,0.2309086759815403,0.2050167667238336,0.135498046875
1465,1.0,3,2,0.23067776730555875,0.48135328851640224,0.01708984375
1466,2.0,4,3,0.23044708953825319,0.6889692627592012,0.02197265625
1467,-1.0,1,0,0.23021664244871493,0.008044053800404072,0.0
1468,-1.0,1,0,0.22998642580626621,0.6820199489593506,0.0
1469,4.0,6,5,0.22975643938045995,0.47495488403365016,0.0322265625
1470,2.0,4,3,0.2295266829410795,0.562034459784627,0.02099609375
1471,0.0,2,1,0.22929715625813843,0.34810979571193457,0.005615234375
1472,-1.0,1,0,0.2290678591018803,0.005606371443718672,0.0
1473,1.0,3,2,0.22883879124277842,0.6857834346592426,0.027099609375
1474,2.990675985813141,5,4,0.22860995245153565,0.5962643256410957,0.0078125
1475,3.0,5,4,0.22838134249908412,0.011211414635181428,0.01220703125
1476,1.9889506101608276,4,3,0.22815296115658504,0.3292910991003737,0.033203125
1477,-1.0,1,0,0.22792480819542846,0.7282238602638245,0.0
1478,1.0,3,2,0.22769688338723304,0.2605592372516791,0.084716796875
1479,3.0,5,4,0.22746918650384582,0.040447949804365634,0.037353515625
1480,1.0,3,2,0.22724171731734197,0.2644544802606106,0.039306640625
1481,3.0,5,4,0.22701447560002463,0.2862820480018854,0.01611328125
1482,2.0,4,3,0.2267874611244246,0.18161268695257604,0.02978515625
1483,0.0,2,1,0.22656067366330018,0.011486316565424204,0.0
1484,-1.0,1,0,0.22633411298963688,0.6954852342605591,0.0
1485,1.0,3,2,0.22610777887664724,0.05585360837479433,0.012939453125
1486,3.0,5,4,0.22588167109777058,0.44909192752093074,0.043701171875
1487,0.0,2,1,0.2256557894266728,0.009298757184296846,0.003662109375
1488,8.851743280887604,11,10,0.22543013363724612,0.7029655971564353,0.0703125
1489,0.0,2,1,0.22520470350360888,0.7299808859825134,0.0
1490,20.314329385757446,23,22,0.2249794988001053,0.17817566574186736,0.10986328125
1491,-1.0,1,0,0.2247545193013052,0.011331699788570404,0.0
1492,17.05044376850128,20,19,0.22452976478200387,0.18699258409906178,0.149658203125
1493,-1.0,1,0,0.22430523501722185,1.3569883108139038,0.0
1494,-1.0,1,0,0.22408092978220462,0.02374870702624321,0.0
1495,8.967002272605896,11,10,0.2238568488524224,0.456442696000026,0.061767578125
1496,13.649114787578583,16,15,0.22363299200356998,0.2531141188228503,0.176025390625
1497,0.0,2,1,0.22340935901156642,0.7372668832540512,0.0
1498,1.0,3,2,0.22318594965255484,0.730842391649882,0.01318359375
1499,3.0,5,4,0.22296276370290227,0.415122476965189,0.021240234375
1500,-1.0,1,0,0.22273980093919937,1.461058259010315,0.0
1501,-1.0,1,0,0.22251706113826017,0.12190738320350647,0.0
1502,3.0,5,4,0.2222945440771219,0.44490685472264885,0.022705078125
1503,2.984072685241699,5,4,0.22207224953304477,0.033696248196065426,0.02685546875
1504,0.0,2,1,0.22185017728351172,0.0653578769415617,0.0
1505,0.0,2,1,0.2216283271062282,0.40766294300556183,0.005615234375
1506,0.0,2,1,0.22140669877912197,0.00871264049783349,0.023193359375
1507,6.974008023738861,9,8,0.22118529208034285,0.13688601553440094,0.085205078125
1508,2.0,4,3,0.2209641067882625,0.8833321973215789,0.026611328125
1509,1.0,3,2,0.22074314268147424,0.2525140854219596,0.006103515625
1510,6.0,8,7,0.22052239953879277,0.5513512432808056,0.101318359375
1511,2.969429850578308,5,4,0.22030187713925398,0.3412771405652165,0.017333984375
1512,9.922455310821533,12,11,0.22008157526211472,0.589996482206819,0.113037109375
1513,3.0,5,4,0.2198614936868526,0.4251234209164977,0.012939453125
1514,1.9930932521820068,4,3,0.21964163219316574,0.3499099829932675,0.011962890625
1515,16.901767551898956,19,18,0.21942199056097256,0.2082969781109377,0.15771484375
1516,9.711773693561554,12,11,0.2192025685704116,0.3615991078549996,0.109375
1517,9.889994144439697,12,11,0.21898336600184118,0.43032941392933327,0.068359375
1518,1.0,3,2,0.21876438263583933,0.5297711044549942,0.00244140625
1519,-1.0,1,0,0.21854561825320348,0.011739485897123814,0.0
1520,0.0,2,1,0.21832707263495027,0.3604147043079138,0.0
1521,2.0,4,3,0.21810874556231533,0.36880326224491,0.00341796875
1522,0.0,2,1,0.217890636816753,0.04089656472206116,0.02392578125
1523,0.9912239909172058,3,2,0.21767274617993623,0.7123511383930842,0.0029296875
1524,4.0,6,5,0.2174550734337563,0.3848452043409149,0.046630859375
1525,0.0,2,1,0.21723761836032254,0.02082681655883789,0.01513671875
1526,6.970718622207642,9,8,0.21702038074196223,0.28331075836386943,0.07421875
1527,1.0,3,2,0.21680336036122028,0.7350951433181763,0.03125
1528,5.99307107925415,8,7,0.21658655700085905,0.5482638604589738,0.053466796875
1529,0.0,2,1,0.2163699704438582,0.015439041424542665,0.005126953125
1530,7.995724260807037,10,9,0.21615360047341434,0.6173596538603305,0.08837890625
1531,5.9573312401771545,8,7,0.21593744687294092,0.663443393772468,0.057373046875
1532,0.0,2,1,0.21572150942606796,0.9032050669193268,0.0
1533,-1.0,1,0,0.2155057879166419,0.01564389280974865,0.0
1534,4.0,6,5,0.21529028212872525,0.3644527674963077,0.031982421875
1535,2.0,4,3,0.21507499184659654,0.3815603768453002,0.002685546875
1536,5.823177218437195,8,7,0.21485991685474995,0.626632655505091,0.07861328125
1537,6.9084848165512085,9,8,0.2146450569378952,0.3487546905461285,0.0244140625
1538,-1.0,1,0,0.21443041188095732,0.017491312697529793,0.0
1539,1.0,3,2,0.21421598146907636,0.22588376607745886,0.025146484375
1540,3.980522930622101,6,5,0.21400176548760727,0.41222864874483395,0.02685546875
1541,-1.0,1,0,0.21378776372211966,0.11374643445014954,0.0
1542,-1.0,1,0,0.21357397595839755,0.12488337606191635,0.0
1543,1.0,3,2,0.21336040198243916,0.23711406594763199,0.0
1544,0.0,2,1,0.21314704158045672,0.4030158072710037,0.00439453125
1545,6.0,8,7,0.21293389453887626,0.04471108608413488,0.01806640625
1546,1.0,3,2,0.21272096064433738,0.26264640130102634,0.021240234375
1547,6.9802422523498535,9,8,0.21250823968369303,0.4375322653601567,0.0654296875
1548,2.0,4,3,0.21229573144400934,0.20654893247410655,0.009033203125
1549,-1.0,1,0,0.21208343571256533,0.018930532038211823,0.0
1550,8.798474311828613,11,10,0.21187135227685275,0.2756619377231056,0.02978515625
1551,0.0,2,1,0.2116594809245759,0.5192179903388023,0.015380859375
1552,4.981019020080566,7,6,0.21144782144365132,0.3520603020276342,0.010498046875
1553,9.824138104915619,12,11,0.21123637362220768,0.1672841194861879,0.051513671875
1554,1.0,3,2,0.21102513724858546,0.5277825767795244,0.0
1555,4.0,6,5,0.21081411211133688,0.7128470859800776,0.03564453125
1556,5.0,7,6,0.21060329799922556,0.2599724217184952,0.024169921875
1557,-1.0,1,0,0.21039269470122635,0.10849204659461975,0.0
1558,3.9740676283836365,6,5,0.21018230200652513,0.4893715597378711,0.037841796875
1559,1.0,3,2,0.2099721197045186,0.2967762111996611,0.019775390625
1560,3.8889912962913513,6,5,0.20976214758481407,0.4850521384117504,0.06982421875
1561,14.409821569919586,17,16,0.20955238543722926,0.4287928949274561,0.128662109375
1562,-1.0,1,0,0.20934283305179202,0.7046523094177246,0.0
1563,2.9690074920654297,5,4,0.20913349021874023,0.33101860862225296,0.06591796875
1564,2.0,4,3,0.2089243567285215,0.035500584286637604,0.063232421875
1565,2.0,4,3,0.20871543237179296,0.5620100751984864,0.021240234375
1566,-1.0,1,0,0.20850671693942116,0.01280619390308857,0.0
1567,-1.0,1,0,0.20829821022248174,0.7016621232032776,0.0
1568,3.9818426370620728,6,5,0.20808991201225926,0.28123283851891756,0.040771484375
1569,-1.0,1,0,0.207881822100247,0.004166885279119015,0.0
1570,8.796982526779175,11,10,0.20767394027814676,0.42459536758674815,0.086181640625
1571,0.0,2,1,0.2074662663378686,0.4343557010870427,0.015380859375
1572,3.978426694869995,6,5,0.20725880007153075,0.2669128191967805,0.009521484375
1573,5.986172258853912,8,7,0.20705154127145922,0.1295103239826858,0.05322265625
1574,8.0,10,9,0.20684448973018776,0.37746098786592486,0.127685546875
1575,0.9828988909721375,3,2,0.20663764524045758,0.701166237394015,0.00927734375
1576,-1.0,1,0,0.20643100759521713,0.009968956001102924,0.0
1577,5.0,7,6,0.20622457658762192,0.6379560856148601,0.086181640625
1578,1.0,3,2,0.2060183520110343,0.013661492926379045,0.017822265625
1579,4.959073305130005,7,6,0.20581233365902327,0.2433912561142019,0.051513671875
1580,6.966809391975403,9,8,0.20560652132536425,0.46861651860591436,0.068359375
1581,0.0,2,1,0.20540091480403888,0.4337292378768325,0.00146484375
1582,-1.0,1,0,0.20519551388923485,0.012745805084705353,0.0
1583,4.905542492866516,7,6,0.20499031837534562,0.337128897862775,0.065185546875
1584,2.978632867336273,5,4,0.20478532805697028,0.4639702677726746,0.00537109375
1585,7.0,9,8,0.2045805427289133,0.2503346156121956,0.097412109375
1586,2.943308174610138,5,4,0.20437596218618437,0.5820733986794948,0.06640625
1587,4.0,6,5,0.2041715862239982,0.13735777341450253,0.04638671875
1588,3.0,5,4,0.2039674146377742,0.5868659818544983,0.037841796875
1589,4.805216073989868,7,6,0.20376344722313644,0.2170381087676755,0.015625
1590,0.0,2,1,0.2035596837759133,0.77428138256073,0.00439453125
1591,0.0,2,1,0.20335612409213738,1.1228594183921814,0.005615234375
1592,13.576304972171783,16,15,0.20315276796804524,0.3913182059186511,0.19873046875
1593,13.899601519107819,16,15,0.2029496152000772,0.1898094981443137,0.15966796875
1594,-1.0,1,0,0.20274666558487714,0.06499749422073364,0.0
1595,7.854808747768402,10,9,0.20254391891929227,0.37845745161175726,0.1171875
1596,-1.0,1,0,0.20234137500037297,0.010937058366835117,0.0
1597,8.93024069070816,11,10,0.20213903362537258,0.56239281069826,0.052490234375
1598,11.908655166625977,14,13,0.2019368945917472,0.48244569337527665,0.06689453125
1599,1.0,3,2,0.20173495769715546,0.2509527529279391,0.05517578125
1600,2.0,4,3,0.2015332227394583,0.8881812312174588,0.0244140625
1601,2.0,4,3,0.20133168951671884,0.1838284474797547,0.05419921875
1602,0.0,2,1,0.20113035782720212,0.00970285665243864,0.0
1603,14.845823407173157,17,16,0.20092922746937492,0.24947640740805688,0.16064453125
1604,2.0,4,3,0.20072829824190555,0.746268386952579,0.06005859375
1605,3.0,5,4,0.20052756994366364,0.35767011940479276,0.013427734375
1606,5.0,7,6,0.20032704237371998,0.46115885648344246,0.0751953125
1607,1.0,3,2,0.20012671533134627,0.2781279922152559,0.0048828125
1608,-1.0,1,0,0.19992658861601492,0.010883959010243416,0.0
1609,-1.0,1,0,0.19972666202739892,0.019853796809911728,0.0
1610,17.703367590904236,20,19,0.19952693536537153,0.38080332218669355,0.15283203125
1611,0.0,2,1,0.19932740843000615,0.39480479434132576,0.0
1612,15.88494747877121,18,17,0.19912808102157614,0.25680475438841516,0.180419921875
1613,3.9925485253334045,6,5,0.19892895294055457,0.5104131338497003,0.020751953125
1614,-1.0,1,0,0.19873002398761402,1.5084514617919922,0.0
1615,2.0,4,3,0.1985312939636264,0.3586086337454617,0.01953125
1616,0.0,2,1,0.19833276266966277,0.018428144045174122,0.0
1617,0.0,2,1,0.1981344299069931,0.43668728321790695,0.0
1618,0.0,2,1,0.1979362954770861,0.3897034116089344,0.00439453125
1619,-1.0,1,0,0.197738359181609,0.7044747471809387,0.0
1620,-1.0,1,0,0.1975406208224274,0.0296943336725235,0.0
1621,11.835873126983643,14,13,0.197343080201605,0.5680386380159429,0.083740234375
1622,-1.0,1,0,0.19714573712140337,0.01627952605485916,0.0
1623,7.981180846691132,10,9,0.19694859138428197,0.2493759101256728,0.052001953125
1624,4.0,6,5,0.1967516427928977,0.3863665054862698,0.044921875
1625,3.976030945777893,6,5,0.1965548911501048,0.3657833728939295,0.01025390625
1626,-1.0,1,0,0.19635833625895469,1.3905436992645264,0.0
1627,2.98807430267334,5,4,0.19616197792269574,0.4234745346009731,0.011474609375
1628,-1.0,1,0,0.19596581594477305,0.027121741324663162,0.0
1629,0.0,2,1,0.19576985012882828,0.3567432537674904,0.0
1630,0.0,2,1,0.19557408027869944,0.05337383737787604,0.041748046875
1631,9.8393315076828,12,11,0.19537850619842073,0.305468776767763,0.08349609375
1632,-1.0,1,0,0.19518312769222232,0.008032004348933697,0.0
1633,-1.0,1,0,0.19498794456453009,0.7143712639808655,0.0
1634,0.0,2,1,0.19479295661996557,0.737365398555994,0.0
1635,14.542964220046997,18,17,0.1945981636633456,0.611128791804529,0.072265625
1636,13.0,15,14,0.19440356549968224,0.35569094972064097,0.138916015625
1637,0.0,2,1,0.19420916193418256,0.013382106088101864,0.007568359375
1638,-1.0,1,0,0.19401495277224837,0.02217588573694229,0.0
1639,0.0,2,1,0.19382093781947612,0.3629186116158962,0.000732421875
1640,4.0,6,5,0.19362711688165665,0.4889420955441892,0.037841796875
1641,-1.0,1,0,0.193433489764775,0.016386501491069794,0.0
1642,0.0,2,1,0.19324005627501023,0.3538819868117571,0.003173828125
1643,3.0,5,4,0.1930468162187352,0.15812480747699736,0.040283203125
1644,5.90008682012558,8,7,0.19285376940251647,0.44342952338047326,0.031005859375
1645,8.818503260612488,11,10,0.19266091563311397,0.3028167915445837,0.0458984375
1646,0.0,2,1,0.19246825471748086,0.01950804702937603,0.007080078125
1647,5.0,7,6,0.1922757864627634,0.32261435341622147,0.185302734375
1648,6.927085220813751,9,8,0.1920835106763006,0.4014368715385596,0.15185546875
1649,1.0,3,2,0.19189142716562432,0.25734607223421335,0.025390625
1650,1.9857549667358398,4,3,0.1916995357384587,0.37511593755334616,0.047119140625
1651,3.0,5,4,0.19150783620272022,0.16429380476474761,0.01318359375
1652,3.992082178592682,6,5,0.1913163283665175,0.6897024113374451,0.0263671875
1653,6.0,8,7,0.19112501203815097,0.11583783687092364,0.072509765625
1654,0.0,2,1,0.1909338870261128,0.024446834810078144,0.0
1655,7.976867973804474,10,9,0.19074295313908668,0.17159845819696784,0.027099609375
1656,12.706757366657257,15,14,0.1905522101859476,0.5702122348050277,0.073486328125
1657,-1.0,1,0,0.19036165797576166,0.6874386668205261,0.0
1658,5.942062139511108,8,7,0.1901712963177859,0.2740843077772297,0.076416015625
1659,-1.0,1,0,0.1899811250214681,0.6912023425102234,0.0
1660,6.9001429080963135,9,8,0.18979114389644663,0.2626341740704245,0.1201171875
1661,3.0,5,4,0.1896013527525502,0.162594975810498,0.049560546875
1662,3.0,5,4,0.18941175139979763,0.32094497680664064,0.044677734375
1663,3.906459629535675,6,5,0.18922233964839782,0.25792489806190133,0.057861328125
1664,39.09283357858658,42,41,0.18903311730874942,0.3684136881603904,0.3525390625
1665,13.88302594423294,16,15,0.18884408419144066,0.5066566087480169,0.083251953125
1666,4.0,6,5,0.1886552401072492,0.7005054717883468,0.05908203125
1667,8.99223530292511,11,10,0.18846658486714196,0.5163227553394708,0.123046875
1668,0.0,2,1,0.1882781182822748,0.011411176063120365,0.0068359375
1669,-1.0,1,0,0.18808984016399252,0.018885131925344467,0.0
1670,9.948766827583313,12,11,0.18790175032382853,0.543884884721289,0.090576171875
1671,5.963808834552765,8,7,0.1877138485735047,0.12707161321304739,0.048583984375
1672,29.925588726997375,36,35,0.1875261347249312,0.48072980056490955,0.2294921875
1673,5.941197633743286,8,7,0.1873386085902063,0.6627663038671017,0.012939453125
1674,4.0,6,5,0.18715126998161608,0.785168400965631,0.038330078125
1675,12.7547966837883,15,14,0.18696411871163446,0.46978467193742596,0.07958984375
1676,0.0,2,1,0.18677715459292282,0.3499047039076686,0.0087890625
1677,5.980308294296265,8,7,0.1865903774383299,0.21876350603997707,0.1162109375
1678,5.986458599567413,8,7,0.18640378706089158,0.31570549053139985,0.083740234375
1679,3.0,5,4,0.1862173832738307,0.4469959544017911,0.03955078125
1680,3.9975308775901794,6,5,0.18603116589055688,0.365293197799474,0.012451171875
1681,4.981339454650879,7,6,0.18584513472466632,0.4798702795856765,0.057373046875
1682,4.9245851039886475,7,6,0.18565928958994166,0.3121985906202878,0.07763671875
1683,4.987120568752289,7,6,0.18547363030035172,0.7960499844380787,0.022216796875
1684,0.0,2,1,0.18528815667005136,0.41660379618406296,0.011962890625
1685,2.0,4,3,0.1851028685133813,0.3675609938800335,0.01611328125
1686,-1.0,1,0,0.18491776564486792,0.05462995916604996,0.0
1687,2.0,4,3,0.18473284787922306,0.18267729692161083,0.081298828125
1688,2.0,4,3,0.18454811503134383,0.5646435737144202,0.037353515625
1689,9.0,11,10,0.18436356691631248,0.4444437264041467,0.093505859375
1690,0.0,2,1,0.18417920334939616,0.026376099325716496,0.01025390625
1691,1.0,3,2,0.18399502414604677,0.5099931936711073,0.00341796875
1692,5.980446040630341,8,7,0.18381102912190073,0.4968351742718369,0.0654296875
1693,9.678645074367523,12,11,0.18362721809277882,0.42056675332908827,0.06201171875
1694,7.545186161994934,10,9,0.18344359087468604,0.28372644116170703,0.01806640625
1695,5.924483776092529,8,7,0.18326014728381135,0.2816300727427006,0.048828125
1696,2.0,4,3,0.18307688713652753,0.5646353531628847,0.015380859375
1697,2.0,4,3,0.182893810249391,0.4908652175217867,0.010498046875
1698,0.9950273633003235,3,2,0.1827109164391416,0.4660054836422205,0.0205078125
1699,1.0,3,2,0.18252820552270246,0.4672344923019409,0.014892578125
1700,3.9868170022964478,6,5,0.18234567731717977,0.1299625316169113,0.025634765625
1701,3.0,5,4,0.1821633316398626,0.49570324942469596,0.01123046875
1702,4.907010138034821,7,6,0.18198116830822272,0.4913496558687517,0.104736328125
1703,-1.0,1,0,0.1817991871399145,0.6726362705230713,0.0
1704,3.0,5,4,0.18161738795277457,0.6091253003105521,0.067138671875
1705,1.0,3,2,0.1814357705648218,0.28612386497358483,0.01611328125
1706,-1.0,1,0,0.18125433479425698,0.6708377003669739,0.0
1707,-1.0,1,0,0.18107308045946272,0.020589889958500862,0.0
1708,36.59025263786316,40,39,0.18089200737900324,0.38197000671643766,0.274658203125
1709,2.0,4,3,0.18071111537162424,0.3257947713136673,0.055908203125
1710,0.9926633238792419,3,2,0.1805304042562526,0.23944244968394438,0.00537109375
1711,4.983133554458618,7,6,0.18034987385199636,0.4921108933963946,0.093994140625
1712,1.0,3,2,0.18016952397814437,0.5116022173315287,0.004638671875
1713,29.597075939178467,32,31,0.17998935445416622,0.45892228597949725,0.420166015625
1714,1.9886898398399353,4,3,0.17980936509971204,0.3531695678830147,0.0126953125
1715,-1.0,1,0,0.17962955573461234,0.6764947175979614,0.0
1716,0.0,2,1,0.17944992617887773,0.8447427451610565,0.0087890625
1717,21.565728545188904,24,23,0.17927047625269885,0.5508438645629212,0.40185546875
1718,19.24154269695282,22,21,0.17909120577644616,0.5998627595518801,0.1533203125
1719,1.0,3,2,0.17891211457066972,0.6111953556537628,0.020751953125
1720,3.0,5,4,0.17873320245609906,0.9196719696745277,0.103515625
1721,21.488034188747406,24,23,0.17855446925364296,0.4761329968459904,0.1328125
1722,19.671384751796722,22,21,0.17837591478438933,0.4606700842057101,0.256591796875
1723,4.929148375988007,7,6,0.17819753886960493,0.39492373993354185,0.0634765625
1724,6.953222692012787,9,8,0.17801934133073533,0.15512720019453102,0.05908203125
1725,1.0,3,2,0.17784132198940458,0.45588311087340117,0.00732421875
1726,1.0,3,2,0.1776634806674152,0.2627146976689498,0.0087890625
1727,4.994066655635834,7,6,0.17748581718674777,0.3107115394834961,0.018310546875
1728,8.830970883369446,11,10,0.17730833136956103,0.4106806203384291,0.0576171875
1729,0.0,2,1,0.17713102303819148,0.6727389115840197,0.021728515625
1730,-1.0,1,0,0.1769538920151533,0.032989926636219025,0.0
1731,13.987277865409851,16,15,0.17677693812313813,0.4473513481207192,0.052734375
1732,6.735581696033478,9,8,0.17660016118501498,0.40338408450285596,0.048095703125
1733,1.0,3,2,0.17642356102382997,0.29452939083178836,0.04296875
1734,3.0,5,4,0.17624713746280615,0.29151110593229534,0.042724609375
1735,-1.0,1,0,0.17607089032534334,0.01780402846634388,0.0
1736,7.975121974945068,10,9,0.175894819435018,0.6726686849724501,0.087646484375
1737,-1.0,1,0,0.17571892461558297,0.016723982989788055,0.0
1738,0.0,2,1,0.1755432056909674,0.33434527926146984,0.0
1739,0.9714484214782715,3,2,0.17536766248527644,0.2627815765639146,0.005615234375
1740,14.985819816589355,17,16,0.17519229482279117,0.49891302772961993,0.165283203125
1741,0.0,2,1,0.17501710252796837,0.49480558931827545,0.009033203125
1742,1.0,3,2,0.1748420854254404,0.043140518789490066,0.02294921875
1743,1.0,3,2,0.17466724334001496,0.013459564574683705,0.01611328125
1744,1.0,3,2,0.17449257609667496,0.7892281611760458,0.006103515625
1745,14.75418108701706,17,16,0.1743180835205783,0.5539881586206749,0.096435546875
1746,8.954293668270111,11,10,0.1741437654370577,0.24124711845070124,0.140869140625
1747,1.0,3,2,0.17396962167162064,0.10257695677379768,0.009521484375
1748,16.285816073417664,19,18,0.173795652049949,0.45812952469446155,0.146240234375
1749,2.966629207134247,5,4,0.17362185639789907,0.8586342722177506,0.029296875
1750,12.549184024333954,15,14,0.17344823454150116,0.4001962896436453,0.138916015625
1751,0.0,2,1,0.17327478630695967,0.7291474640369415,0.0
1752,4.958021283149719,7,6,0.1731015115206527,0.41540840161698206,0.109619140625
1753,0.0,2,1,0.17292841000913206,0.3257606588304043,0.0
1754,1.0,3,2,0.17275548159912293,0.02690408316751321,0.008056640625
1755,5.0,7,6,0.17258272611752382,0.7900259633149419,0.125
1756,4.832738995552063,7,6,0.17241014339140628,0.27166228289050715,0.111572265625
1757,0.0,2,1,0.1722377332480149,0.4356963559985161,0.00634765625
1758,-1.0,1,0,0.17206549551476688,0.6565515995025635,0.0
1759,14.0,16,15,0.1718934300192521,0.25112459622323513,0.1572265625
1760,5.9354605078697205,8,7,0.17172153658923286,0.3189531017560512,0.08984375
1761,5.977701663970947,8,7,0.17154981505264363,0.6579473648453131,0.047607421875
1762,2.9607890844345093,5,4,0.17137826523759098,0.28546740896999834,0.015625
1763,0.9941277503967285,3,2,0.1712068869723534,0.1615907351175944,0.005126953125
1764,8.0,10,9,0.17103568008538103,0.2518635717220604,0.04345703125
1765,6.955448091030121,9,8,0.17086464440529564,0.26935768344750005,0.091552734375
1766,3.0,5,4,0.17069377976089034,0.0727194134145975,0.02099609375
1767,-1.0,1,0,0.17052308598112945,0.06457509845495224,0.0
1768,0.0,2,1,0.17035256289514833,0.3440779848024249,0.0
1769,1.0,3,2,0.17018221033225317,0.6502369828522205,0.0
1770,3.984372138977051,6,5,0.17001202812192093,0.49928602622821927,0.008056640625
1771,5.971976220607758,8,7,0.169842016093799,0.38413934712298214,0.054443359375
1772,18.440838515758514,21,20,0.1696721740777052,0.46131631867250517,0.091552734375
1773,5.95821475982666,8,7,0.1695025019036275,0.42928678868338466,0.05224609375
1774,4.0,6,5,0.1693329994017239,0.18214910415311655,0.03759765625
1775,1.0,3,2,0.16916366640232217,0.25774204917252064,0.013916015625
1776,2.971671402454376,5,4,0.16899450273591984,0.4771192606538534,0.0478515625
1777,0.0,2,1,0.16882550823318393,0.6374043896794319,0.0
1778,0.0,2,1,0.16865668272495074,0.9509289562702179,0.0
1779,18.68743246793747,21,20,0.1684880260422258,0.30348295208421494,0.140380859375
1780,-1.0,1,0,0.16831953801618357,0.6352297067642212,0.0
1781,32.455141603946686,36,35,0.16815121847816739,0.46980600625587005,0.304443359375
1782,23.507797718048096,26,25,0.16798306725968923,0.22600398108792993,0.25439453125
1783,2.0,4,3,0.16781508419242955,0.846982566639781,0.03466796875
1784,8.676872074604034,11,10,0.16764726910823713,0.40416983946819196,0.05517578125
1785,6.894340813159943,9,8,0.1674796218391289,0.41391936430914533,0.022705078125
1786,1.0,3,2,0.16731214221728977,0.04345500220855077,0.00830078125
1787,13.875496208667755,16,15,0.16714483007507247,0.3114371869014576,0.12841796875
1788,5.968050599098206,8,7,0.1669776852449974,0.5398262329399586,0.036376953125
1789,10.977840065956116,13,12,0.1668107075597524,0.3586449513498407,0.035888671875
1790,7.0,9,8,0.16664389685219266,0.5809772049801217,0.044189453125
1791,19.56481385231018,22,21,0.16647725295534047,0.3524168243166059,0.184326171875
1792,-1.0,1,0,0.16631077570238512,0.021285729482769966,0.0
1793,-1.0,1,0,0.16614446492668272,0.34357327222824097,0.0
1794,1.9911438822746277,4,3,0.16597832046175603,0.5286015649326146,0.011962890625
1795,-1.0,1,0,0.16581234214129428,1.393641710281372,0.0
1796,-1.0,1,0,0.16564652979915298,0.01108989492058754,0.0
1797,3.0,5,4,0.16548088326935384,0.6485503189265728,0.067138671875
1798,3.0,5,4,0.1653154023860845,0.299521354585886,0.051025390625
1799,-1.0,1,0,0.1651500869836984,0.8085238337516785,0.0
1800,-1.0,1,0,0.1649849368967147,0.6300892233848572,0.0
1801,1.0,3,2,0.164819951959818,0.43023136879007023,0.035888671875
1802,14.956978678703308,17,16,0.16465513200785817,0.4116415864623645,0.154296875
1803,7.0,9,8,0.1644904768758503,0.2834110769132773,0.08203125
1804,4.965687930583954,7,6,0.16432598639897444,0.208156633722995,0.017578125
1805,-1.0,1,0,0.16416166041257546,1.2188704013824463,0.0
1806,-1.0,1,0,0.16399749875216288,1.2281132936477661,0.0
1807,3.0,5,4,0.16383350125341073,0.43076644791290164,0.01953125
1808,-1.0,1,0,0.16366966775215733,0.041661981493234634,0.0
1809,0.0,2,1,0.16350599808440516,0.969444751739502,0.00634765625
1810,9.960748732089996,12,11,0.16334249208632076,0.6593083551463982,0.03857421875
1811,0.0,2,1,0.16317914959423443,0.15284550935029984,0.0
1812,6.84553188085556,9,8,0.1630159704446402,0.3007189722524749,0.079345703125
1813,-1.0,1,0,0.16285295447419557,0.034919776022434235,0.0
1814,-1.0,1,0,0.16269010151972138,0.024972733110189438,0.0
1815,3.0,5,4,0.16252741141820165,0.3544427644461393,0.01318359375
1816,9.897208034992218,12,11,0.16236488400678345,0.2563899434171617,0.072265625
1817,0.0,2,1,0.16220251912277667,0.03238661680370569,0.006591796875
1818,26.659163653850555,30,29,0.1620403166036539,0.41223528287373484,0.223876953125
1819,16.740359127521515,19,18,0.16187827628705023,0.42548930189131123,0.16845703125
1820,0.0,2,1,0.16171639801076318,1.183479905128479,0.01708984375
1821,6.996455729007721,9,8,0.1615546816127524,0.37935691451032955,0.037353515625
1822,7.813607931137085,10,9,0.16139312693113966,0.4690164783038199,0.078369140625
1823,3.9299765825271606,6,5,0.16123173380420852,0.1645154234332343,0.0087890625
1824,-1.0,1,0,0.16107050207040433,0.6215076446533203,0.0
1825,3.9570021629333496,6,5,0.16090943156833393,0.45907497421527904,0.0419921875
1826,0.9941406846046448,3,2,0.1607485221367656,0.5398942815760771,0.0029296875
1827,12.93733036518097,15,14,0.16058777361462884,0.26226645428687334,0.1181640625
1828,18.962384462356567,22,21,0.1604271858410142,0.29461004168049176,0.2763671875
1829,5.842240273952484,8,7,0.16026675865517317,0.28992376441601664,0.052978515625
1830,0.0,2,1,0.160106491896518,0.049010252580046654,0.027099609375
1831,-1.0,1,0,0.15994638540462147,0.02150077000260353,0.0
1832,3.0,5,4,0.15978643901921685,0.4341296061873436,0.02685546875
1833,-1.0,1,0,0.15962665258019765,1.3660259246826172,0.0
1834,5.9663379192352295,8,7,0.15946702592761744,0.49468125915154815,0.0947265625
1835,5.0,7,6,0.15930755890168982,0.38223155441560913,0.193603515625
1836,40.08178776502609,43,42,0.15914825134278812,0.499647400601832,0.24658203125
1837,0.0,2,1,0.15898910309144534,0.32096188608556986,0.00537109375
1838,0.0,2,1,0.1588301139883539,0.9573927521705627,0.01025390625
1839,10.479775846004486,13,12,0.15867128387436555,0.2684786537877069,0.113037109375
1840,0.0,2,1,0.15851261259049118,0.292399225756526,0.0224609375
1841,-1.0,1,0,0.1583540999779007,0.01692379266023636,0.0
1842,9.755326867103577,12,11,0.1581957458779228,0.3302439908341815,0.109375
1843,1.9911766648292542,4,3,0.15803755013204487,0.43724369164556265,0.00830078125
1844,-1.0,1,0,0.15787951258191282,0.5907952785491943,0.0
1845,1.9638850688934326,4,3,0.1577216330693309,0.3518155524507165,0.0029296875
1846,4.0,6,5,0.15756391143626158,0.3986171038510899,0.0361328125
1847,9.990322053432465,12,11,0.15740634752482532,0.30564483744092286,0.197265625
1848,13.926398813724518,16,15,0.1572489411773005,0.48533472552662715,0.206787109375
1849,2.0,4,3,0.1570916922361232,0.47333999909460545,0.005859375
1850,2.0,4,3,0.15693460054388708,0.051949395798146725,0.033203125
1851,5.979882836341858,8,7,0.1567776659433432,0.25766067765653133,0.0654296875
1852,0.0,2,1,0.15662088827739984,0.5907657146453857,0.02880859375
1853,4.0,6,5,0.15646426738912245,0.5579230276246866,0.021484375
1854,26.805009841918945,30,29,0.1563078031217333,0.3437296833222111,0.230224609375
1855,9.92460322380066,12,11,0.15615149531861158,0.7384702259053787,0.189697265625
1856,2.983355939388275,5,4,0.15599534382329297,0.5800072509795428,0.009033203125
1857,1.0,3,2,0.15583934847946967,0.7826748124013344,0.0
1858,0.0,2,1,0.15568350913099022,0.2954426258802414,0.00732421875
1859,4.867465555667877,7,6,0.15552782562185924,0.7717047967681927,0.0546875
1860,-1.0,1,0,0.15537229779623737,0.3062172830104828,0.0
1861,36.43875652551651,39,38,0.15521692549844113,0.36351200537039685,0.200439453125
1862,13.9134162068367,16,15,0.15506170857294269,0.3658638458000496,0.113037109375
1863,0.0,2,1,0.15490664686436975,0.3472695741802454,0.0
1864,0.0,2,1,0.15475174021750537,0.29754985496401787,0.009521484375
1865,3.0,5,4,0.15459698847728787,0.6404277477413416,0.0
1866,3.9595115184783936,6,5,0.1544423914888106,0.5379896443337202,0.03564453125
1867,1.0,3,2,0.15428794909732177,0.6101525314152241,0.00634765625
1868,-1.0,1,0,0.15413366114822444,0.04997457563877106,0.0
1869,-1.0,1,0,0.15397952748707622,0.026236770674586296,0.0
1870,20.422267258167267,23,22,0.15382554795958914,0.364994287531337,0.211669921875
1871,2.0,4,3,0.15367172241162955,0.9247173769399524,0.06005859375
1872,0.0,2,1,0.15351805068921792,0.7107943296432495,0.0
1873,-1.0,1,0,0.1533645326385287,0.7667055726051331,0.0
1874,2.0,4,3,0.15321116810589017,0.46637783432379365,0.0224609375
1875,4.966753602027893,7,6,0.1530579569377843,0.3984099434954779,0.05322265625
1876,2.0,4,3,0.1529048989808465,0.2841414622962475,0.052490234375
1877,3.98018479347229,6,5,0.15275199408186566,0.03161730865637461,0.027587890625
1878,1.0,3,2,0.15259924208778378,0.025988800451159477,0.013916015625
1879,13.860968887805939,16,15,0.15244664284569598,0.3622049094410613,0.177490234375
1880,33.10787856578827,37,36,0.15229419620285028,0.4580211561626276,0.3310546875
1881,5.901757180690765,8,7,0.15214190200664743,0.6751465683337301,0.04931640625
1882,0.0,2,1,0.15198976010464077,0.5285549759864807,0.010009765625
1883,2.0,4,3,0.15183777034453613,0.5841538645327091,0.0478515625
1884,1.0,3,2,0.1516859325741916,0.20222224543491998,0.0009765625
1885,8.866179943084717,11,10,0.1515342466416174,0.19004788605326955,0.093505859375
1886,0.0,2,1,0.1513827123949758,0.07206197269260883,0.005859375
1887,1.0,3,2,0.15123132968258082,0.4025619973738988,0.054931640625
1888,4.987805366516113,7,6,0.15108009835289823,0.3391882559018476,0.044921875
1889,10.968943655490875,13,12,0.15092901825454533,0.4210225736292509,0.046875
1890,31.98120242357254,35,34,0.15077808923629077,0.44882788878998586,0.253662109375
1891,12.976469993591309,15,14,0.15062731114705447,0.259412163682282,0.0810546875
1892,1.0,3,2,0.1504766838359074,0.28478735219687223,0.01220703125
1893,1.0,3,2,0.15032620715207148,0.5215713294843832,0.008544921875
1894,3.955985426902771,6,5,0.1501758809449194,0.6457798108458519,0.026123046875
1895,6.0,8,7,0.15002570506397447,0.18262900481931865,0.04443359375
1896,1.0,3,2,0.1498756793589105,0.12053441256284714,0.0048828125
1897,9.882418036460876,12,11,0.14972580367955157,0.45650953605460626,0.154541015625
1898,3.0,5,4,0.14957607787587202,0.7512477099895477,0.04443359375
1899,-1.0,1,0,0.14942650179799613,0.02287091314792633,0.0
1900,5.865389585494995,8,7,0.14927707529619813,0.06949431844986975,0.030029296875
1901,0.0,2,1,0.14912779822090194,0.01724749314598739,0.0
1902,-1.0,1,0,0.14897867042268104,0.02744096890091896,0.0
1903,15.688656568527222,18,17,0.14882969175225835,0.38388353275756043,0.14111328125
1904,0.952500581741333,3,2,0.1486808620605061,0.2504572073618571,0.007080078125
1905,0.0,2,1,0.14853218119844558,0.014583235140889883,0.00439453125
1906,4.899341821670532,7,6,0.14838364901724713,0.029261424472289427,0.0048828125
1907,1.0,3,2,0.14823526536822987,0.33999215718358755,0.016357421875
1908,-1.0,1,0,0.14808703010286164,1.5238420963287354,0.0
1909,0.0,2,1,0.1479389430727588,0.3987503834068775,0.0
1910,7.976917386054993,10,9,0.14779100412968604,0.1399183224886656,0.035888671875
1911,6.0,8,7,0.14764321312555637,0.3301160626579076,0.0400390625
1912,5.943767666816711,8,7,0.14749556991243082,0.3682393787894398,0.087890625
1913,6.932387173175812,9,8,0.1473480743425184,1.102016640620099,0.084228515625
1914,3.9674580693244934,6,5,0.14720072626817587,0.30583675019443035,0.080810546875
1915,6.0,8,7,0.1470535255419077,0.208526722737588,0.04638671875
1916,1.0,3,2,0.1469064720163658,0.192635760953029,0.0
1917,12.903114438056946,15,14,0.14675956554434944,0.21273244296511015,0.15625
1918,0.0,2,1,0.14661280597880508,0.030369514599442482,0.0
1919,0.9891868233680725,3,2,0.14646619317282628,0.5666573996034762,0.011962890625
1920,7.9521061182022095,10,9,0.14631972697965345,0.4953078693710268,0.0517578125
1921,0.0,2,1,0.1461734072526738,0.2516997503116727,0.0
1922,2.9696776270866394,5,4,0.14602723384542113,0.459891203045845,0.01171875
1923,19.6976557970047,22,21,0.14588120661157572,0.22106633305718953,0.105712890625
1924,15.876231729984283,18,17,0.14573532540496414,0.2527699522260163,0.21435546875
1925,2.870195209980011,5,4,0.14558959007955918,0.3008077871054411,0.04052734375
1926,0.0,2,1,0.1454440004894796,0.5836318954825401,0.020263671875
1927,40.176371932029724,43,42,0.14529855648899012,0.356071085105975,0.348388671875
1928,2.0,4,3,0.14515325793250114,0.22084532119333744,0.033447265625
1929,3.0,5,4,0.14500810467456865,0.5733982691541314,0.0595703125
1930,14.77231377363205,17,16,0.14486309656989407,0.41562481421758146,0.1083984375
1931,12.858991742134094,15,14,0.1447182334733242,0.16145501776287954,0.103759765625
1932,24.58350682258606,27,26,0.14457351523985087,0.3677678613199128,0.251708984375
1933,-1.0,1,0,0.14442894172461102,0.8928629755973816,0.0
1934,7.0,9,8,0.1442845127828864,0.3060024103356732,0.087158203125
1935,3.9781713485717773,6,5,0.1441402282701035,0.17413927769909301,0.0341796875
1936,12.82485294342041,15,14,0.1439960880418334,0.3894166630382339,0.10205078125
1937,1.0,3,2,0.14385209195379156,0.5300304343303045,0.00634765625
1938,11.821757137775421,14,13,0.14370823986183776,0.2193677702120372,0.062744140625
1939,0.0,2,1,0.1435645316219759,0.02456712257117033,0.0
1940,10.69553929567337,13,12,0.14342096709035393,0.3653114289045334,0.14697265625
1941,1.0,3,2,0.14327754612326357,0.5068195797502995,0.02490234375
1942,7.0,9,8,0.14313426857714032,0.2807811328934299,0.072265625
1943,14.693912863731384,17,16,0.14299113430856317,0.300828336902401,0.12451171875
1944,10.76323688030243,13,12,0.1428481431742546,0.3286994364685737,0.08544921875
1945,8.0,10,9,0.14270529503108034,0.3907522248104215,0.06103515625
1946,2.0,4,3,0.14256258973604927,0.288672249764204,0.03515625
1947,1.0,3,2,0.14242002714631322,0.04037117461363474,0.0
1948,5.970658659934998,8,7,0.1422776071191669,0.12685512646567076,0.0732421875
1949,15.3494234085083,18,17,0.14213532951204774,0.39478080176437896,0.158447265625
1950,13.916065573692322,16,15,0.1419931941825357,0.34254094265634194,0.088623046875
1951,0.0,2,1,0.14185120098835316,0.2550822291523218,0.0
1952,3.9714345932006836,6,5,0.1417093497873648,0.23510301004474363,0.039794921875
1953,1.0,3,2,0.14156764043757744,0.23086302603284517,0.01611328125
1954,1.0,3,2,0.14142607279713987,0.5754059056440989,0.007568359375
1955,0.0,2,1,0.14128464672434274,0.21919692680239677,0.0185546875
1956,0.0,2,1,0.1411433620776184,0.24583434872329235,0.0
1957,14.86634635925293,17,16,0.14100221871554078,0.37706646597122445,0.053955078125
1958,0.0,2,1,0.14086121649682523,0.2356688641011715,0.0
1959,1.0,3,2,0.14072035528032842,0.05108591914176941,0.021240234375
1960,1.0,3,2,0.1405796349250481,0.7983625133832296,0.00830078125
1961,11.953436017036438,14,13,0.14043905529012304,0.2836394232830831,0.215576171875
1962,23.322333455085754,26,25,0.14029861623483292,0.4317562779268393,0.256103515625
1963,7.972560524940491,10,9,0.1401583176185981,0.5957162721082568,0.0234375
1964,5.898673892021179,8,7,0.1400181593009795,0.30678567686118186,0.094482421875
1965,38.060347735881805,42,41,0.1398781411416785,0.4056494762854917,0.434814453125
1966,0.0,2,1,0.13973826300053682,0.6985596418380737,0.0
1967,10.929077982902527,13,12,0.13959852473753628,0.2650254259888942,0.09228515625
1968,1.0,3,2,0.13945892621279873,0.6802262639005979,0.00244140625
1969,2.0,4,3,0.13931946728658592,0.6188058280386031,0.02783203125
1970,0.0,2,1,0.13918014781929933,0.20490777399390936,0.006103515625
1971,1.0,3,2,0.13904096767148003,0.08191870587567489,0.028564453125
1972,0.0,2,1,0.13890192670380855,0.35437897592782974,0.0
1973,12.814527094364166,15,14,0.13876302477710473,0.1872183616583546,0.0947265625
1974,1.0,3,2,0.13862426175232762,0.39367878437042236,0.01904296875
1975,1.0,3,2,0.1384856374905753,0.2624502641459306,0.01513671875
1976,20.436154663562775,23,22,0.13834715185308472,0.2749663959864689,0.119873046875
1977,7.8885356187820435,10,9,0.13820880470123162,0.3538332847878337,0.134521484375
1978,2.0,4,3,0.1380705958965304,0.20721165463328362,0.014892578125
1979,-1.0,1,0,0.13793252530063388,0.16620458662509918,0.0
1980,13.582452416419983,16,15,0.13779459277533324,0.43316753359977156,0.100830078125
1981,12.858907282352448,15,14,0.1376567981825579,0.539149428717792,0.049072265625
1982,0.0,2,1,0.13751914138437535,0.19301835261285305,0.00390625
1983,5.0,7,6,0.13738162224299097,0.425431173826967,0.040283203125
1984,0.0,2,1,0.13724424062074797,0.20308250561356544,0.0
1985,19.241380512714386,22,21,0.13710699638012722,0.302641998172145,0.15966796875
1986,13.729852259159088,16,15,0.1369698893837471,0.3110239679226652,0.12158203125
1987,7.0,9,8,0.13683291949436335,0.3208953631627891,0.139404296875
1988,3.9723458290100098,6,5,0.13669608657486898,0.7944281529635191,0.0283203125
1989,-1.0,1,0,0.1365593904882941,0.6337953209877014,0.0
1990,6.868175685405731,9,8,0.1364228310978058,0.49330314352280563,0.04052734375
1991,1.987145185470581,4,3,0.13628640826670801,0.12332928599789739,0.018798828125
1992,20.683063328266144,23,22,0.1361501218584413,0.49860916634940583,0.189453125
1993,27.726742327213287,31,30,0.13601397173658286,0.3705719875832719,0.35009765625
1994,-1.0,1,0,0.1358779577648463,0.3688870072364807,0.0
1995,1.0,3,2,0.13574207980708144,0.11808525895078976,0.0126953125
1996,15.79228949546814,18,17,0.13560633772727437,0.5257018063113921,0.096923828125
1997,-1.0,1,0,0.1354707313895471,0.01980104111135006,0.0
1998,0.0,2,1,0.13533526065815754,0.35438917577266693,0.0
1999,4.0,6,5,0.1351999253974994,0.3924756931761901,0.056884765625
2000,3.0,5,4,0.13506472547210188,0.48164854049682615,0.026611328125
2001,31.37051397562027,35,34,0.1349296607466298,0.3306185803376138,0.141357421875
2002,4.741069316864014,7,6,0.13479473108588316,0.2815164504572749,0.106689453125
2003,25.67124354839325,28,27,0.13465993635479728,0.32793073056797895,0.148681640625
2004,-1.0,1,0,0.13452527641844247,2.0357775688171387,0.0
2005,9.74156928062439,12,11,0.13439075114202403,0.19780212508824965,0.060546875
2006,-1.0,1,0,0.134256360390882,0.02366803027689457,0.0
2007,0.9931524395942688,3,2,0.13412210403049113,0.11132038633028667,0.005126953125
2008,1.0,3,2,0.13398798192646064,0.8510373632113138,0.0263671875
2009,-1.0,1,0,0.13385399394453418,0.02169644832611084,0.0
2010,2.0,4,3,0.13372013995058965,0.3338783625513315,0.03369140625
2011,-1.0,1,0,0.13358641981063907,0.021250158548355103,0.0
2012,18.337670624256134,21,20,0.13345283339082842,0.3246100124503885,0.2607421875
2013,7.944969892501831,10,9,0.13331938055743758,0.09080087905749679,0.03173828125
2014,2.0,4,3,0.13318606117688014,0.3429582994431257,0.02294921875
2015,8.975305259227753,11,10,0.13305287511570327,0.4026271712712266,0.060546875
2016,49.40738141536713,54,53,0.13291982224058757,0.389142377698725,0.486572265625
2017,9.90816581249237,12,11,0.13278690241834698,0.3083803451154381,0.054443359375
2018,3.971556842327118,6,5,0.13265411551592862,0.3551569314052661,0.0654296875
2019,1.0,3,2,0.13252146140041268,0.07758245492974918,0.004638671875
2020,1.0,3,2,0.13238893993901227,0.38444442053635913,0.018798828125
2021,12.669627368450165,15,14,0.13225655099907327,0.3362911600619555,0.096435546875
2022,0.0,2,1,0.1321242944480742,0.29804160445928574,0.00927734375
2023,10.97460812330246,13,12,0.13199217015362613,0.26028323345459425,0.068115234375
2024,0.0,2,1,0.1318601779834725,0.20389922708272934,0.011474609375
2025,8.938903629779816,11,10,0.13172831780548902,0.23785707871006292,0.056884765625
2026,13.719011962413788,16,15,0.13159658948768352,0.2065569635014981,0.142333984375
2027,17.272210359573364,20,19,0.13146499289819583,0.23073710380122064,0.220458984375
2028,-1.0,1,0,0.13133352790529762,0.03784395754337311,0.0
2029,6.971676707267761,9,8,0.13120219437739233,0.21469157975580958,0.096923828125
2030,21.272998094558716,24,23,0.13107099218301493,0.3300321386971821,0.13134765625
2031,6.965209126472473,9,8,0.13093992119083192,0.1925298608839512,0.0458984375
2032,9.98802798986435,12,11,0.13080898126964108,0.5854171304963529,0.189208984375
2033,10.81659334897995,13,12,0.13067817228837145,0.6219001921037068,0.1220703125
2034,-1.0,1,0,0.13054749411608307,0.016266686841845512,0.0
2035,5.927988767623901,8,7,0.13041694662196698,0.12228935584425926,0.013916015625
2036,0.0,2,1,0.13028652967534501,0.5710360668599606,0.00146484375
2037,15.716277837753296,18,17,0.13015624314566968,0.23376758924374977,0.247314453125
2038,0.0,2,1,0.130026086902524,0.10140835493803024,0.015380859375
2039,-1.0,1,0,0.1298960608156215,0.33185917139053345,0.0
2040,1.0,3,2,0.12976616475480587,0.1245464285214742,0.009521484375
2041,0.0,2,1,0.12963639859005108,0.10922138765454292,0.005126953125
2042,0.0,2,1,0.12950676219146104,0.08569913543760777,0.002685546875
2043,6.0,8,7,0.1293772554292696,0.21957067190669477,0.0517578125
2044,6.0,8,7,0.1292478781738403,0.20757765392772853,0.0341796875
2045,8.950511693954468,11,10,0.12911863029566648,0.36023163998668845,0.0419921875
2046,8.0,10,9,0.12898951166537082,0.2703370273113251,0.0625
2047,28.34497445821762,31,30,0.12886052215370544,0.24325403760397626,0.208984375
2048,2.0,4,3,0.12873166163155172,0.22645493410527706,0.041259765625
2049,21.63915306329727,24,23,0.12860292996992018,0.37325456579371047,0.16748046875
2050,1.0,3,2,0.12847432703995026,0.06790753081440926,0.0029296875
2051,5.0,7,6,0.12834585271291032,0.17913749335067614,0.0595703125
2052,7.957669913768768,10,9,0.12821750686019742,0.5010439137928188,0.04345703125
2053,0.0,2,1,0.12808928935333722,0.24274571239948273,0.009033203125
2054,6.930141389369965,9,8,0.12796120006398387,0.0968335195341044,0.0439453125
2055,3.945182681083679,6,5,0.1278332388639199,0.1906357559685906,0.045654296875
2056,27.5596741437912,30,29,0.12770540562505597,0.13068339172750712,0.239990234375
2057,13.828555643558502,16,15,0.1275777002194309,0.3361077612498775,0.08154296875
2058,3.0,5,4,0.12745012251921148,0.11606486141681671,0.0205078125
2059,4.976099908351898,7,6,0.12732267239669226,0.37416650594345163,0.03564453125
2060,-1.0,1,0,0.12719534972429558,0.14864379167556763,0.0
2061,6.798796832561493,9,8,0.12706815437457128,0.6041635047230456,0.023681640625
2062,30.86967360973358,34,33,0.1269410862201967,0.37463312908349666,0.341552734375
2063,4.996922314167023,7,6,0.1268141451339765,0.08422936206417424,0.049560546875
2064,13.87577897310257,16,15,0.12668733098884255,0.20836033090017736,0.2265625
2065,-1.0,1,0,0.12656064365785372,1.159447193145752,0.0
2066,17.577516615390778,20,19,0.12643408301419587,0.1731559131294489,0.185302734375
2067,23.25882875919342,27,26,0.12630764893118168,0.2524604671117332,0.15673828125
2068,5.948281228542328,8,7,0.1261813412822505,0.23773040279047564,0.009521484375
2069,8.966417670249939,11,10,0.12605515994096825,0.28393564982847735,0.07275390625
2070,9.792161107063293,12,11,0.12592910478102728,0.27728327037766576,0.108642578125
2071,0.0,2,1,0.12580317567624627,0.04485191963613033,0.0
2072,7.0,9,8,0.12567737250057,0.07381667569279671,0.06396484375
2073,4.0,6,5,0.12555169512806943,0.21668404527008533,0.033935546875
2074,0.0,2,1,0.12542614343294137,0.10534461960196495,0.003662109375
2075,-1.0,1,0,0.12530071728950842,0.03441336005926132,0.0
2076,3.0,5,4,0.12517541657221892,0.36550608463585377,0.013671875
2077,3.939365565776825,6,5,0.1250502411556467,0.2329043863962094,0.022216796875
2078,0.0,2,1,0.12492519091449104,0.20372419245541096,0.01123046875
2079,10.86915236711502,13,12,0.12480026572357655,0.10433898264398941,0.192138671875
2080,12.942344546318054,15,14,0.12467546545785298,0.3703917349378268,0.105224609375
2081,6.949517250061035,9,8,0.12455078999239512,0.05390675303836664,0.056884765625
2082,-1.0,1,0,0.12442623920240273,0.06237097084522247,0.0
2083,19.428283274173737,22,21,0.12430181296320032,0.26994563588364556,0.2431640625
2084,3.962544858455658,6,5,0.12417751115023712,0.06664848762253921,0.031005859375
2085,9.6766197681427,12,11,0.12405333363908688,0.21404208413635692,0.02099609375
2086,-1.0,1,0,0.1239292803054478,0.5624878406524658,0.0
2087,2.0,4,3,0.12380535102514234,0.052679356187582016,0.019287109375
2088,0.0,2,1,0.1236815456741172,0.6534945592284203,0.00634765625
2089,21.399434685707092,24,23,0.12355786412844308,0.2369739756298562,0.15283203125
2090,6.964390158653259,9,8,0.12343430626431463,0.2903512364977764,0.0234375
2091,-1.0,1,0,0.12331087195805032,0.10807117819786072,0.0
2092,42.683911085128784,46,45,0.12318756108609227,0.2204788853616818,0.306396484375
2093,0.0,2,1,0.12306437352500618,0.02387735852971673,0.0
2094,14.72808027267456,17,16,0.12294130915148117,0.38591938641141443,0.088623046875
2095,5.911300182342529,8,7,0.12281836784232969,0.17766930651850998,0.0810546875
2096,10.0,12,11,0.12269554947448735,0.08739515750979383,0.093017578125
2097,16.74990886449814,19,18,0.12257285392501287,0.2859429417080001,0.2041015625
2098,3.9950992465019226,6,5,0.12245028107108785,0.42810859344899654,0.006103515625
2099,18.00261002779007,21,20,0.12232783079001676,0.11517293609323956,0.103759765625
2100,11.516428887844086,14,13,0.12220550295922675,0.39711164456925224,0.15869140625
2101,12.749136090278625,15,14,0.12208329745626752,0.3285673663020134,0.163330078125
2102,0.0,2,1,0.12196121415881125,0.043637316673994064,0.0
2103,6.0,8,7,0.12183925294465245,0.05083101009950042,0.080322265625
2104,2.0,4,3,0.1217174136917078,0.6190302707254887,0.0
2105,9.846017599105835,13,12,0.12159569627801609,0.16723564682671657,0.07958984375
2106,3.98539400100708,6,5,0.12147410058173808,0.2208665401364366,0.142822265625
2107,16.207066118717194,19,18,0.12135262648115634,0.1711354149799598,0.05712890625
2108,25.08848488330841,28,27,0.12123127385467519,0.2254372770631952,0.284912109375
2109,15.801530659198761,18,17,0.12111004258082052,0.28962225942975944,0.13916015625
2110,47.963002264499664,52,51,0.1209889325382397,0.2980375521314832,0.355224609375
2111,19.401922702789307,22,21,0.12086794360570145,0.2976667818359353,0.25830078125
2112,11.900643587112427,14,13,0.12074707566209575,0.28398930095136166,0.20654296875
2113,7.0,9,8,0.12062632858643366,0.3195359549588627,0.059814453125
2114,0.9896783232688904,3,2,0.12050570225784722,0.453398651132981,0.01171875
2115,24.392506957054138,27,26,0.12038519655558938,0.2806596699412222,0.18798828125
2116,13.550071775913239,16,15,0.12026481135903379,0.2528277167584747,0.112060546875
2117,2.0,4,3,0.12014454654767476,0.35360854864120483,0.012451171875
2118,14.724078297615051,17,16,0.12002440200112709,0.2624535269158728,0.084228515625
2119,-1.0,1,0,0.11990437759912596,0.041388336569070816,0.0
2120,0.0,2,1,0.11978447322152684,0.08723635226488113,0.0
2121,5.825696110725403,8,7,0.11966468874830531,0.07470966596156359,0.1083984375
2122,1.0,3,2,0.11954502405955701,0.18111657599608103,0.01220703125
2123,1.0,3,2,0.11942547903549745,0.47455784181753796,0.036376953125
2124,10.805554032325745,13,12,0.11930605355646196,0.20676855356074297,0.066650390625
2125,8.97289353609085,11,10,0.11918674750290549,0.23151978579434482,0.076171875
2126,14.0,16,15,0.11906756075540259,0.2924450582358986,0.078857421875
2127,3.985020697116852,6,5,0.11894849319464719,0.621422752737999,0.029052734375
2128,11.782099962234497,14,13,0.11882954470145254,0.3489481971732208,0.082763671875
2129,10.0,12,11,0.11871071515675109,0.2818041717012723,0.104248046875
2130,36.62143164873123,40,39,0.11859200444159435,0.28291466073133054,0.32275390625
2131,11.926402807235718,14,13,0.11847341243715274,0.1452165273949504,0.157958984375
2132,23.224898874759674,26,25,0.1183549390247156,0.08376999013125896,0.211669921875
2133,0.0,2,1,0.11823658408569088,0.6003304123878479,0.0
2134,0.0,2,1,0.11811834750160519,0.6541753560304642,0.0
2135,0.0,2,1,0.11800022915410358,0.055611442774534225,0.0
2136,3.9619935750961304,6,5,0.11788222892494947,0.14701866482694945,0.004638671875
2137,2.0,4,3,0.11776434669602452,0.04636391531676054,0.011474609375
2138,0.9316124320030212,3,2,0.1176465823493285,0.6021235411365827,0.00830078125
2139,8.73501604795456,11,10,0.11752893576697916,0.2748258530416272,0.0966796875
2140,3.0,5,4,0.11741140683121218,0.09896041303873063,0.0625
2141,1.0,3,2,0.11729399542438097,0.05055285058915615,0.029052734375
2142,0.0,2,1,0.11717670142895659,0.06738744303584099,0.0
2143,34.310885548591614,37,36,0.11705952472752763,0.21198470205874057,0.275390625
2144,33.36502832174301,36,35,0.1169424652028001,0.23411224751422802,0.359619140625
2145,6.964505434036255,9,8,0.1168255227375973,0.2574046639104684,0.04638671875
2146,6.0,8,7,0.1167086972148597,0.3925364390015602,0.06005859375
2147,2.0,4,3,0.11659198851764484,0.14647946413606405,0.0185546875
2148,5.0,7,6,0.1164753965291272,0.19529190553086145,0.11181640625
2149,23.815203428268433,27,26,0.11635892113259806,0.35282054267547747,0.156982421875
2150,36.075304448604584,39,38,0.11624256221146546,0.29283612417295957,0.269775390625
2151,7.6938159465789795,10,9,0.116126319649254,0.046411590091884135,0.033935546875
2152,-1.0,1,0,0.11601019332960474,0.29629817605018616,0.0
2153,-1.0,1,0,0.11589418313627514,0.035645969212055206,0.0
2154,1.0,3,2,0.11577828895313887,0.48690642540653545,0.020263671875
2155,17.77017331123352,20,19,0.11566251066418573,0.2768547819927335,0.1025390625
2156,26.20311051607132,29,28,0.11554684815352155,0.36636043802417556,0.2392578125
2157,5.813989758491516,8,7,0.11543130130536802,0.6470354704651982,0.02734375
2158,5.0,7,6,0.11531587000406265,0.4449703698711736,0.057861328125
2159,6.879335045814514,9,8,0.1152005541340586,0.5558921216676632,0.06689453125
2160,3.9506369829177856,6,5,0.11508535357992454,0.10287289631863435,0.003662109375
2161,20.198447346687317,23,22,0.11497026822634461,0.2639667403924724,0.1640625
2162,-1.0,1,0,0.11485529795811826,1.3202208280563354,0.0
2163,7.0,9,8,0.11474044266016015,0.12118449807167053,0.03955078125
2164,8.93014943599701,11,10,0.11462570221749999,0.2528305101123723,0.106689453125
2165,7.943181157112122,10,9,0.11451107651528249,0.24805165231227874,0.058837890625
2166,3.8448013067245483,6,5,0.11439656543876721,0.05480445176362991,0.019775390625
2167,2.0,4,3,0.11428216887332844,0.07040277682244778,0.027587890625
2168,5.0,7,6,0.11416788670445512,0.4061345724122865,0.18212890625
2169,11.856623113155365,14,13,0.11405371881775066,0.29826653748750687,0.082275390625
2170,15.654912173748016,18,17,0.11393966509893291,0.42911273303131264,0.084716796875
2171,11.691467642784119,14,13,0.11382572543383399,0.3621560606573309,0.083251953125
2172,3.0,5,4,0.11371189970840015,0.1388556957244873,0.035888671875
2173,13.974171578884125,16,15,0.11359818780869176,0.13216079317498952,0.14208984375
2174,9.858549118041992,12,11,0.11348458962088306,0.21502884151414037,0.04931640625
2175,5.831338107585907,8,7,0.11337110503126219,0.07787522906437516,0.09619140625
2176,7.605287253856659,10,9,0.11325773392623092,0.03860733769834042,0.170166015625
2177,3.98021399974823,6,5,0.1131444761923047,0.2560449745506048,0.026611328125
2178,18.31028938293457,21,20,0.11303133171611239,0.32453077960582005,0.128173828125
2179,2.0,4,3,0.11291830038439628,0.15291087795048952,0.06640625
2180,22.90513575077057,26,25,0.11280538208401188,0.16390446931696856,0.360595703125
2181,-1.0,1,0,0.11269257670192787,0.37363338470458984,0.0
2182,43.44850701093674,46,45,0.11257988412522593,0.2176610695846055,0.345458984375
2183,11.93220192193985,14,13,0.1124673042411007,0.10651937033981085,0.205810546875
2184,11.936521768569946,14,13,0.1123548369368596,0.34723248838313986,0.10302734375
2185,22.496455192565918,25,24,0.11224248209992274,0.23439577247947455,0.183837890625
2186,-1.0,1,0,0.11213023961782281,0.3896002769470215,0.0
2187,0.0,2,1,0.11201810937820499,0.6454461384564638,0.00390625
2188,43.298397064208984,47,46,0.11190609126882678,0.216219563829772,0.362060546875
2189,4.0,6,5,0.11179418517755796,0.2579668629914522,0.035400390625
2190,3.0,5,4,0.1116823909923804,0.24032295048236846,0.013427734375
2191,26.34933912754059,29,28,0.11157070860138803,0.23240140754857969,0.23291015625
2192,0.0,2,1,0.11145913789278664,0.04047282785177231,0.000732421875
2193,0.0,2,1,0.11134767875489385,0.06225751340389252,0.0
2194,7.97313117980957,10,9,0.11123633107613895,0.33995838426053526,0.064697265625
2195,2.993114411830902,5,4,0.11112509474506281,0.37084781304001807,0.011962890625
2196,0.0,2,1,0.11101396965031775,0.035084678791463375,0.001953125
2197,5.911972105503082,9,8,0.11090295568066744,0.20723788792060482,0.099609375
2198,1.0,3,2,0.11079205272498677,0.184821259851257,0.004638671875
2199,4.0,6,5,0.11068126067226178,0.2550551143164436,0.073974609375
2200,7.0,9,8,0.11057057941158951,0.10345587175753382,0.0751953125
2201,4.937496721744537,7,6,0.11046000883217792,0.061898858419486454,0.059814453125
2202,3.0,5,4,0.11034954882334574,0.16562260016798974,0.0625
2203,2.0,4,3,0.1102391992745224,0.08191903680562973,0.029296875
2204,-1.0,1,0,0.11012896007524788,0.18574224412441254,0.0
2205,10.0,12,11,0.11001883111517263,0.23608487285673618,0.08251953125
2206,3.0,5,4,0.10990881228405747,0.17410319484770298,0.01953125
2207,1.0,3,2,0.10979890347177342,0.6042887171109518,0.0185546875
2208,8.989272356033325,11,10,0.10968910456830164,0.20027794434942983,0.04931640625
2209,-1.0,1,0,0.10957941546373333,0.02473384141921997,0.0
2210,12.745820879936218,15,14,0.1094698360482696,0.3341922840724389,0.107666015625
2211,6.780461132526398,9,8,0.10936036621222132,0.4651043580638038,0.09130859375
2212,19.20334243774414,22,21,0.10925100584600911,0.3629767642441121,0.180419921875
2213,0.0,2,1,0.1091417548401631,0.6432339921593666,0.028564453125
2214,13.017822504043579,16,15,0.10903261308532293,0.15528072835877538,0.150634765625
2215,22.723770797252655,25,24,0.1089235804722376,0.1849536617100239,0.13623046875
2216,7.849889874458313,10,9,0.10881465689176537,0.14643387347459794,0.063232421875
2217,11.849856734275818,14,13,0.1087058422348736,0.24650853499770164,0.088134765625
2218,18.57364994287491,21,20,0.10859713639263872,0.35123623472948867,0.132568359375
2219,2.0,4,3,0.10848853925624609,0.34322066232562065,0.133544921875
2220,3.0,5,4,0.10838005071698985,0.28144884258508684,0.0244140625
2221,26.029611349105835,29,28,0.10827167066627286,0.437804927086008,0.13818359375
2222,2.0,4,3,0.10816339899560658,0.44532699696719646,0.01171875
2223,8.635762155056,11,10,0.10805523559661097,0.20623631385917013,0.084228515625
2224,7.0,9,8,0.10794718036101436,0.1736567902068297,0.07568359375
2225,1.0,3,2,0.10783923318065335,0.21727301428715387,0.0
2226,12.796280205249786,15,14,0.10773139394747269,0.22887431879838308,0.213623046875
2227,-1.0,1,0,0.10762366255352522,0.4697861075401306,0.0
2228,-1.0,1,0,0.1075160388909717,0.5214741230010986,0.0
2229,0.0,2,1,0.10740852285208072,0.0440065935254097,0.021240234375
2230,16.653923511505127,19,18,0.10730111432922863,0.23025238494339742,0.160888671875
2231,4.873835444450378,7,6,0.1071938132148994,0.1435713672212192,0.049560546875
2232,11.920132875442505,14,13,0.1070866194016845,0.483884815924934,0.105712890625
2233,8.824427843093872,11,10,0.10697953278228281,0.26723336800932884,0.05322265625
2234,2.0,4,3,0.10687255324950053,0.07088926807045937,0.016845703125
2235,13.743049144744873,16,15,0.10676568069625103,0.24381372844800353,0.074462890625
2236,15.60326224565506,18,17,0.10665891501555477,0.2689851405512955,0.091796875
2237,3.0,5,4,0.10655225610053921,0.3190643772482872,0.033447265625
2238,5.0,7,6,0.10644570384443867,0.06407292400087629,0.045654296875
2239,8.978175103664398,11,10,0.10633925814059424,0.09146766178309917,0.070068359375
2240,-1.0,1,0,0.10623291888245365,0.04103253781795502,0.0
2241,17.603819608688354,20,19,0.1061266859635712,0.12977205850183965,0.146240234375
2242,38.87147796154022,42,41,0.10602055927760762,0.3390639087717448,0.277099609375
2243,-1.0,1,0,0.10591453871833001,0.08409031480550766,0.0
2244,-1.0,1,0,0.10580862417961168,0.06809455901384354,0.0
2245,0.0,2,1,0.10570281555543207,0.1937992088496685,0.0
2246,4.0,6,5,0.10559711273987664,0.0547868354866902,0.015869140625
2247,73.42204290628433,83,82,0.10549151562713677,0.3179967294907175,0.5615234375
2248,6.0,8,7,0.10538602411150963,0.17207205388695002,0.191650390625
2249,8.918218612670898,11,10,0.10528063808739813,0.41809024356982927,0.06103515625
2250,7.959981262683868,10,9,0.10517535744931072,0.4435417139902711,0.097412109375
2251,6.0,8,7,0.10507018209186142,0.10534732369706035,0.150146484375
2252,9.830015242099762,12,11,0.10496511190976955,0.1525095533579588,0.12353515625
2253,0.0,2,1,0.10486014679785978,0.7499200589954853,0.0
2254,35.34327960014343,39,38,0.10475528665106192,0.18514334993102613,0.351806640625
2255,3.0,5,4,0.10465053136441085,0.14874489046633244,0.0341796875
2256,7.918724775314331,10,9,0.10454588083304645,0.17260057236999274,0.104248046875
2257,5.913970232009888,8,7,0.1044413349522134,0.06921360269188881,0.04443359375
2258,4.0,6,5,0.10433689361726119,0.5843125699708859,0.016845703125
2259,1.0,3,2,0.10423255672364393,0.051796745508909225,0.00439453125
2260,38.848635137081146,44,43,0.10412832416692028,0.35015165733850817,0.247802734375
2261,3.0,5,4,0.10402419584275335,0.11131899431347847,0.02978515625
2262,8.96336555480957,11,10,0.1039201716469106,0.22800466282801193,0.051513671875
2263,6.996897637844086,9,8,0.10381625147526369,0.1838489313506418,0.05712890625
2264,0.0,2,1,0.10371243522378842,0.825640469789505,0.00439453125
2265,24.914292097091675,27,26,0.10360872278856463,0.3161185105089788,0.244384765625
2266,-1.0,1,0,0.10350511406577606,0.035556647926568985,0.0
2267,10.909304320812225,13,12,0.10340160895171029,0.400528207134742,0.01123046875
2268,8.89197039604187,11,10,0.10329820734275857,0.41464351185343484,0.15234375
2269,14.718932509422302,17,16,0.10319490913541582,0.34714541118592024,0.098388671875
2270,3.0,5,4,0.1030917142262804,0.36440007463097573,0.034423828125
2271,32.33437234163284,36,35,0.10298862251205412,0.2892110277381208,0.291259765625
2272,7.789655327796936,10,9,0.10288563388954207,0.3298646107316017,0.019287109375
2273,9.760635316371918,12,11,0.10278274825565252,0.39214202171812457,0.080322265625
2274,50.19359469413757,56,55,0.10267996550739687,0.2592474224844149,0.40771484375
2275,11.877803385257721,14,13,0.10257728554188948,0.5175852015880602,0.081787109375
2276,12.739453971385956,15,14,0.1024747082563476,0.23595005149642626,0.163818359375
2277,3.9906197786331177,6,5,0.10237223354809125,0.30644783036162454,0.015625
2278,9.81025505065918,12,11,0.10226986131454316,0.3970835168535511,0.10986328125
2279,3.86450856924057,6,5,0.10216759145322861,0.7076787017285824,0.023193359375
2280,15.622254133224487,18,17,0.10206542386177538,0.22680518507129616,0.204345703125
2281,1.0,3,2,0.1019633584379136,0.1851245587070783,0.00537109375
2282,-1.0,1,0,0.10186139507947568,0.2942447364330292,0.0
2283,2.9846771359443665,5,4,0.1017595336843962,0.1425742246210575,0.019775390625
2284,43.34699320793152,50,49,0.10165777415071181,0.27768852017819884,0.43212890625
2285,10.0,12,11,0.1015561163765611,0.2054321365430951,0.10791015625
2286,13.40483182668686,16,15,0.10145456026018454,0.4556820817524567,0.104736328125
2287,4.953770279884338,7,6,0.10135310569992435,0.3125461484970791,0.0419921875
2288,31.9327272772789,35,34,0.10125175259422443,0.3463608088237899,0.269287109375
2289,20.59278953075409,23,22,0.10115050084163021,0.5243962634678768,0.16015625
2290,6.0,8,7,0.10104935034078859,0.31592632038518786,0.075439453125
2291,21.397840321063995,24,23,0.1009483009904478,0.21787807741202414,0.15771484375
2292,28.74702137708664,32,31,0.10084735268945735,0.28314977372065187,0.256591796875
2293,18.416831254959106,21,20,0.10074650533676789,0.3719170139659019,0.139892578125
2294,2.831040859222412,5,4,0.10064575883143112,0.3774465326219797,0.00927734375
2295,6.80920147895813,9,8,0.1005451130725997,0.22816522667805353,0.055419921875
2296,-1.0,1,0,0.1004445679595271,0.2231445163488388,0.0
2297,0.0,2,1,0.10034412339156756,0.20288041699677706,0.012451171875
2298,-1.0,1,0,0.100243779268176,0.020545262843370438,0.0
2299,1.0,3,2,0.10014353548890782,0.26569243520498276,0.025390625
2300,1.0,3,2,0.10004339195341891,0.23576217330992222,0.036865234375
2301,8.0,10,9,0.09994334856146549,0.2732625130563974,0.126220703125
2302,-1.0,1,0,0.09984340521290402,0.3738274872303009,0.0
2303,1.0,3,2,0.09974356180769112,0.09196149930357933,0.01708984375
2304,-1.0,1,0,0.09964381824588342,0.07321973145008087,0.0
2305,9.84561949968338,12,11,0.09954417442763754,0.41459487782170373,0.061279296875
2306,0.0,2,1,0.0994446302532099,0.06172146275639534,0.0
2307,29.490764379501343,32,31,0.09934518562295669,0.3552571489708498,0.384521484375
2308,1.0,3,2,0.09924584043733373,0.2447138043741385,0.01611328125
2309,0.0,2,1,0.0991465945968964,0.7635421305894852,0.0
2310,-1.0,1,0,0.0990474480022995,0.03692005202174187,0.0
2311,14.989653646945953,17,16,0.09894840055429721,0.43536964387578125,0.109619140625
2312,7.90085232257843,10,9,0.09884945215374291,0.42966127172112467,0.089111328125
2313,14.254759728908539,17,16,0.09875060270158917,0.5359458309762618,0.1396484375
2314,1.0,3,2,0.09865185209888758,0.09112753222386043,0.011474609375
2315,11.914121508598328,14,13,0.0985532002467887,0.27457374839910437,0.087158203125
2316,8.846760869026184,11,10,0.0984546470465419,0.5277847932143644,0.123046875
2317,23.097160518169403,26,25,0.09835619239949536,0.35331734742682713,0.215576171875
2318,0.0,2,1,0.09825783620709587,0.5611991286277771,0.0
2319,-1.0,1,0,0.09815957837088878,0.48333221673965454,0.0
2320,3.9668602347373962,6,5,0.09806141879251788,0.11535746914645036,0.0439453125
2321,5.992936491966248,8,7,0.09796335737372537,0.4604234956204891,0.03564453125
2322,1.0,3,2,0.09786539401635165,0.27382917578021687,0.0078125
2323,-1.0,1,0,0.0977675286223353,0.04212502762675285,0.0
2324,22.387817442417145,25,24,0.09766976109371296,0.33422509126365185,0.15869140625
2325,19.388148486614227,22,21,0.09757209133261925,0.41193912186744536,0.162353515625
2326,24.39192146062851,27,26,0.09747451924128663,0.30151209331772943,0.197021484375
2327,3.0,5,4,0.09737704472204534,0.13619699701666832,0.015869140625
2328,15.565618991851807,18,17,0.0972796676773233,0.2918135786636008,0.063720703125
2329,18.479925453662872,21,20,0.09718238800964597,0.3025890380321514,0.11181640625
2330,5.91905552148819,8,7,0.09708520562163633,0.22990514943376184,0.05859375
2331,4.0,6,5,0.09698812041601469,0.38180662753681344,0.08447265625
2332,7.992461085319519,10,9,0.09689113229559868,0.6550903178751468,0.0966796875
2333,62.04476124048233,68,67,0.09679424116330308,0.3142445882891907,0.569580078125
2334,-1.0,1,0,0.09669744692213977,0.04988536983728409,0.0
2335,6.822133660316467,9,8,0.09660074947521763,0.7309772972431448,0.02001953125
2336,-1.0,1,0,0.09650414872574241,1.2760196924209595,0.0
2337,-1.0,1,0,0.09640764457701667,0.03975233435630798,0.0
2338,15.458369553089142,18,17,0.09631123693243965,0.17366748510135543,0.177490234375
2339,4.0,6,5,0.09621492569550721,0.32339357895155746,0.094482421875
2340,1.9940550327301025,4,3,0.09611871076981171,0.06409173365682364,0.017333984375
2341,13.460559844970703,16,15,0.0960225920590419,0.6999885234981775,0.11083984375
2342,16.688262581825256,19,18,0.09592656946698286,0.29073431166379077,0.10888671875
2343,4.0,6,5,0.09583064289751587,0.38449205954869586,0.048828125
2344,-1.0,1,0,0.09573481225461836,1.2448697090148926,0.0
2345,-1.0,1,0,0.09563907744236373,0.22686423361301422,0.0
2346,8.0,10,9,0.09554343836492137,0.14222792126238346,0.098876953125
2347,41.164192378520966,45,44,0.09544789492655645,0.4280706985957093,0.321533203125
2348,-1.0,1,0,0.09535244703162989,0.2773241698741913,0.0
2349,25.389940977096558,28,27,0.09525709458459826,0.33881438922669205,0.22998046875
2350,3.0,5,4,0.09516183749001367,0.9091979034245015,0.00732421875
2351,15.696622669696808,18,17,0.09506667565252365,0.16611760295927525,0.156982421875
2352,38.1757248044014,41,40,0.09497160897687112,0.46265538291233343,0.309814453125
2353,14.682969450950623,17,16,0.09487663736789426,0.4260175658718628,0.139404296875
2354,12.79985225200653,15,14,0.09478176073052637,0.37119584617515405,0.10205078125
2355,1.9896630644798279,4,3,0.09468697896979585,0.1562049938365817,0.01318359375
2356,17.505261063575745,20,19,0.09459229199082606,0.32588195353746413,0.080810546875
2357,3.0,5,4,0.09449769969883523,0.05904518701136112,0.01904296875
2358,26.985679268836975,32,31,0.09440320199913639,0.2336068642907776,0.259765625
2359,10.501039862632751,13,12,0.09430879879713726,0.2559911647381691,0.11328125
2360,9.83672171831131,12,11,0.09421448999834012,0.1340313913921515,0.043701171875
2361,0.0,2,1,0.09412027550834177,0.09540455043315887,0.0
2362,6.91312301158905,9,8,0.09402615523283343,0.22763622738420963,0.023193359375
2363,1.0,3,2,0.0939321290776006,0.08636824165781339,0.046142578125
2364,0.0,2,1,0.093838196948523,1.0564973950386047,0.001953125
2365,23.58875334262848,26,25,0.09374435875157447,0.27764192710702235,0.2314453125
2366,15.635797381401062,18,17,0.09365061439282289,0.19691611495282915,0.05224609375
2367,65.96557742357254,71,70,0.09355696377843006,0.3783163217381692,0.430908203125
2368,-1.0,1,0,0.09346340681465164,1.5054810047149658,0.0
2369,25.45882749557495,28,27,0.09336994340783698,0.3974374190771154,0.203857421875
2370,-1.0,1,0,0.09327657346442915,1.2787002325057983,0.0
2371,6.0,8,7,0.09318329689096472,0.3366319416090846,0.0322265625
2372,3.8974450826644897,6,5,0.09309011359407375,0.1564421591659387,0.037841796875
2373,1.0,3,2,0.09299702348047968,0.5486570398012797,0.01611328125
2374,-1.0,1,0,0.0929040264569992,1.5598976612091064,0.0
2375,22.225864470005035,25,24,0.09281112243054221,0.3612437452375889,0.07763671875
2376,-1.0,1,0,0.09271831130811167,0.03988191485404968,0.0
2377,23.42952162027359,26,25,0.09262559299680356,0.3282486923898642,0.13330078125
2378,0.9897538423538208,3,2,0.09253296740380676,0.2501540407538414,0.00439453125
2379,19.45313012599945,22,21,0.09244043443640296,0.4820176743986932,0.17236328125
2380,37.05192965269089,40,39,0.09234799400196655,0.3099499586969614,0.283935546875
2381,4.93585205078125,7,6,0.09225564600796458,0.5085627734661102,0.026611328125
2382,10.502747595310211,13,12,0.09216339036195662,0.37332387612416196,0.075439453125
2383,0.0,2,1,0.09207122697159466,0.06201523169875145,0.00927734375
2384,6.921932697296143,9,8,0.09197915574462306,0.6160767045285966,0.059326171875
2385,36.14075267314911,39,38,0.09188717658887845,0.34307366685989577,0.40869140625
2386,9.783748269081116,12,11,0.09179528941228957,0.16587839120378098,0.055908203125
2387,15.789158403873444,19,18,0.09170349412287727,0.41742857996570437,0.149169921875
2388,24.03790295124054,28,27,0.0916117906287544,0.4161326743529311,0.220947265625
2389,24.109214901924133,27,26,0.09152017883812565,0.27439496479928493,0.338134765625
2390,4.0,6,5,0.09142865865928752,0.5434713975215951,0.0419921875
2391,14.890307307243347,17,16,0.09133723000062824,0.3462297520874178,0.11376953125
2392,1.0,3,2,0.09124589277062761,0.054870449006557465,0.001708984375
2393,5.0,7,6,0.09115464687785699,0.6562047930700439,0.0771484375
2394,12.753582417964935,15,14,0.09106349223097913,0.49063557560245197,0.2001953125
2395,13.551232993602753,16,15,0.09097242873874815,0.2365159810287878,0.086181640625
2396,-1.0,1,0,0.0908814563100094,0.07867521047592163,0.0
2397,14.760942280292511,17,16,0.0907905748536994,0.33205127562670145,0.0986328125
2398,34.67682284116745,38,37,0.0906997842788457,0.3811549703639589,0.24169921875
2399,2.0,4,3,0.09060908449456685,0.056368833407759666,0.01953125
2400,-1.0,1,0,0.09051847541007228,0.040646106004714966,0.0
2401,44.86895650625229,51,50,0.09042795693466221,0.4620199001887265,0.302978515625
2402,12.709047853946686,15,14,0.09033752897772755,0.3214761957526207,0.097412109375
2403,25.722161173820496,28,27,0.09024719144874982,0.37319421236004147,0.24658203125
2404,1.9842345118522644,4,3,0.09015694425730107,0.07680868357419968,0.016845703125
2405,12.753602921962738,15,14,0.09006678731304377,0.2835110122958819,0.09765625
2406,38.03627496957779,41,40,0.08997672052573072,0.2976966422142052,0.2607421875
2407,-1.0,1,0,0.08988674380520499,0.05989813059568405,0.0
2408,6.937715590000153,9,8,0.08979685706139978,0.3953470202783744,0.0830078125
2409,10.845006942749023,13,12,0.08970706020433838,0.29437625580109084,0.06396484375
2410,10.847554683685303,13,12,0.08961735314413405,0.4613095229634872,0.1669921875
2411,4.0,6,5,0.08952773579098991,0.40896230687697727,0.03076171875
2412,8.787538349628448,11,10,0.08943820805519892,0.6420621780509298,0.102294921875
2413,7.960160434246063,10,9,0.08934876984714372,0.35675288923084736,0.162841796875
2414,5.0,7,6,0.08925942107729658,0.35739220306277275,0.022216796875
2415,8.0,10,9,0.08917016165621929,0.5123898864723742,0.086669921875
2416,11.0,13,12,0.08908099149456307,0.22057627628629023,0.14208984375
2417,45.13238316774368,49,48,0.08899191050306851,0.47713281620978093,0.260986328125
2418,27.988326966762543,31,30,0.08890291859256544,0.22581676814344623,0.21826171875
2419,44.92570060491562,49,48,0.08881401567397287,0.4413241763428158,0.35400390625
2420,-1.0,1,0,0.0887252016582989,0.19242233037948608,0.0
2421,1.0,3,2,0.0886364764566406,0.07198753456274669,0.090087890625
2422,67.88431793451309,75,74,0.08854783998018396,0.38953045090039573,0.501708984375
2423,35.16646045446396,39,38,0.08845929214020377,0.2765535857432928,0.36572265625
2424,32.93338859081268,36,35,0.08837083284806357,0.34181534809370834,0.31494140625
2425,-1.0,1,0,0.08828246201521552,0.5335463285446167,0.0
2426,13.815036177635193,16,15,0.0881941795532003,0.34994312142953277,0.111328125
2427,29.796012818813324,33,32,0.0881059853736471,0.3946150007347266,0.2265625
2428,13.0,15,14,0.08801787938827345,0.45957437977194787,0.256591796875
2429,2.0,4,3,0.08792986150888517,0.8171215876936913,0.036376953125
2430,6.0,8,7,0.08784193164737629,0.5819004396907985,0.10400390625
2431,4.886471748352051,7,6,0.08775408971572891,0.43989832007459234,0.01220703125
2432,24.769661009311676,28,27,0.08766633562601318,0.23686884583107062,0.157470703125
2433,53.282558500766754,60,59,0.08757866929038717,0.38053416581824423,0.421142578125
2434,16.817603170871735,19,18,0.08749109062109678,0.6081535156424108,0.26318359375
2435,3.0,5,4,0.08740359953047568,0.15581041797995568,0.0390625
2436,8.965445876121521,11,10,0.0873161959309452,0.21444032375108113,0.10595703125
2437,5.967604100704193,8,7,0.08722887973501425,0.7026785612106323,0.048095703125
2438,10.793572306632996,13,12,0.08714165085527924,0.6370402209174174,0.0947265625
2439,13.684590101242065,16,15,0.08705450920442395,0.4521901065018028,0.158203125
2440,42.05342733860016,47,46,0.08696745469521953,0.4280586509390714,0.27685546875
2441,1.0,3,2,0.08688048724052432,0.5243644838531812,0.017822265625
2442,47.819740891456604,53,52,0.08679360675328379,0.33157026658783545,0.499267578125
2443,43.29329055547714,48,47,0.0867068131465305,0.4559826859428237,0.338134765625
2444,18.69527542591095,21,20,0.08662010633338398,0.27070268855563234,0.293212890625
2445,0.0,2,1,0.0865334862270506,0.4457656443119049,0.009521484375
2446,-1.0,1,0,0.08644695274082355,0.246297687292099,0.0
2447,16.96518898010254,19,18,0.08636050578808273,0.22876523807644844,0.1416015625
2448,60.20625704526901,68,67,0.08627414528229464,0.466058171217275,0.5869140625
2449,8.854957044124603,11,10,0.08618787113701235,0.18954473462971774,0.085693359375
2450,23.93216562271118,27,26,0.08610168326587533,0.22700889891496412,0.31689453125
2451,0.0,2,1,0.08601558158260945,0.6573900282382965,0.008056640625
2452,21.54614496231079,24,23,0.08592956600102684,0.37597676762379706,0.154052734375
2453,6.886924386024475,9,8,0.08584363643502582,0.2452589116162724,0.075439453125
2454,2.9571436047554016,5,4,0.08575779279859079,0.183001708984375,0.013427734375
2455,-1.0,1,0,0.0856720350057922,0.1978255808353424,0.0
2456,24.15874320268631,27,26,0.0855863629707864,0.690231091308373,0.234375
2457,14.324223577976227,17,16,0.0855007766078156,0.45006916365202737,0.028076171875
2458,15.722405731678009,18,17,0.08541527583120778,0.19316973143981564,0.161865234375
2459,14.0,16,15,0.08532986055537657,0.24315176508389413,0.116455078125
2460,2.9876211881637573,5,4,0.0852445306948212,0.9917307466268539,0.066162109375
2461,-1.0,1,0,0.08515928616412638,0.061202745884656906,0.0
2462,44.1711043715477,49,48,0.08507412687796226,0.554687141611868,0.384521484375
2463,15.591648161411285,18,17,0.0849890527510843,0.4026858200215631,0.10888671875
2464,19.078365921974182,22,21,0.08490406369833321,0.6121900987557389,0.1044921875
2465,11.828426539897919,14,13,0.08481915963463488,0.30971378713314024,0.1552734375
2466,19.824533879756927,22,21,0.08473434047500024,0.18552654067223723,0.174072265625
2467,11.974029898643494,14,13,0.08464960613452524,0.344700289757124,0.14892578125
2468,16.326812028884888,19,18,0.08456495652839072,0.2473301738500595,0.162109375
2469,77.96356099843979,87,87,0.08448039157186232,0.4934032293700281,0.968994140625
2470,13.618888676166534,16,15,0.08439591118029047,0.46800040174275637,0.14111328125
2471,19.393427908420563,22,21,0.08431151526911018,0.38100783255967224,0.145263671875
2472,7.0,9,8,0.08422720375384107,0.4105274625536468,0.11181640625
2473,-1.0,1,0,0.08414297655008723,0.06364297866821289,0.0
2474,6.931754112243652,9,8,0.08405883357353715,0.48149707747830284,0.038330078125
2475,1.0,3,2,0.0839747747399636,0.5599552541971207,0.0234375
2476,89.4661750793457,102,101,0.08389079996522364,0.4286682687553705,0.77685546875
2477,4.0,6,5,0.08380690916525842,0.12598695357640585,0.061767578125
2478,5.0,7,6,0.08372310225609315,0.34915064381701605,0.04931640625
2479,1.0,3,2,0.08363937915383707,0.18864626002808413,0.01806640625
2480,21.681853711605072,25,24,0.08355573977468322,0.37719061322510244,0.248046875
2481,59.699708580970764,69,68,0.08347218403490854,0.4383912546479184,0.558837890625
2482,102.41402652859688,126,125,0.08338871185087363,0.4426131964262043,0.9541015625
2483,0.0,2,1,0.08330532313902275,0.258173368871212,0.013916015625
2484,16.985813796520233,19,18,0.08322201781588373,0.4762934205171309,0.167724609375
2485,23.49274230003357,26,25,0.08313879579806785,0.43108575160686785,0.1123046875
2486,6.928470551967621,9,8,0.08305565700226979,0.5944954719808366,0.040283203125
2487,0.0,2,1,0.08297260134526752,0.33945829048752785,0.0
2488,24.458905458450317,27,26,0.08288962874392225,0.23884187845720184,0.23046875
2489,31.627422869205475,34,33,0.08280673911517833,0.35946193414137645,0.277099609375
2490,35.46983444690704,41,40,0.08272393237606315,0.6666527898391572,0.210693359375
2491,37.79650169610977,41,40,0.0826412084436871,0.3181087554591458,0.23681640625
2492,0.9228370785713196,3,2,0.08255856723524341,0.6231859823067983,0.010009765625
2493,-1.0,1,0,0.08247600866800817,0.06086386367678642,0.0
2494,0.0,2,1,0.08239353265934016,2.1796956658363342,0.0283203125
2495,22.67641693353653,25,24,0.08231113912668082,0.5179811438918114,0.215576171875
2496,2.9822075366973877,5,4,0.08222882798755414,0.675351083278656,0.019287109375
2497,25.413477897644043,28,27,0.08214659915956658,0.43496766074427534,0.1884765625
2498,5.0,7,6,0.08206445256040702,1.047807409295014,0.031494140625
2499,35.8562987446785,40,39,0.08198238810784661,0.5099373118020594,0.309814453125
2500,16.830730617046356,19,18,0.08190040571973876,0.6384453769577177,0.195556640625
2501,7.92705374956131,10,9,0.08181850531401902,1.0565061509609222,0.045654296875
2502,24.94571614265442,28,27,0.081736686808705,0.42337245933179346,0.246337890625
2503,10.944082379341125,13,12,0.08165495012189629,0.4503104299879991,0.115234375
2504,7.62408047914505,10,9,0.08157329517177439,0.37095496356487273,0.032958984375
2505,41.580142080783844,46,45,0.08149172187660261,0.4444169152690017,0.44140625
2506,1.9593690633773804,4,3,0.08141023015472601,0.5654531419277191,0.011474609375
2507,2.0,4,3,0.08132881992457128,0.12392084114253521,0.0234375
2508,2.981189787387848,5,4,0.0812474911046467,0.1904240369796753,0.02294921875
2509,2.0,4,3,0.08116624361354205,0.3362574093043804,0.012939453125
2510,16.772271513938904,19,18,0.08108507736992851,0.34053977265169744,0.0703125
2511,16.910710155963898,19,18,0.08100399229255859,0.3717778650553603,0.0869140625
2512,-1.0,1,0,0.08092298830026602,0.27057355642318726,0.0
2513,-1.0,1,0,0.08084206531196575,1.7724581956863403,0.0
2514,5.0,7,6,0.08076122324665379,0.2816998394472258,0.0478515625
2515,1.0,3,2,0.08068046202340713,0.4935365269581477,0.012451171875
2516,51.22790974378586,56,55,0.08059978156138373,0.4863837631751916,0.43408203125
2517,-1.0,1,0,0.08051918177982234,0.4565441310405731,0.0
2518,1.0,3,2,0.08043866259804251,0.05683596928914388,0.009521484375
2519,37.76123583316803,41,40,0.08035822393544446,0.3807393914860923,0.35107421875
2520,36.98117679357529,40,39,0.08027786571150902,0.3996827911585569,0.279052734375
2521,0.9775528907775879,3,2,0.08019758784579752,0.14077584631741047,0.0107421875
2522,18.555998980998993,21,20,0.08011739025795171,0.3226139490448293,0.145263671875
2523,7.928121089935303,10,9,0.08003727286769376,0.5844222649931907,0.07421875
2524,27.164097249507904,31,30,0.07995723559482606,0.4928645058384826,0.16845703125
2525,5.9731234312057495,8,7,0.07987727835923124,0.62236856110394,0.027587890625
2526,2.0,4,3,0.07979740108087201,0.598099160939455,0.0341796875
2527,-1.0,1,0,0.07971760367979114,0.3817812502384186,0.0
2528,17.797553956508636,20,19,0.07963788607611134,0.5489420580677689,0.078369140625
2529,6.90005761384964,9,8,0.07955824819003524,0.7416207682755258,0.030029296875
2530,26.02916532754898,29,28,0.0794786899418452,0.4602571418830033,0.256591796875
2531,26.584148108959198,29,28,0.07939921125190336,0.44481528100782425,0.204345703125
2532,9.692116141319275,12,11,0.07931981204065146,0.40921491260329884,0.0830078125
2533,29.792801201343536,33,32,0.0792404922286108,0.2689438725285458,0.298583984375
2534,24.28521990776062,27,26,0.0791612517363822,0.44265344366431236,0.188720703125
2535,-1.0,1,0,0.07908209048464582,0.07661394029855728,0.0
2536,-1.0,1,0,0.07900300839416118,0.06540612876415253,0.0
2537,8.850928783416748,11,10,0.07892400538576702,0.5528044060549953,0.055419921875
2538,15.446892619132996,18,17,0.07884508138038125,0.34296616518663037,0.0517578125
2539,7.942968368530273,10,9,0.07876623629900087,0.3123324979096651,0.14013671875
2540,10.908541083335876,13,12,0.07868747006270187,0.29602246846144015,0.107421875
2541,41.53619885444641,45,44,0.07860878259263916,0.366386781550116,0.4228515625
2542,10.794555604457855,13,12,0.07853017381004652,0.5370726109697268,0.1123046875
2543,3.0,5,4,0.07845164363623648,0.6111774623394013,0.030029296875
2544,44.88403761386871,49,48,0.07837319199260025,0.3928196194144536,0.464111328125
2545,37.749114632606506,41,40,0.07829481880060765,0.4370389561645868,0.2763671875
2546,1.0,3,2,0.07821652398180705,0.19236590464909872,0.015869140625
2547,7.982621550559998,10,9,0.07813830745782524,0.6949884690344333,0.0283203125
2548,28.06094777584076,31,30,0.07806016915036741,0.41214536058325923,0.26904296875
2549,5.988897621631622,8,7,0.07798210898121705,0.5442150635644794,0.037841796875
2550,-1.0,1,0,0.07790412687223583,0.08736827969551086,0.0
2551,53.22598344087601,58,57,0.07782622274536359,0.342686892390765,0.5498046875
2552,5.0,7,6,0.07774839652261822,0.21875529097659246,0.041259765625
2553,16.57442981004715,19,18,0.0776706481260956,0.3843914498820117,0.240478515625
2554,14.540660619735718,17,16,0.0775929774779695,0.2910797315485337,0.108154296875
2555,3.0,5,4,0.07751538450049153,1.013363128900528,0.056640625
2556,23.27062052488327,26,25,0.07743786911599104,0.3091061237053229,0.197021484375
2557,37.85326534509659,41,40,0.07736043124687506,0.3769280439833315,0.36328125
2558,38.28858816623688,41,40,0.07728307081562819,0.3429600328388738,0.25439453125
2559,3.953648567199707,6,5,0.07720578774481256,0.2694282817343871,0.054931640625
2560,49.981425404548645,54,53,0.07712858195706775,0.40778403346323305,0.498046875
2561,21.473196804523468,24,23,0.07705145337511068,0.42555760126560926,0.1181640625
2562,23.21977925300598,26,25,0.07697440192173557,0.5230738033468907,0.213134765625
2563,11.749509990215302,14,13,0.07689742751981384,0.32554439747972147,0.045166015625
2564,3.9676888585090637,6,5,0.07682053009229402,0.2526697752376397,0.010009765625
2565,10.871012210845947,13,12,0.07674370956220172,0.3274195483670785,0.08251953125
2566,9.0,11,10,0.07666696585263952,0.3491951162842187,0.093994140625
2567,20.688125669956207,25,24,0.07659029888678688,0.5337718493491411,0.1630859375
2568,9.876619040966034,12,11,0.07651370858790009,0.41545732288310927,0.050537109375
2569,31.865948975086212,35,34,0.07643719487931219,0.21437403708696365,0.28173828125
2570,65.16797959804535,75,74,0.07636075768443289,0.3755762912829717,0.54931640625
2571,2.0,4,3,0.07628439692674846,0.5641840603202581,0.069580078125
2572,30.496889531612396,35,34,0.07620811252982171,0.5475246493305479,0.25390625
2573,26.640964686870575,30,29,0.07613190441729188,0.41933285680909954,0.220458984375
2574,15.75610476732254,18,17,0.07605577251287458,0.42501617440332967,0.13671875
2575,31.348398506641388,34,33,0.0759797167403617,0.40590023293214683,0.39794921875
2576,41.58823907375336,46,45,0.07590373702362134,0.3999883981988482,0.446533203125
2577,2.0,4,3,0.07582783328659772,0.16371799632906914,0.007568359375
2578,-1.0,1,0,0.07575200545331112,0.25376012921333313,0.0
2579,0.0,2,1,0.0756762534478578,0.9273494184017181,0.02392578125
2580,37.8888795375824,41,40,0.07560057719440995,0.48551711885303983,0.253662109375
2581,5.984462261199951,8,7,0.07552497661721554,0.4186682081781328,0.03759765625
2582,-1.0,1,0,0.07544945164059833,0.3724619150161743,0.0
2583,41.22000336647034,45,44,0.07537400218895772,0.4825960784736607,0.282958984375
2584,-1.0,1,0,0.07529862818676876,0.3568485379219055,0.0
2585,23.264701187610626,26,25,0.07522332955858199,0.5543608612452562,0.18017578125
2586,55.364600479602814,61,60,0.0751481062290234,0.5739118329814223,0.540771484375
2587,1.0,3,2,0.07507295812279438,0.9065475662549337,0.0
2588,56.513896226882935,60,59,0.07499788516467158,0.46375334225595,0.39306640625
2589,71.37640857696533,83,83,0.07492288727950691,0.4754195821482733,0.88671875
2590,3.971710979938507,6,5,0.0748479643922274,0.08934754133224487,0.0302734375
2591,5.926275432109833,8,7,0.07477311642783518,1.162253308109939,0.03662109375
2592,-1.0,1,0,0.07469834331140734,0.4623503088951111,0.0
2593,37.87144619226456,42,41,0.07462364496809594,0.4163224728157123,0.475830078125
2594,10.66122680902481,13,12,0.07454902132312784,0.35518512244407946,0.114013671875
2595,0.0,2,1,0.0744744723018047,0.3154933601617813,0.023193359375
2596,9.957480132579803,12,11,0.0743999978295029,0.4639463595425089,0.0576171875
2597,13.798444509506226,16,15,0.0743255978316734,0.5481785195879638,0.110107421875
2598,1.0,3,2,0.07425127223384173,0.5950475037097931,0.003173828125
2599,5.0,7,6,0.07417702096160789,0.3071029271398272,0.061767578125
2600,32.26173156499863,35,34,0.07410284394064628,0.4435844714088099,0.2421875
2601,7.971153378486633,10,9,0.07402874109670564,0.6325112476944923,0.085205078125
2602,1.0,3,2,0.07395471235560894,0.6127797017494837,0.013671875
2603,2.0,4,3,0.07388075764325333,0.9435499981045723,0.03271484375
2604,5.894310832023621,8,7,0.07380687688561008,0.5257007768377662,0.10986328125
2605,11.923337161540985,14,13,0.07373307000872446,0.5966165262673583,0.0673828125
2606,38.550245106220245,42,41,0.07365933693871574,0.5421057919572506,0.33154296875
2607,0.0,2,1,0.07358567760177702,0.2869563549757004,0.009521484375
2608,20.54837727546692,23,22,0.07351209192417524,0.43982986798105034,0.18505859375
2609,9.903777122497559,12,11,0.07343857983225106,0.39601138948152464,0.083251953125
2610,70.22197884321213,76,75,0.07336514125241882,0.36938306042238284,0.664306640625
2611,8.966224193572998,11,10,0.0732917761111664,0.3894115561111407,0.0673828125
2612,93.8624017238617,106,105,0.07321848433505523,0.4608397497883383,0.72900390625
2613,11.605535924434662,14,13,0.07314526585072018,0.5615673400461674,0.0908203125
2614,13.828544974327087,16,15,0.07307212058486945,0.35520877852104604,0.124267578125
2615,12.791785776615143,15,14,0.07299904846428458,0.4167948797345161,0.189208984375
2616,-1.0,1,0,0.0729260494158203,0.28637006878852844,0.0
2617,29.38490581512451,32,31,0.07285312336640448,0.6273375689052045,0.253173828125
2618,4.0,6,5,0.07278027024303808,0.393765177577734,0.044921875
2619,0.0,2,1,0.07270748997279504,0.17757192254066467,0.0
2620,41.712285459041595,45,44,0.07263478248282225,0.5445038439499007,0.268798828125
2621,1.0,3,2,0.07256214770033943,0.14656767745812735,0.0419921875
2622,5.943713366985321,8,7,0.0724895855526391,0.29830430168658495,0.026611328125
2623,26.749171257019043,31,30,0.07241709596708645,0.5787098572379158,0.34375
2624,0.0,2,1,0.07234467887111937,1.0198401138186455,0.011474609375
2625,74.40426242351532,82,81,0.07227233419224825,0.44978947376423495,0.736328125
2626,32.94408053159714,36,35,0.07220006185805601,0.7283156790460149,0.3505859375
2627,10.748633027076721,13,12,0.07212786179619796,0.6259541717859415,0.11767578125
2628,-1.0,1,0,0.07205573393440176,1.2508214712142944,0.0
2629,38.467675387859344,42,41,0.07198367820046736,0.6041601043017137,0.227294921875
2630,32.275833666324615,36,35,0.0719116945222669,0.5782475970271561,0.32568359375
2631,5.993962347507477,8,7,0.07183978282774463,0.37407384160906076,0.032470703125
2632,5.0,7,6,0.07176794304491688,0.15836172550916672,0.0556640625
2633,2.0,4,3,0.07169617510187196,0.17136153299361467,0.011474609375
2634,7.822015702724457,10,9,0.07162447892677008,0.368815802782774,0.11962890625
2635,4.954724669456482,7,6,0.07155285444784332,0.539657857801233,0.03125
2636,5.964949190616608,8,7,0.07148130159339547,0.34793367190286517,0.01220703125
2637,2.0,4,3,0.07140982029180207,0.4729860154911876,0.025390625
2638,0.0,2,1,0.07133841047151027,1.999869465827942,0.00244140625
2639,4.979627728462219,7,6,0.07126707206103876,0.6783232241868973,0.122314453125
2640,0.0,2,1,0.07119580498897772,0.9771210309118032,0.0
2641,2.986462891101837,5,4,0.07112460918398875,0.2962472066283226,0.038330078125
2642,12.735164165496826,15,14,0.07105348457480476,0.6216658001144727,0.08984375
2643,75.24332970380783,85,84,0.07098243109022996,0.5591614320435945,0.651123046875
2644,41.183560490608215,48,47,0.07091144865913973,0.6470325861591846,0.339599609375
2645,0.0,2,1,0.07084053721048059,0.8026432618498802,0.022705078125
2646,-1.0,1,0,0.0707696966732701,0.07159882038831711,0.0
2647,0.0,2,1,0.07069892697659683,1.6005041599273682,0.004150390625
2648,15.745274484157562,18,17,0.07062822804962023,0.4074766526205672,0.142333984375
2649,8.817895770072937,11,10,0.0705575998215706,0.4072916582226753,0.047607421875
2650,19.673547327518463,22,21,0.07048704222174904,0.49871252511035313,0.171630859375
2651,13.69723927974701,16,15,0.07041655517952729,0.4789131027646363,0.156494140625
2652,16.96904969215393,19,18,0.07034613862434776,0.4333660939806386,0.15380859375
2653,1.0,3,2,0.07027579248572341,1.3511034200588863,0.035888671875
2654,55.714968144893646,62,61,0.07020551669323769,0.4438230626645588,0.521484375
2655,18.70170283317566,21,20,0.07013531117654445,0.7088944929696265,0.161865234375
2656,3.0,5,4,0.07006517586536791,0.6655031085014343,0.150146484375
2657,4.973960280418396,7,6,0.06999511068950254,0.7940624430775642,0.019287109375
2658,12.847402572631836,15,14,0.06992511557881304,0.264002937823534,0.089599609375
2659,3.0,5,4,0.06985519046323423,0.9150568544864655,0.035888671875
2660,26.98824965953827,30,29,0.06978533527277099,0.598745422748228,0.186767578125
2661,42.17273265123367,46,45,0.06971554993749822,0.5109810486597859,0.488037109375
2662,11.610934376716614,16,15,0.06964583438756072,0.6253645541146398,0.08203125
2663,59.82942283153534,66,65,0.06957618855317316,0.615301227197051,0.566650390625
2664,55.45557123422623,62,61,0.06950661236461998,0.554471091397347,0.48681640625
2665,0.0,2,1,0.06943710575225537,0.26734354346990585,0.0
2666,25.32561868429184,28,27,0.06936766864650311,0.6842821236433727,0.233154296875
2667,8.84734034538269,11,10,0.06929830097785661,0.46866067651320586,0.0751953125
2668,0.0,2,1,0.06922900267687875,0.2639670595526695,0.0
2669,84.18490195274353,94,93,0.06915977367420187,0.47981685098815474,0.80908203125
2670,11.790715217590332,14,13,0.06909061390052766,0.5532762796751091,0.109375
2671,14.59222400188446,17,16,0.06902152328662714,0.41596858510199713,0.06396484375
2672,17.815445244312286,20,19,0.06895250176334052,0.32022512443363665,0.210205078125
2673,16.47764927148819,19,18,0.06888354926157718,0.4898250412784125,0.15673828125
2674,58.58142846822739,65,64,0.0688146657123156,0.5847730549195638,0.57763671875
2675,14.607875287532806,17,16,0.06874585104660329,0.6984974890947342,0.148193359375
2676,52.84521263837814,57,56,0.06867710519555668,0.5903166976283517,0.326416015625
2677,3.9158166646957397,6,5,0.06860842809036113,0.5827858944733938,0.040283203125
2678,7.813522815704346,10,9,0.06853981966227077,0.4404662698507309,0.038818359375
2679,2.0,4,3,0.06847127984260849,0.5627401075325906,0.012451171875
2680,2.0,4,3,0.06840280856276588,0.5543165132403374,0.022216796875
2681,2.0,4,3,0.06833440575420312,0.2831225246191025,0.00634765625
2682,6.91371876001358,9,8,0.06826607134844892,0.3958352530996005,0.05322265625
2683,8.786596059799194,11,10,0.06819780527710047,0.18355537544597278,0.0498046875
2684,0.0,2,1,0.06812960747182337,0.05847551487386227,0.011474609375
2685,34.346098840236664,40,39,0.06806147786435154,0.6672792248427868,0.31298828125
2686,2.988529086112976,5,4,0.06799341638648719,0.6831490524113178,0.026611328125
2687,0.0,2,1,0.06792542297010071,0.23797116801142693,0.0
2688,1.9917175769805908,4,3,0.06785749754713061,0.39410426933318377,0.001953125
2689,1.0,3,2,0.06778964004958347,0.17709281668066978,0.023681640625
2690,-1.0,1,0,0.06772185040953389,2.443641185760498,0.0
2691,14.659285187721252,17,16,0.06765412855912437,0.8263227141955319,0.087890625
2692,5.0,7,6,0.06758647443056524,0.4484871083072254,0.0654296875
2693,5.0,7,6,0.06751888795613468,0.8284220269748143,0.013916015625
2694,53.50966930389404,58,57,0.06745136906817856,0.4465475256458439,0.46728515625
2695,6.995397686958313,9,8,0.06738391769911038,0.7320687712894546,0.061767578125
2696,9.821705937385559,13,12,0.06731653378141127,0.49665283827254403,0.092529296875
2697,-1.0,1,0,0.06724921724762986,0.058213844895362854,0.0
2698,34.02139467000961,38,37,0.06718196803038223,0.6143666583260423,0.21044921875
2699,18.68013644218445,21,20,0.06711478606235186,0.5374083126939478,0.090087890625
2700,43.0172455906868,46,45,0.06704767127628951,0.4843363645284072,0.36865234375
2701,12.70216315984726,15,14,0.06698062360501322,0.6035176838437716,0.0576171875
2702,48.51059103012085,53,52,0.06691364298140821,0.5916447690775934,0.480712890625
2703,38.25361806154251,42,41,0.06684672933842681,0.5262050655714813,0.244140625
2704,45.30967605113983,49,48,0.06677988260908838,0.5538514074774421,0.356201171875
2705,10.920904994010925,13,12,0.06671310272647929,0.616230742002909,0.095947265625
2706,9.0,11,10,0.06664638962375281,0.37458435412157665,0.046875
2707,6.896982908248901,9,8,0.06657974323412906,0.615468692034483,0.121337890625
2708,28.19633460044861,31,30,0.06651316349089494,0.46761042456473073,0.177001953125
2709,30.984767258167267,34,33,0.06644665032740404,0.5492783469312331,0.225830078125
2710,12.992408871650696,15,14,0.06638020367707664,0.5252764222522577,0.1669921875
2711,7.868823766708374,10,9,0.06631382347339956,0.6623879417777061,0.103271484375
2712,16.652542650699615,19,18,0.06624750964992616,0.7323764986113498,0.11962890625
2713,24.491918861865997,27,26,0.06618126214027624,0.734655005098493,0.184814453125
2714,-1.0,1,0,0.06611508087813596,0.19568252563476562,0.0
2715,17.8025763630867,20,19,0.06604896579725783,0.697556122764945,0.169677734375
2716,3.9793071150779724,6,5,0.06598291683146057,0.5858962349593639,0.013671875
2717,43.66412228345871,48,47,0.0659169339146291,0.6408677412740266,0.350830078125
2718,98.94599330425262,109,108,0.06585101698071448,0.520252971901396,0.799560546875
2719,104.84861460328102,120,120,0.06578516596373377,0.5609412868662427,0.984130859375
2720,12.703894078731537,15,14,0.06571938079777004,0.7348736251393954,0.0537109375
2721,34.86594766378403,38,37,0.06565366141697226,0.4480099925085118,0.177734375
2722,30.314727663993835,33,32,0.06558800775555529,0.6384311578038967,0.2197265625
2723,6.910944879055023,9,8,0.06552241974779974,0.3573824390769005,0.02734375
2724,1.0,3,2,0.06545689732805193,1.394461989402771,0.015869140625
2725,15.606397032737732,18,17,0.06539144043072388,0.6896111577128371,0.088134765625
2726,20.472042083740234,23,22,0.06532604899029316,0.7884715478057447,0.19873046875
2727,1.0,3,2,0.06526072294130288,1.0975962082544963,0.021484375
2728,29.02331906557083,34,33,0.06519546221836157,0.68999826765674,0.251708984375
2729,3.0,5,4,0.06513026675614321,0.22250341325998307,0.045654296875
2730,28.100509464740753,31,30,0.06506513648938707,0.531495259413796,0.26416015625
2731,16.293108701705933,19,18,0.06500007135289768,0.614701538101623,0.2421875
2732,3.0,5,4,0.06493507128154478,0.6626572132110595,0.033935546875
2733,-1.0,1,0,0.06487013621026325,0.04728274047374725,0.0
2734,4.962092220783234,7,6,0.06480526607405299,0.5976090729236603,0.056884765625
2735,1.0,3,2,0.06474046080797893,0.15194462115565935,0.00341796875
2736,8.815084099769592,11,10,0.06467572034717095,0.5125027112662792,0.0703125
2737,-1.0,1,0,0.06461104462682378,0.3280700147151947,0.0
2738,33.259898364543915,36,35,0.06454643358219696,0.5458527095615864,0.195068359375
2739,24.248564064502716,27,26,0.06448188714861476,0.6270905967663836,0.125244140625
2740,12.83829814195633,15,14,0.06441740526146615,0.4754512429237366,0.08984375
2741,11.892903923988342,14,13,0.06435298785620469,0.7349010940108981,0.104736328125
2742,14.779987275600433,17,16,0.06428863486834849,0.7220990893376225,0.11181640625
2743,7.898922622203827,10,9,0.06422434623348014,0.7283035263419151,0.076171875
2744,3.982223093509674,6,5,0.06416012188724667,0.24543952072660127,0.020751953125
2745,15.820411145687103,18,17,0.06409596176535942,0.36110114865005016,0.11865234375
2746,39.63994985818863,44,43,0.06403186580359406,0.43739543397995556,0.4091796875
2747,24.237754702568054,27,26,0.06396783393779047,0.4859930812208741,0.20556640625
2748,4.99242228269577,7,6,0.06390386610385268,0.24352614368711198,0.101318359375
2749,17.35970103740692,20,19,0.06383996223774882,0.7147911515086889,0.17626953125
2750,73.83751732110977,81,80,0.06377612227551108,0.547214398275555,0.585693359375
2751,37.072182178497314,40,39,0.06371234615323557,0.5549000454135239,0.3173828125
2752,37.26314866542816,40,39,0.06364863380708233,0.5046673705801368,0.543701171875
2753,16.94110196828842,19,18,0.06358498517327525,0.5870516111976222,0.201904296875
2754,11.897335648536682,14,13,0.06352140018810197,0.3795060386349048,0.082763671875
2755,24.714539229869843,27,26,0.06345787878791387,0.5488390484479843,0.218994140625
2756,5.995436131954193,8,7,0.06339442090912595,0.46120495488867164,0.039306640625
2757,19.624205589294434,22,21,0.06333102648821683,0.4653513902290301,0.187255859375
2758,31.48685222864151,36,35,0.06326769546172861,0.5072926614019606,0.234130859375
2759,17.68295007944107,20,19,0.06320442776626688,0.5785028532147407,0.062744140625
2760,5.936460375785828,8,7,0.06314122333850061,0.545912828296423,0.033447265625
2761,11.815179824829102,14,13,0.06307808211516211,0.24240050784179143,0.037109375
2762,1.0,3,2,0.06301500403304695,1.5505019625027974,0.005126953125
2763,54.71487772464752,62,61,0.0629519890290139,0.4487958921179656,0.5283203125
2764,3.938481330871582,6,5,0.06288903703998489,0.9361990143855413,0.01416015625
2765,56.900794088840485,61,60,0.0628261480029449,0.4845284889223146,0.443115234375
2766,0.0,2,1,0.06276332185494196,0.7198365852236748,0.004638671875
2767,7.778741538524628,10,9,0.06270055853308702,0.570310678333044,0.088623046875
2768,3.0,5,4,0.06263785797455393,0.24856516420841218,0.02294921875
2769,49.57433640956879,54,53,0.06257522011657937,0.5888970029988775,0.593994140625
2770,65.80220448970795,70,69,0.0625126448964628,0.5296228507267577,0.377197265625
2771,21.708417415618896,24,23,0.062450132251566336,0.5468636097696921,0.20556640625
2772,-1.0,1,0,0.062387682119314766,0.3135407269001007,0.0
2773,54.16945677995682,58,57,0.06232529443719545,0.4389284997536191,0.72314453125
2774,-1.0,1,0,0.06226296914275825,0.06616361439228058,0.0
2775,4.0,6,5,0.06220070617361549,0.6924038032690684,0.0419921875
2776,57.215195298194885,62,61,0.062138505467441874,0.5327290336210881,0.5302734375
2777,18.83245098590851,21,20,0.06207636696197443,0.43636940597068696,0.250244140625
2778,0.0,2,1,0.062014290595012456,0.7393480241298676,0.0
2779,39.29627501964569,42,41,0.06195227630441744,0.6383239696955397,0.27685546875
2780,12.64776086807251,15,14,0.06189032402811302,0.3999940147002538,0.078857421875
2781,43.75115787982941,48,47,0.06182843370408491,0.5716052252488831,0.4599609375
2782,35.8414112329483,39,38,0.061766605270380824,0.6117693132314926,0.453125
2783,30.929959058761597,34,33,0.061704838665110444,0.5543855559080839,0.22705078125
2784,27.70600003004074,30,29,0.06164313382644533,0.3026238678644101,0.281982421875
2785,4.0,6,5,0.06158149069261889,0.4166290648281574,0.023193359375
2786,30.491260290145874,34,33,0.06151990920192627,0.5171008034992743,0.22802734375
2787,14.771728157997131,17,16,0.06145838929272435,0.7431079495479079,0.099853515625
2788,2.9786041378974915,5,4,0.061396930903431624,0.5353234902024269,0.029296875
2789,8.976219296455383,11,10,0.061335533972528195,0.4399756325239485,0.0859375
2790,3.0,5,4,0.061274198438555666,0.14916274547576905,0.005615234375
2791,11.0,13,12,0.06121292424011711,0.3128182352162324,0.120361328125
2792,24.85516196489334,29,28,0.06115171131587699,0.47749836691494646,0.12060546875
2793,24.46758282184601,27,26,0.06109055960456111,0.4562467576728927,0.25439453125
2794,31.48058170080185,34,33,0.06102946904495655,0.5212497357279062,0.342529296875
2795,70.49882298707962,76,75,0.06096843957591159,0.6384817844648895,0.5791015625
2796,85.39314585924149,99,98,0.06090747113633568,0.45846932304251675,0.80419921875
2797,93.41227346658707,112,112,0.06084656366519934,0.4201539547648281,0.89306640625
2798,27.630618691444397,31,30,0.06078571710153414,0.5300831060496068,0.218505859375
2799,8.0,10,9,0.06072493138443261,0.29383509978652,0.11669921875
2800,6.946601510047913,9,8,0.060664206453048174,0.7069967769914203,0.058837890625
2801,8.739816963672638,11,10,0.06060354224659512,0.1458146736364473,0.112548828125
2802,27.373487651348114,30,29,0.06054293870434853,0.5033009660740694,0.185302734375
2803,-1.0,1,0,0.06048239576564418,1.3058346509933472,0.0
2804,23.908627688884735,26,25,0.06042191336987854,0.6982508291705296,0.189208984375
2805,83.68403062969446,98,98,0.06036149145650866,0.46700029048536507,0.975830078125
2806,6.0,8,7,0.06030112996505215,0.5360684581100941,0.16064453125
2807,51.3280143737793,55,54,0.0602408288350871,0.5142484070225195,0.327392578125
2808,43.316999554634094,48,47,0.06018058800625201,0.5705389175176,0.464111328125
2809,-1.0,1,0,0.06012040741824576,0.32206717133522034,0.0
2810,1.0,3,2,0.06006028701082751,0.1287230352560679,0.013427734375
2811,18.199786841869354,21,20,0.060000226723816684,0.6032765830556551,0.09130859375
2812,86.43521577119827,99,98,0.059940226497092866,0.6920690351363384,0.89599609375
2813,7.950783729553223,10,9,0.05988028627059577,0.2665973789989948,0.10888671875
2814,11.84207409620285,14,13,0.05982040598432518,0.6690442293350186,0.127197265625
2815,50.216966807842255,63,62,0.05976058557834085,0.5320822245308331,0.686767578125
2816,26.46637260913849,29,28,0.05970082499276251,0.6166428391789568,0.193603515625
2817,1.9748466610908508,4,3,0.059641124167769746,0.8829587623476982,0.038818359375
2818,73.4742351770401,79,78,0.059581483043601974,0.5768366705484783,0.66357421875
2819,11.836946427822113,14,13,0.05952190156055837,0.3313387408852577,0.07666015625
2820,38.4037127494812,42,41,0.05946237965899782,0.6553912463464907,0.30029296875
2821,0.0,2,1,0.05940291727933882,0.2375749945640564,0.015380859375
2822,1.9859585762023926,4,3,0.05934351436205949,0.5365388300269842,0.033203125
2823,9.0,11,10,0.05928417084769743,0.7036402943459424,0.10302734375
2824,11.782737135887146,14,13,0.05922488667684973,0.3007612068738256,0.072265625
2825,4.97522509098053,7,6,0.05916566179017289,0.3625000502382006,0.04150390625
2826,16.610451757907867,19,18,0.059106496128382716,0.4098996735717121,0.1142578125
2827,1.0,3,2,0.05904738963225433,0.5892637521028519,0.011962890625
2828,39.69183284044266,43,42,0.058988342242622074,0.6302212247148503,0.2734375
2829,35.4513104557991,38,37,0.058929353900379455,0.4729718913961398,0.353271484375
2830,20.731938064098358,23,22,0.058870424546479075,0.5284448981932972,0.162841796875
2831,41.699527323246,45,44,0.0588115541219326,0.4922829350663556,0.447509765625
2832,4.0,6,5,0.05875274256781066,0.19644690118730068,0.028564453125
2833,33.54317158460617,36,35,0.058693989825242855,0.507953943995138,0.354736328125
2834,53.23387187719345,60,59,0.058635295835417614,0.5959884271025657,0.381591796875
2835,13.94015771150589,16,15,0.058576660539582194,0.8484505661763251,0.120849609375
2836,17.237344443798065,20,19,0.058518083879042615,0.34252446666359904,0.0673828125
2837,8.803236603736877,11,10,0.05845956579516357,0.49891441654075275,0.0693359375
2838,1.9860807061195374,4,3,0.05840110622936841,0.6696065906435251,0.024658203125
2839,15.599558889865875,18,17,0.05834270512313904,0.6537068580380745,0.144287109375
2840,49.147544860839844,54,53,0.058284362418015906,0.5987074505537748,0.3486328125
2841,1.0,3,2,0.05822607805559789,0.17413217077652612,0.002197265625
2842,7.890199601650238,10,9,0.05816785197754229,0.3177827872335911,0.0546875
2843,28.913942635059357,32,31,0.05810968412556475,0.481845784233883,0.229248046875
2844,8.0,10,9,0.058051574441439185,0.540012925118208,0.0361328125
2845,86.80343562364578,97,96,0.05799352286699774,0.49787011817481713,0.757080078125
2846,6.0,8,7,0.057935529344130744,0.5419294368475676,0.0732421875
2847,19.30165559053421,22,21,0.05787759381478661,0.5034754286435518,0.232421875
2848,7.970854878425598,10,9,0.057819716220971824,0.6889784634113312,0.07568359375
2849,58.491393864154816,64,63,0.05776189650475085,0.5277430987916887,0.49658203125
2850,2.9209316968917847,5,4,0.0577041346082461,0.21488751992583274,0.022216796875
2851,9.920197308063507,12,11,0.05764643047363786,0.5586444387833277,0.032470703125
2852,2.9877899885177612,5,4,0.05758878404316422,0.1715645682066679,0.05029296875
2853,1.0,3,2,0.05753119525912106,0.4005429844061534,0.0
2854,29.97652518749237,33,32,0.05747366406386194,0.3781603251329877,0.28466796875
2855,47.64732736349106,53,52,0.057416190399798075,0.5821284356544603,0.36669921875
2856,28.74826008081436,32,31,0.05735877420939828,0.46906465699430555,0.195556640625
2857,13.51856940984726,16,15,0.05730141543518888,0.6646391293033957,0.21044921875
2858,30.334285020828247,33,32,0.05724411401975369,0.6176194456039052,0.203125
2859,3.97189462184906,6,5,0.057186869905733934,0.9900764773289362,0.034912109375
2860,47.24907183647156,51,50,0.0571296830358282,0.5184621438384056,0.366943359375
2861,10.830914556980133,13,12,0.05707255335279238,0.5045254860933011,0.0439453125
2862,5.971816718578339,8,7,0.057015480799439584,0.4254097882658243,0.0517578125
2863,1.0,3,2,0.05695846531864014,0.2559976875782013,0.005859375
2864,1.0,3,2,0.0569015068533215,0.5488700469334921,0.0
2865,23.59731775522232,26,25,0.05684460534646818,0.5920441783964634,0.2900390625
2866,124.06468273699284,161,161,0.05678776074112171,0.5720451327029222,0.908203125
2867,7.982623755931854,10,9,0.056730972980380594,0.4644713059067726,0.080810546875
2868,3.965665578842163,6,5,0.05667424200740021,0.38351410689453286,0.041015625
2869,-1.0,1,0,0.05661756776539281,0.40262430906295776,0.0
2870,21.297560691833496,25,24,0.05656095019762742,0.7637220758199692,0.155517578125
2871,92.24652451276779,110,110,0.056504389247429794,0.6759702143344012,0.985107421875
2872,71.93019258975983,79,78,0.05644788485818236,0.5739173466174663,0.7333984375
2873,1.0,3,2,0.05639143697332418,0.5977404216925303,0.0
2874,97.7153652459383,109,109,0.05633504553635086,0.5872525320208948,0.957275390625
2875,6.947159051895142,9,8,0.05627871049081451,0.9522288855579164,0.048828125
2876,2.988878905773163,5,4,0.0562224317803237,0.41892708763480185,0.04833984375
2877,6.966334939002991,9,8,0.056166209348543376,0.25655142300658756,0.03564453125
2878,15.898674309253693,18,17,0.056110043139194835,0.5580873596999381,0.22119140625
2879,0.9863053560256958,3,2,0.05605393309605564,0.6558645268281301,0.008544921875
2880,61.065184473991394,67,66,0.055997879162959584,0.6298636774629799,0.4658203125
2881,0.0,2,1,0.055941881283796624,0.8137507438659668,0.021728515625
2882,10.926136493682861,13,12,0.055885939402512824,0.8101037090214399,0.07421875
2883,29.729228615760803,33,32,0.05583005346311031,0.5779798276948206,0.265625
2884,68.98151010274887,76,75,0.0557742234096472,0.619317547761296,0.732666015625
2885,13.914098262786865,16,15,0.055718449186237556,0.6008063266053796,0.23828125
2886,3.0,5,4,0.055662730737051316,0.515764120221138,0.005859375
2887,19.74574565887451,22,21,0.055607068006314264,0.6276645558801565,0.142333984375
2888,16.61386489868164,19,18,0.05555146093830795,0.43433703717432526,0.308349609375
2889,46.665768682956696,51,50,0.05549590947736964,0.523026647740135,0.489501953125
2890,36.564742505550385,40,39,0.05544041356789227,0.6275761771947146,0.33984375
2891,4.86736136674881,7,6,0.05538497315432438,0.204018768455301,0.13916015625
2892,10.806966423988342,13,12,0.05532958818117005,0.5736813384753007,0.036865234375
2893,13.736832559108734,16,15,0.05527425859298888,0.7681852234527469,0.117431640625
2894,7.0,9,8,0.05521898433439589,0.43328679932488334,0.055419921875
2895,15.695729076862335,18,17,0.0551637653500615,0.6642093691560957,0.13427734375
2896,8.752446711063385,11,10,0.05510860158471143,0.4163160967555913,0.05419921875
2897,36.25184041261673,39,38,0.05505349298312672,0.5996340046135279,0.3583984375
2898,14.0,16,15,0.054998439490143596,0.6853420499246567,0.173583984375
2899,19.745844185352325,22,21,0.05494344105065345,0.5032333237203684,0.135986328125
2900,2.963643491268158,5,4,0.05488849760960279,0.9348505735397339,0.026611328125
2901,10.941726684570312,13,12,0.05483360911199319,0.7409759940436254,0.081298828125
2902,11.93957144021988,14,13,0.0547787755028812,0.3449173739978245,0.10205078125
2903,48.53419238328934,54,53,0.054723996727378314,0.5016762048557952,0.407958984375
2904,69.36799842119217,78,77,0.054669272730650934,0.5783261788817935,0.603271484375
2905,38.26131695508957,41,40,0.05461460345792028,0.60008652408312,0.392822265625
2906,9.84260642528534,12,11,0.054559988854462366,0.5106622464954853,0.1494140625
2907,14.772186160087585,17,16,0.054505428865607906,0.4359966341186972,0.10400390625
2908,29.831487894058228,33,32,0.0544509234367423,0.6437711309302937,0.33642578125
2909,3.0,5,4,0.05439647251330556,0.5663474097847938,0.025634765625
2910,19.865160584449768,22,21,0.054342076040792255,0.6218935637311502,0.25537109375
2911,33.58502954244614,36,35,0.054287733964751464,0.6525176831831535,0.321533203125
2912,42.70618033409119,46,45,0.054233446230786714,0.4724994062891473,0.29052734375
2913,71.96899461746216,82,81,0.054179212784555925,0.6141647748739981,0.71240234375
2914,74.81943881511688,86,86,0.05412503357177137,0.6104546020803756,0.929931640625
2915,37.304932594299316,41,40,0.0540709085381996,0.6920163776816391,0.266845703125
2916,46.01506060361862,50,49,0.0540168376296614,0.5779813303798437,0.327880859375
2917,7.95600026845932,10,9,0.053962820792031733,0.5124318428337574,0.030517578125
2918,21.374877631664276,24,23,0.053908857971239704,0.607649410298715,0.14404296875
2919,2.0,4,3,0.05385494911326846,0.48795375041663647,0.08154296875
2920,13.606230020523071,16,15,0.0538010941641552,0.5224498109892011,0.07470703125
2921,32.03519415855408,35,34,0.05374729306999104,0.4804108568600246,0.3076171875
2922,43.58423238992691,47,46,0.05369354577692105,0.7265924249399216,0.423828125
2923,23.71874612569809,26,25,0.053639852231144126,0.4785295183268877,0.199951171875
2924,12.785304188728333,15,14,0.053586212378912985,0.35316287303964294,0.1181640625
2925,1.0,3,2,0.05353262616653407,0.5234216749668121,0.052734375
2926,113.31491228938103,131,131,0.053479093540367534,0.6014285949520938,0.936767578125
2927,13.92190158367157,16,15,0.05342561444682717,0.4431267259642482,0.11865234375
2928,46.240917682647705,50,49,0.05337218883238034,0.5951645659655332,0.41943359375
2929,3.0,5,4,0.053318816643547956,0.6556265920400619,0.032958984375
2930,15.898116052150726,18,17,0.05326549782690441,0.3321213399370511,0.085205078125
2931,1.0,3,2,0.053212232329077506,0.3518527199824651,0.007568359375
2932,1.0,3,2,0.05315902009674843,0.9359031394124031,0.063232421875
2933,64.67691224813461,70,69,0.05310586107665168,0.5585116728075913,0.573486328125
2934,32.15897715091705,35,34,0.05305275521557503,0.2786888429096767,0.305419921875
2935,8.0,10,9,0.052999702460359455,0.48219966553151605,0.0859375
2936,53.31026917695999,57,56,0.052946702757899096,0.5769840205709139,0.600830078125
2937,10.91474962234497,13,12,0.0528937560551412,0.45013556056297743,0.06103515625
2938,4.959682285785675,7,6,0.05284086229908606,0.1816996272121157,0.062744140625
2939,98.23136866092682,111,110,0.05278802143678697,0.49265135626669404,0.9404296875
2940,2.988090991973877,5,4,0.052735233415350184,0.7306102037429809,0.0244140625
2941,13.813636660575867,16,15,0.052682498181934836,0.5281468923203647,0.094970703125
2942,48.029782235622406,53,52,0.052629815683752905,0.5819214287934438,0.458740234375
2943,87.39682741463184,102,102,0.05257718586806915,0.5031822111238452,0.9501953125
2944,27.4666109085083,30,29,0.05252460868220108,0.7075838307539623,0.1875
2945,74.92745476961136,94,93,0.05247208407351888,0.5369727346015737,0.776611328125
2946,8.993596613407135,11,10,0.052419611989445364,0.5745252993973818,0.1015625
2947,15.746070683002472,18,17,0.05236719237745592,0.3648908094813426,0.140625
2948,31.27629393339157,34,33,0.05231482518507846,0.5054467348929714,0.18310546875
2949,3.0,5,4,0.052262510359893384,1.1132889270782471,0.0234375
2950,3.0,5,4,0.05221024784953349,0.4451650887727737,0.060791015625
2951,3.0,5,4,0.05215803760168396,0.16444369554519653,0.0498046875
2952,6.898082733154297,9,8,0.052105879564082275,0.17677803792887264,0.029541015625
2953,2.0,4,3,0.05205377368451819,0.5340487584471703,0.001708984375
2954,55.25537544488907,58,57,0.052001719910833674,0.5731299550368868,0.54052734375
2955,25.612097799777985,28,27,0.05194971819092284,0.7255001549742052,0.142578125
2956,66.74619424343109,80,79,0.05189776847273191,0.6693703011143952,0.6435546875
2957,11.788885593414307,14,13,0.05184587070425918,0.6000074901218925,0.099853515625
2958,74.6050620675087,82,81,0.05179402483355492,0.6252109301617232,0.509521484375
2959,25.586521089076996,28,27,0.05174223080872137,0.5849561619439295,0.21875
2960,1.0,3,2,0.05169048857791265,0.25859181582927704,0.010009765625
2961,55.49705266952515,60,59,0.051638798089334734,0.6265738727524877,0.408447265625
2962,10.960406720638275,13,12,0.051587159291245396,0.7810087651014328,0.07861328125
2963,24.76978886127472,27,26,0.05153557213195415,0.4026975386120655,0.22607421875
2964,1.0,3,2,0.0514840365598222,1.300645758708318,0.008544921875
2965,19.63003981113434,22,21,0.05143255252326238,0.3823574187064713,0.10009765625
2966,64.61426568031311,70,69,0.05138111997073912,0.654348544563566,0.636474609375
2967,19.582189619541168,22,21,0.05132973885076838,0.6425165554339235,0.22705078125
2968,16.837379157543182,19,18,0.05127840911191761,0.42058726517777695,0.11083984375
2969,13.934884548187256,16,15,0.05122713070280569,0.46425901271868497,0.11962890625
2970,9.0,11,10,0.05117590357210289,0.7574793723496523,0.103271484375
2971,35.449577152729034,38,37,0.05112472766853079,0.5752585489106806,0.23876953125
2972,11.941800475120544,14,13,0.05107360294086226,0.46624897101095747,0.13720703125
2973,32.560118556022644,35,34,0.051022529337921396,0.5803544647991657,0.29541015625
2974,8.947421908378601,11,10,0.05097150680858348,0.42772986604408786,0.114501953125
2975,14.833510935306549,17,16,0.05092053530177489,0.28981174046502395,0.202392578125
2976,85.3293881714344,102,102,0.050869614766473115,0.5885944245565756,0.847900390625
2977,2.0,4,3,0.05081874515170664,0.20424846187233925,0.038818359375
2978,0.0,2,1,0.050767926406554933,0.7317425012588501,0.00341796875
2979,96.02861228585243,124,124,0.05071715848014838,0.5046128326606366,0.94287109375
2980,34.72645151615143,38,37,0.050666441321668226,0.3419963399830617,0.284423828125
2981,33.121131241321564,36,35,0.050615774880346555,0.6388855912826128,0.321044921875
2982,70.48430210351944,78,77,0.05056515910546621,0.5853645329196484,0.59765625
2983,8.991811156272888,11,10,0.05051459394636074,0.408975615081462,0.074951171875
2984,10.0,12,11,0.050464079352414384,0.38542074027160805,0.12109375
2985,53.58219301700592,59,58,0.05041361527306197,0.5599218096142098,0.49560546875
2986,20.510846436023712,23,22,0.05036320165778891,0.3966831344625224,0.157470703125
2987,86.18025094270706,101,100,0.05031283845613112,0.5068469010662324,0.712890625
2988,27.028819620609283,30,29,0.05026252561767499,0.3972387370963891,0.258056640625
2989,48.38270705938339,53,52,0.05021226309205731,0.49617388401672524,0.5703125
2990,76.99543416500092,87,87,0.05016205082896526,0.47620382720882865,0.94140625
2991,0.0,2,1,0.05011188877813629,0.33338434994220734,0.0
2992,26.242592692375183,29,28,0.05006177688935816,0.31303749695934097,0.1533203125
2993,31.687955021858215,35,34,0.0500117151124688,0.30336445846727916,0.3486328125
2994,-1.0,1,0,0.04996170339735633,0.25653308629989624,0.0
2995,30.097203612327576,33,32,0.049911741693958976,0.5334660851142623,0.37548828125
2996,-1.0,1,0,0.04986182995226502,0.2698149085044861,0.0
2997,8.95810616016388,11,10,0.049811968122312755,0.3807866119525649,0.148193359375
2998,1.0,3,2,0.04976215615419044,0.8960289768874645,0.006103515625
2999,-1.0,1,0,0.04971239399803625,0.2258397936820984,0.0
3000,0.0,2,1,0.049662681604038215,1.2935875952243805,0.00537109375
3001,3.9476646184921265,6,5,0.04961301892243418,0.7990722681085268,0.027099609375
3002,15.8790642619133,18,17,0.04956340590351174,0.8244281791978412,0.216796875
3003,35.11449235677719,38,37,0.04951384249760823,0.6669960776834112,0.19384765625
3004,96.24831283092499,110,110,0.04946432865511062,0.5371710990301587,0.94677734375
3005,7.910527050495148,10,9,0.04941486432645551,0.6819947116076946,0.05859375
3006,45.036427199840546,48,47,0.049365449462129056,0.3741940058534965,0.30908203125
3007,38.134706258773804,43,42,0.049316084012666926,0.6136602017768594,0.3115234375
3008,14.70557302236557,17,16,0.04926676792865426,0.43628980000229445,0.197021484375
3009,15.643149435520172,18,17,0.0492175011607256,0.35247260373499656,0.1982421875
3010,19.562367618083954,22,21,0.049168283659564875,0.3057279861108823,0.150146484375
3011,13.901946127414703,16,15,0.04911911537590531,0.6026218538172543,0.15771484375
3012,31.569018959999084,35,34,0.04906999626052941,0.39060269168445044,0.302734375
3013,12.928921639919281,15,14,0.04902092626426888,0.42876059412956236,0.06884765625
3014,18.64893525838852,21,20,0.04897190533800461,0.4590425913532575,0.263671875
3015,11.925353765487671,14,13,0.0489229334326666,0.3291786435459341,0.096923828125
3016,12.313368320465088,15,14,0.048874010499233934,0.6916258871555329,0.085205078125
3017,83.27517798542976,110,110,0.048825136488734704,0.71029650865292,0.91455078125
3018,97.03647992014885,123,123,0.04877631135224597,0.5074526660931789,0.935302734375
3019,73.63266748189926,83,82,0.04872753504089373,0.42615625468722307,0.49951171875
3020,94.3126078993082,114,114,0.048678807505852836,0.44482342608011605,0.959228515625
3021,19.558740079402924,22,21,0.048630128698346986,0.5735054761171341,0.181396484375
3022,8.0,10,9,0.04858149856964864,0.4407554194331169,0.12158203125
3023,5.934335947036743,8,7,0.04853291707107899,0.6265199249610305,0.06103515625
3024,18.75797575712204,21,20,0.048484384154007916,0.4870435735654263,0.172607421875
3025,3.0,5,4,0.04843589976985391,0.5526597268879414,0.046875
3026,18.55375349521637,21,20,0.04838746387008405,0.445415981646095,0.15966796875
3027,14.691269934177399,17,16,0.04833907640621397,0.47066275578211336,0.1083984375
3028,84.34843862056732,91,90,0.04829073732980775,0.6206738912387864,0.7392578125
3029,38.24637281894684,41,40,0.04824244659247794,0.513673364207512,0.400146484375
3030,8.0,10,9,0.04819420414588547,0.420854932628572,0.115478515625
3031,14.797748446464539,17,16,0.048146009941739586,0.6130746125298387,0.09326171875
3032,8.964361488819122,11,10,0.048097863931797845,0.6283973533321511,0.11767578125
3033,4.0,6,5,0.04804976606786605,0.5313827926293015,0.0146484375
3034,14.783022999763489,17,16,0.048001716301798183,0.436989682562211,0.1689453125
3035,25.505852580070496,28,27,0.04795371458549638,0.5174019375283804,0.28857421875
3036,21.58080530166626,24,23,0.047905760870910884,0.6142419972456992,0.165771484375
3037,60.10649663209915,66,65,0.047857855110039975,0.32525073449042713,0.5947265625
3038,19.563320815563202,22,21,0.04780999725492994,0.24401524087244814,0.205078125
3039,22.790584683418274,25,24,0.04776218725767501,0.542722183316946,0.31982421875
3040,0.0,2,1,0.047714425070417336,0.6608286052942276,0.0
3041,48.81826823949814,52,51,0.047666710645346916,0.5236301641338147,0.50830078125
3042,20.561920285224915,23,22,0.047619043934701566,0.52755624136847,0.114501953125
3043,16.710086822509766,19,18,0.047571424890766864,0.41248493896503197,0.125244140625
3044,-1.0,1,0,0.0475238534658761,0.05908400937914848,0.0
3045,16.707731127738953,19,18,0.047476329612410224,0.3805809613121183,0.229248046875
3046,52.45225042104721,58,57,0.04742885328279781,0.45702279892204134,0.6328125
3047,-1.0,1,0,0.04738142442951501,0.2516406774520874,0.0
3048,4.980322539806366,7,6,0.047334043005085494,0.5085238250238555,0.015380859375
3049,1.0,3,2,0.047286708962080405,0.07297081872820854,0.018798828125
3050,36.66591441631317,41,40,0.04723942225311833,0.4208892333980014,0.28369140625
3051,55.574216067790985,62,61,0.04719218283086521,0.4612430677779259,0.54296875
3052,1.0,3,2,0.047144990648034346,0.11841220408678055,0.0068359375
3053,47.53004276752472,51,50,0.04709784565738631,0.45681627708322864,0.40576171875
3054,100.40976756811142,123,122,0.047050747811728924,0.5023138922131886,0.775634765625
3055,27.537973701953888,30,29,0.047003697063917195,0.4507866084575653,0.220703125
3056,26.43057495355606,29,28,0.04695669336685328,0.5184669122742168,0.168701171875
3057,29.98162603378296,33,32,0.04690973667348643,0.563306821453752,0.207275390625
3058,18.447041869163513,21,20,0.04686282693681294,0.4612532967612857,0.125
3059,13.500677764415741,16,15,0.04681596410987613,0.5779936241451651,0.107421875
3060,26.418542981147766,29,28,0.04676914814576626,0.4685676756860881,0.227294921875
3061,74.95658779144287,82,81,0.04672237899762049,0.4824355077452776,0.729248046875
3062,12.794051110744476,15,14,0.046675656618622864,0.680535979817311,0.268310546875
3063,9.862776398658752,12,11,0.04662898096200424,0.6776642184704542,0.0908203125
3064,1.0,3,2,0.046582351981042235,0.14205758770306906,0.00537109375
3065,4.998031497001648,7,6,0.04653576962906119,0.8069764013801303,0.0087890625
3066,12.964893221855164,15,14,0.04648923385943213,0.35938314696153006,0.151123046875
3067,19.810966432094574,22,21,0.04644274462557269,0.41979140551252797,0.11767578125
3068,11.0,13,12,0.04639630188094712,0.25238958774850917,0.09912109375
3069,9.993358969688416,12,11,0.046349905579066174,0.5004355258618792,0.04736328125
3070,73.0148024559021,82,81,0.04630355567348711,0.3684171623345919,0.65234375
3071,-1.0,1,0,0.046257252117813626,0.163429856300354,0.0
3072,88.23022162914276,97,96,0.04621099486569581,0.4353920729043557,0.79248046875
3073,2.0,4,3,0.04616478387083012,0.373990286141634,0.031005859375
3074,20.71350359916687,23,22,0.04611861908695929,0.46945264708736667,0.100830078125
3075,45.51454818248749,49,48,0.04607250046787233,0.40547893751336606,0.375
3076,18.587252616882324,21,20,0.04602642796740446,0.4763888849743775,0.1748046875
3077,9.96679824590683,12,11,0.045980401539437055,0.7629108239586154,0.177734375
3078,39.46500027179718,42,41,0.04593442113789762,0.36085524857931195,0.271484375
3079,10.976493299007416,13,12,0.04588848671675972,0.22290643505178964,0.181884765625
3080,1.0,3,2,0.04584259823004296,1.2406057255963485,0.0
3081,59.53288632631302,84,84,0.045796755631812916,0.5178534436882252,0.883544921875
3082,12.88209992647171,15,14,0.0457509588761811,0.5527082026004791,0.0712890625
3083,5.927176356315613,8,7,0.04570520791730492,0.2831053901463747,0.055419921875
3084,-1.0,1,0,0.04565950270938761,1.3274558782577515,0.0
3085,61.30966454744339,66,65,0.045613843206678224,0.5254984299341837,0.477294921875
3086,54.825735330581665,60,59,0.045568229363471546,0.39958644257858394,0.475830078125
3087,22.335976600646973,25,24,0.04552266113410808,0.6009903685003519,0.1630859375
3088,0.0,2,1,0.04547713847297397,0.2142472267150879,0.01123046875
3089,1.0,3,2,0.045431661334501,0.45590411126613617,0.00830078125
3090,68.1349995136261,74,73,0.0453862296731665,0.5074254481272923,0.6650390625
3091,21.824202001094818,24,23,0.04534084344349334,0.43035333743318915,0.181396484375
3092,2.0,4,3,0.045295502600049845,0.7281847521662712,0.0107421875
3093,10.859380424022675,13,12,0.04525020709744979,0.4031236870930745,0.125732421875
3094,4.983231782913208,7,6,0.045204956890352345,0.8077967347843307,0.018310546875
3095,-1.0,1,0,0.04515975193346199,0.1397562175989151,0.0
3096,24.716194331645966,27,26,0.04511459218152853,0.6240647813236272,0.24072265625
3097,107.98093193769455,125,124,0.045069477589347,0.42597485491633413,0.869384765625
3098,10.873138904571533,13,12,0.045024408111757654,0.5540274893148587,0.07373046875
3099,51.55213361978531,56,55,0.044979383703645896,0.39487431900176617,0.406494140625
3100,2.9458963871002197,5,4,0.04493440431994225,0.5622860059142113,0.017333984375
3101,41.55647921562195,46,45,0.04488946991562231,0.457082352641484,0.23828125
3102,76.88881540298462,83,82,0.04484458044570669,0.37790111959519157,0.61962890625
3103,35.68624049425125,40,39,0.04479973586526098,0.516096701938659,0.282958984375
3104,6.0,8,7,0.04475493612939572,0.4099984699860215,0.195068359375
3105,28.614251375198364,31,30,0.04471018119326632,0.4756406147874171,0.283203125
3106,16.47255629301071,19,18,0.044665471012073056,0.43129874785479744,0.160888671875
3107,26.760510087013245,29,28,0.04462080554106098,0.547522284090519,0.2265625
3108,32.50212162733078,36,35,0.04457618473551992,0.5298118408148488,0.2236328125
3109,99.62792748212814,113,112,0.0445316085507844,0.4788199609425743,0.827392578125
3110,6.911546766757965,9,8,0.04448707694223361,0.5325094875362184,0.01708984375
3111,29.607667565345764,32,31,0.04444258986529138,0.47727686614962295,0.18701171875
3112,35.302715837955475,39,38,0.044398147275426084,0.36826731407871616,0.35888671875
3113,69.13644528388977,74,73,0.044353749128150655,0.48955537081771605,0.56298828125
3114,36.39099478721619,39,38,0.0443093953790225,0.5174674041187152,0.317626953125
3115,18.73310935497284,21,20,0.04426508598364348,0.4232861180568025,0.251953125
3116,0.0,2,1,0.044220820897659836,1.9678147435188293,0.0
3117,34.231068789958954,37,36,0.044176600076762176,0.42180785093758555,0.223876953125
3118,18.81357830762863,21,20,0.04413242347668542,0.5534316436165855,0.161376953125
3119,5.0,7,6,0.04408829105320873,0.10724646651319095,0.04931640625
3120,36.5107057094574,40,39,0.044044202762155524,0.4702117431908846,0.307373046875
3121,23.311026334762573,27,26,0.04400015855939337,0.4081509826635873,0.2353515625
3122,3.950237810611725,6,5,0.04395615840083398,0.5232630533476671,0.0234375
3123,37.46821963787079,40,39,0.04391220224243315,0.3023202997632325,0.2783203125
3124,2.0,4,3,0.043868290040190716,0.36059933388605714,0.006591796875
3125,57.66352051496506,64,63,0.04382442175015053,0.5219918836082797,0.50927734375
3126,5.0,7,6,0.043780597328400374,0.620171674660274,0.0205078125
3127,3.0,5,4,0.04373681673107197,0.4271422803401947,0.001220703125
3128,42.70802468061447,46,45,0.0436930799143409,0.4246633597852095,0.415771484375
3129,39.82743030786514,44,43,0.043649386834426554,0.36972314381802623,0.367919921875
3130,10.405754327774048,13,12,0.04360573744759213,0.971974599819917,0.083251953125
3131,13.871010541915894,16,15,0.04356213171014454,0.8542600367218256,0.08544921875
3132,11.866389751434326,14,13,0.04351856957843439,0.35877655100609573,0.1064453125
3133,42.584877133369446,46,45,0.04347505100885596,0.4313751320638087,0.35595703125
3134,26.233264327049255,29,28,0.0434315759578471,0.3066671435432187,0.35595703125
3135,10.94817191362381,13,12,0.04338814438188925,0.3853236628839603,0.12841796875
3136,24.774930775165558,27,26,0.043344756237507366,0.6273609315631566,0.2685546875
3137,51.372413873672485,57,56,0.043301411481269855,0.39686929356110723,0.427001953125
3138,48.53869670629501,54,53,0.04325811006978859,0.4837753710647424,0.49560546875
3139,7.917173147201538,10,9,0.043214851959718796,0.34650743901729586,0.08837890625
3140,15.782466471195221,18,17,0.04317163710775908,0.4044358684784836,0.16650390625
3141,-1.0,1,0,0.04312846547065132,0.05826257914304733,0.0
3142,62.17552435398102,74,73,0.04308533700518067,0.43345728516578674,0.578857421875
3143,9.0,11,10,0.04304225166817549,0.3199414543130181,0.04296875
3144,7.0,9,8,0.04299920941650732,0.4246555633015103,0.08203125
3145,3.942343592643738,6,5,0.04295621020709081,0.2187082457045714,0.09765625
3146,23.04736703634262,26,25,0.04291325399688372,0.5925889669989164,0.25146484375
3147,20.641811788082123,23,22,0.042870340742886835,0.47671716336322867,0.286865234375
3148,17.736187279224396,20,19,0.04282747040214395,0.47607496436685326,0.266845703125
3149,6.856927812099457,9,8,0.042784642931741806,0.23652660018867916,0.021240234375
3150,53.30983519554138,58,57,0.04274185828881007,0.34981165036302186,0.434814453125
3151,2.0,4,3,0.04269911643052126,0.13886234536767006,0.038330078125
3152,47.95042657852173,51,50,0.04265641731409074,0.46391007771679,0.382080078125
3153,8.90403538942337,11,10,0.04261376089677665,0.4056515283882618,0.059814453125
3154,6.0,8,7,0.042571147135879873,0.6646960414946079,0.022216796875
3155,6.792421877384186,9,8,0.042528575988743995,0.7778934323125415,0.0361328125
3156,60.53178369998932,66,65,0.04248604741275525,0.45589660579395114,0.50244140625
3157,26.383638083934784,29,28,0.0424435613653425,0.36513074410372764,0.206787109375
3158,35.09593152999878,38,37,0.04240111780397716,0.4302406392403339,0.3642578125
3159,23.744294047355652,26,25,0.04235871668617318,0.24170105417187399,0.192138671875
3160,6.98345273733139,9,8,0.042316357969487,0.5168962644206153,0.064208984375
3161,89.3607292175293,110,109,0.042274041611517515,0.3640322728082538,0.79638671875
3162,98.53416800498962,112,111,0.042231767569906,0.48238407102014336,0.8310546875
3163,48.0973379611969,54,53,0.042189535802336094,0.3554654780913282,0.46875
3164,41.719284772872925,45,44,0.042147346266533756,0.5397032078769471,0.46533203125
3165,24.084098756313324,27,26,0.04210519892026722,0.3599819390586129,0.217041015625
3166,47.58492773771286,51,50,0.04206309372134695,0.42416138976228,0.382568359375
3167,47.46703201532364,52,51,0.042021030627625605,0.4828720783743148,0.3125
3168,94.40675473213196,112,111,0.041979009596997977,0.3491057796470289,0.75390625
3169,0.0,2,1,0.041937030587400975,0.15610842406749725,0.00732421875
3170,2.0,4,3,0.041895093556813576,0.10776906926184893,0.049072265625
3171,25.51365077495575,28,27,0.04185319846325676,0.3292452990343528,0.165771484375
3172,33.87488633394241,37,36,0.041811345264793506,0.470255856679098,0.377197265625
3173,2.0,4,3,0.041769533919528715,0.6697524432092905,0.01220703125
3174,40.002971947193146,46,45,0.041727764385609184,0.506816133370866,0.42138671875
3175,52.99737161397934,57,56,0.041686036621223575,0.4394394549492158,0.554931640625
3176,45.10637843608856,49,48,0.04164435058460235,0.2837527504532921,0.436279296875
3177,0.0,2,1,0.041602706234017746,0.6578582376241684,0.006103515625
3178,14.845075845718384,17,16,0.04156110352778373,0.5978202456060577,0.172607421875
3179,15.66968697309494,18,17,0.04151954242425594,0.46177584305405617,0.234130859375
3180,6.897347629070282,9,8,0.04147802288183169,0.41402606334951186,0.0517578125
3181,9.832317531108856,12,11,0.041436544858949854,0.39664908902098733,0.03857421875
3182,93.21805663406849,135,134,0.041395108314090906,0.3981011031816403,0.88134765625
3183,62.53532272577286,68,67,0.04135371320577681,0.3794298359357259,0.683837890625
3184,3.9016230702400208,6,5,0.04131235949257103,0.2943756164362033,0.1328125
3185,31.757401883602142,34,33,0.04127104713307846,0.4745899671140839,0.27880859375
3186,17.67398202419281,20,19,0.041229776085945385,0.38092487920075657,0.152587890625
3187,10.970753252506256,13,12,0.04118854630985944,0.466177511960268,0.094970703125
3188,5.0,7,6,0.04114735776354959,0.14049514383077621,0.047119140625
3189,46.86242991685867,51,50,0.04110621040578604,0.2110621202006644,0.4091796875
3190,48.322418093681335,51,50,0.04106510419538025,0.4030126663764902,0.45654296875
3191,55.644558131694794,61,60,0.04102403909118487,0.3878766068058913,0.495361328125
3192,8.91841995716095,11,10,0.04098301505209369,0.2125586372884837,0.0771484375
3193,70.90792733430862,77,76,0.040942032037041595,0.32132570658411297,0.61865234375
3194,62.04418009519577,67,66,0.04090109000500455,0.420453666195051,0.522216796875
3195,104.28723710030317,141,141,0.04086018891499955,0.354796753231938,0.95556640625
3196,42.97100788354874,46,45,0.04081932872608455,0.37438409370572673,0.40673828125
3197,3.9118573665618896,6,5,0.04077850939735846,0.12347478605806828,0.173095703125
3198,8.778051972389221,11,10,0.04073773088796111,0.6914950107986276,0.085205078125
3199,15.81966507434845,19,18,0.04069699315707315,0.5991879793766298,0.17529296875
3200,76.96775778383017,96,96,0.04065629616391608,0.39985650264619227,0.937255859375
3201,5.954767048358917,8,7,0.040615639867752164,0.6560527998954058,0.03759765625
3202,20.744092762470245,23,22,0.040575024227884414,0.1555145616116731,0.151123046875
3203,12.697930037975311,15,14,0.04053444920365653,0.3379650938014189,0.076416015625
3204,109.34672772884369,125,125,0.040493914754452874,0.4664051910936832,0.98291015625
3205,21.760909020900726,24,23,0.04045342083969842,0.3618624710167448,0.202880859375
3206,38.776786744594574,44,43,0.04041296741885872,0.3730476359752091,0.285400390625
3207,15.448260307312012,18,17,0.04037255445143986,0.618730535523759,0.05908203125
3208,74.75886100530624,87,86,0.04033218189698842,0.39812023389613493,0.7099609375
3209,37.81374555826187,42,41,0.040291849715091435,0.4283438963549478,0.562744140625
3210,78.55400669574738,88,87,0.04025155786537634,0.5231765616600487,0.698486328125
3211,21.661527395248413,24,23,0.04021130630751096,0.36368104815483093,0.160400390625
3212,105.0763809978962,118,118,0.04017109500120345,0.3601779410047299,0.93408203125
3213,10.918425500392914,13,12,0.040130923906202244,0.19975215913011476,0.135986328125
3214,1.0,3,2,0.04009079298229604,0.10992057124773662,0.0048828125
3215,43.89875024557114,48,47,0.040050702189313746,0.43823860787476104,0.324462890625
3216,0.0,2,1,0.04001065148712443,1.2881148122251034,0.029296875
3217,17.28230619430542,20,19,0.03997064083563731,0.424264183267951,0.14404296875
3218,15.812258780002594,18,17,0.039930670194801676,0.20756141272270018,0.140625
3219,77.43070495128632,85,84,0.03989073952460687,0.4484188077861772,0.7099609375
3220,-1.0,1,0,0.039850848785082264,0.05640456825494766,0.0
3221,19.719380974769592,22,21,0.03981099793629718,0.5150822113183412,0.1337890625
3222,9.91340845823288,12,11,0.03977118693836088,0.6938543214152256,0.033935546875
3223,120.9139906167984,138,137,0.03973141575142252,0.43996911188182625,0.80419921875
3224,67.00960022211075,76,75,0.0396916843356711,0.4276105639475741,0.846435546875
3225,22.65816831588745,26,25,0.03965199265133543,0.4488463451942572,0.147216796875
3226,105.09450507164001,125,124,0.03961234065868409,0.48440940698981283,0.868896484375
3227,-1.0,1,0,0.039572728318025406,0.08984187245368958,0.0
3228,-1.0,1,0,0.03953315558970738,0.07728157937526703,0.0
3229,8.985337316989899,11,10,0.03949362243411767,0.4474631083959883,0.090576171875
3230,12.63160753250122,15,14,0.03945412881168355,0.22017093648513159,0.071533203125
3231,10.623828828334808,13,12,0.03941467468287187,0.47105734336834687,0.108642578125
3232,-1.0,1,0,0.03937526000818899,0.10695754736661911,0.0
3233,60.643574833869934,68,67,0.039335884748180804,0.3189067032516879,0.55517578125
3234,18.89863610267639,21,20,0.039296548863432625,0.26989971810863134,0.18896484375
3235,6.986241459846497,9,8,0.03925725231456919,0.6107607665989134,0.020263671875
3236,2.934428334236145,5,4,0.039217995062254624,0.5428869396448135,0.017822265625
3237,99.87661255896091,123,123,0.03917877706719237,0.3477648826755159,0.96240234375
3238,46.56426113843918,50,49,0.03913959829012518,0.5015466068685055,0.330078125
3239,33.14762318134308,36,35,0.03910045869183505,0.35781723643756574,0.222900390625
3240,1.0,3,2,0.03906135823314322,0.8702501008907954,0.010498046875
3241,-1.0,1,0,0.03902229687491007,1.026043176651001,0.0
3242,13.624523758888245,16,15,0.03898327457803516,0.7133892455603927,0.166259765625
3243,1.0,3,2,0.038944291303457126,0.49290190016229946,0.018798828125
3244,19.523995518684387,22,21,0.03890534701215367,0.42652426778592845,0.190673828125
3245,27.109961092472076,31,30,0.03886644166514151,0.4457343217105635,0.268310546875
3246,31.115643799304962,35,34,0.03882757522347637,0.3971998336591891,0.238525390625
3247,15.869070172309875,18,17,0.038788747648252894,0.475717684874932,0.0595703125
3248,17.815128207206726,20,19,0.03874995890060464,0.47768182419240474,0.08251953125
3249,78.22501319646835,85,84,0.03871120894170404,0.382921925099457,0.54833984375
3250,64.00236344337463,68,67,0.03867249773276234,0.33268364118959975,0.482666015625
3251,48.75368893146515,53,52,0.038633825235029576,0.4589781378097129,0.3046875
3252,-1.0,1,0,0.038595191409794546,0.24224892258644104,0.0
3253,6.834918200969696,9,8,0.03855659621838475,0.7097084371166097,0.121826171875
3254,-1.0,1,0,0.03851803962216637,1.0416502952575684,0.0
3255,-1.0,1,0,0.0384795215825442,0.1236695796251297,0.0
3256,10.995509445667267,13,12,0.03844104206096166,0.36584449301545435,0.132080078125
3257,12.70070868730545,15,14,0.0384026010189007,0.29388626540700596,0.06494140625
3258,68.47601824998856,74,73,0.0383641984178818,0.4410112904435074,0.426513671875
3259,40.98794382810593,44,43,0.03832583421946392,0.31469966111366043,0.383544921875
3260,46.060003995895386,49,48,0.03828750838524446,0.4270287200960578,0.4130859375
3261,12.757816791534424,15,14,0.03824922087685922,0.607401822010676,0.087646484375
3262,46.12930488586426,51,50,0.038210971655982355,0.6702724037801518,0.48291015625
3263,62.77900779247284,68,67,0.03817276068432637,0.3786895877462538,0.438720703125
3264,78.27791637182236,95,94,0.03813458792364205,0.3504299055196737,0.84033203125
3265,19.629320561885834,22,21,0.03809645333571841,0.4558042201467536,0.153076171875
3266,108.93210435658693,146,146,0.03805835688238269,0.3471580507897147,0.9306640625
3267,13.768631100654602,16,15,0.038020298525500304,0.30682258075103164,0.174072265625
3268,18.37875509262085,21,20,0.0379822782269748,0.16897794497864588,0.196533203125
3269,49.73624712228775,55,54,0.037944295948747826,0.5117704151706262,0.441650390625
3270,29.28600263595581,32,31,0.03790635165279908,0.3583285117056221,0.316650390625
3271,30.32375878095627,34,33,0.037868445301146275,0.38088829903041616,0.409912109375
3272,84.37310934066772,95,94,0.03783057685584513,0.39554057189900627,0.7646484375
3273,19.775366365909576,22,21,0.037792746278989285,0.32601526684381743,0.156982421875
3274,29.218590915203094,32,31,0.03775495353271029,0.5085425896104425,0.318603515625
3275,26.59768843650818,29,28,0.03771719857917758,0.34184794436241017,0.182861328125
3276,23.796966075897217,26,25,0.0376794813805984,0.25376660749316216,0.1591796875
3277,5.0,7,6,0.0376418018992178,0.7884229820753846,0.108154296875
3278,13.965638220310211,16,15,0.03760416009731858,0.5359167479909956,0.1748046875
3279,14.676094353199005,17,16,0.03756655593722126,0.3743123243398526,0.08544921875
3280,53.08687114715576,61,60,0.03752898938128404,0.40452843446467746,0.375
3281,51.18606573343277,56,55,0.03749146039190275,0.36458995532510535,0.7021484375
3282,79.31955617666245,95,94,0.037453968931510845,0.3837832154019883,0.88037109375
3283,11.949740529060364,14,13,0.037416514962579334,0.3844266938311713,0.122314453125
3284,1.0,3,2,0.037379098447616756,1.2271991570790608,0.015625
3285,13.0,15,14,0.03734171934916914,0.22951510697603225,0.183837890625
3286,48.580921053886414,53,52,0.037304377629819974,0.30300958950142814,0.391357421875
3287,57.59742313623428,62,61,0.037267073252190155,0.3487711033873981,0.4912109375
3288,28.424906969070435,31,30,0.037229806178937966,0.35925748295361,0.193115234375
3289,105.65864807367325,118,117,0.03719257637275903,0.354780325792351,0.86328125
3290,35.09920412302017,38,37,0.03715538379638627,0.38176868351078347,0.31689453125
3291,57.67118710279465,66,65,0.03711822841258988,0.3695331815855973,0.72412109375
3292,4.0,6,5,0.03708111018417729,0.3193996449311574,0.021484375
3293,23.678308844566345,26,25,0.037044029073993116,0.37194226395625335,0.30615234375
3294,15.65928339958191,18,17,0.03700698504491912,0.23692784168654019,0.10107421875
3295,9.0,11,10,0.0369699780598742,0.42943358421325684,0.0703125
3296,43.46368205547333,47,46,0.03693300808181433,0.40650821120498026,0.42822265625
3297,23.72720104455948,26,25,0.036896075073732514,0.5071029353600282,0.203369140625
3298,11.75356137752533,14,13,0.03685917899865878,0.3995818463819368,0.075927734375
3299,17.433303654193878,20,19,0.036822319819660124,0.7189864408224821,0.156005859375
3300,3.972951889038086,6,5,0.03678549749984046,0.29053417096535367,0.013671875
3301,37.04013526439667,40,39,0.036748712002340624,0.22082778960466384,0.38525390625
3302,34.19847244024277,38,37,0.03671196329033828,0.35022488956976877,0.388427734375
3303,113.37273916602135,129,128,0.03667525132704794,0.3468627287002728,0.8818359375
3304,88.50112748146057,104,103,0.036638576075720894,0.4290378137778204,0.864501953125
3305,42.44670647382736,47,46,0.036601937499645174,0.31107356399297714,0.357177734375
3306,38.886182963848114,42,41,0.03656533556214553,0.4366618140290181,0.236328125
3307,27.3405624628067,31,30,0.036528770226583386,0.2963922441967072,0.22705078125
3308,13.800860702991486,16,15,0.0364922414563568,0.35965650132857263,0.091552734375
3309,41.348020195961,45,44,0.03645574921490045,0.35589736037784153,0.63330078125
3310,20.191303312778473,23,22,0.036419293465685544,0.3093360098807708,0.13427734375
3311,6.957788527011871,9,8,0.03638287417221986,0.23158396118217045,0.075927734375
3312,91.31243682652712,113,113,0.03634649129804764,0.33226649464825087,0.942138671875
3313,23.836903154850006,26,25,0.036310144806749586,0.3590999622471057,0.1875
3314,9.85124158859253,12,11,0.03627383466194284,0.400514829903841,0.06103515625
3315,61.15402430295944,67,66,0.0362375608272809,0.2284455378331355,0.538818359375
3316,7.95591539144516,10,9,0.03620132326645362,0.32991418018937113,0.028076171875
3317,30.655317306518555,33,32,0.03616512194318716,0.40616424336577905,0.352783203125
3318,6.961665153503418,9,8,0.03612895682124397,0.15251226723194122,0.094482421875
3319,6.0,8,7,0.03609282786442273,0.2775194086134434,0.04541015625
3320,2.0,4,3,0.036056735036558304,0.07900158129632473,0.0048828125
3321,1.9822726845741272,4,3,0.036020678301521745,0.13327409885823727,0.015869140625
3322,53.06291389465332,59,58,0.03598465762322022,0.33368024612003466,0.51416015625
3323,53.823916494846344,58,57,0.035948672965597,0.38147014684589775,0.360107421875
3324,2.0,4,3,0.035912724292631405,0.159498805180192,0.02880859375
3325,69.0786709189415,83,82,0.03587681156833877,0.48841496310140714,0.704345703125
3326,36.8949579000473,40,39,0.035840934756770436,0.35772935282438995,0.245849609375
3327,13.9743013381958,16,15,0.03580509382201367,0.1718288545962423,0.130126953125
3328,61.64092439413071,71,70,0.035769288728191656,0.3095559634163346,0.6171875
3329,43.65390694141388,48,47,0.035733519439463464,0.36937778163701296,0.486328125
3330,18.670949578285217,21,20,0.035697785920024,0.32668687030673027,0.204345703125
3331,94.47822386026382,109,108,0.03566208813410397,0.32118590982682116,0.801513671875
3332,18.969107568264008,21,20,0.03562642604596987,0.32800284808590296,0.210205078125
3333,62.68170440196991,68,67,0.035590799619923896,0.350795236087459,0.53369140625
3334,7.0,9,8,0.035555208820303975,0.1063731134765678,0.094482421875
3335,2.0,4,3,0.035519653611483674,0.3922641482204199,0.02099609375
3336,-1.0,1,0,0.03548413395787219,0.07882671058177948,0.0
3337,10.821592211723328,13,12,0.03544864982391432,0.7678485919649785,0.040283203125
3338,21.509725749492645,24,23,0.0354132011740904,0.33600651713398594,0.131103515625
3339,20.717651307582855,23,22,0.03537778797291631,0.20177125687832417,0.16015625
3340,66.86958199739456,74,73,0.03534241018494339,0.28593107345639857,0.4892578125
3341,18.749596059322357,21,20,0.03530706777475845,0.4438919595309666,0.1171875
3342,104.13953477144241,113,112,0.03527176070698369,0.2884411046001236,0.89697265625
3343,9.942657113075256,12,11,0.035236488946276706,0.4084809912989537,0.071533203125
3344,44.45447200536728,48,47,0.03520125245733043,0.29108000989072025,0.5302734375
3345,28.449935257434845,31,30,0.0351660512048731,0.4431739104611258,0.256591796875
3346,23.424375236034393,26,25,0.03513088515366823,0.2955231713847472,0.1259765625
3347,3.0,5,4,0.035095754268514565,0.39450974836945535,0.020751953125
3348,22.572729647159576,25,24,0.03506065851424605,0.3869030222296715,0.246826171875
3349,3.9589602947235107,6,5,0.0350255978557318,0.4224130151172479,0.02685546875
3350,12.937792658805847,15,14,0.03499057225787607,0.31064092988769215,0.111572265625
3351,8.921237230300903,11,10,0.034955581685618194,0.26935369927774777,0.083984375
3352,1.0,3,2,0.034920626103932574,0.15837355454762778,0.0
3353,8.953169047832489,11,10,0.03488570547782864,0.10532660951668565,0.105712890625
3354,63.39787322282791,76,75,0.03485081977235081,0.2990237970738427,0.542724609375
3355,8.874505460262299,11,10,0.03481596895257846,0.3240838037295775,0.044921875
3356,3.0,5,4,0.034781152983625885,0.4772691115736961,0.033203125
3357,20.70904815196991,23,22,0.03474637183064226,0.3014080679934958,0.152099609375
3358,3.0,5,4,0.03471162545881162,0.3459333196282387,0.03515625
3359,10.836653292179108,13,12,0.03467691383335281,0.47685078846720547,0.112548828125
3360,49.23006355762482,56,55,0.034642236919519453,0.41612945038027,0.45458984375
3361,11.83667254447937,14,13,0.03460759468259993,0.3267389376248632,0.09716796875
3362,0.0,2,1,0.03457298708791733,0.6235544383525848,0.010498046875
3363,11.701736748218536,14,13,0.03453841410082942,0.19334338445748603,0.095703125
3364,25.893042027950287,29,28,0.03450387568672859,0.38410825956741285,0.1875
3365,65.08929032087326,73,72,0.03446937181104186,0.32133636161787055,0.47509765625
3366,38.63755178451538,42,41,0.034434902439230815,0.3127961475402117,0.286376953125
3367,68.02724099159241,76,75,0.03440046753679158,0.31870786419236347,0.74951171875
3368,68.92386823892593,76,75,0.03436606706925479,0.28283202844230754,0.63330078125
3369,57.8501615524292,63,62,0.034331701002185536,0.2467762982798001,0.39892578125
3370,19.791870594024658,22,21,0.03429736930118335,0.32700528678568924,0.1279296875
3371,16.881502330303192,19,18,0.03426307193188217,0.3042984902858734,0.18212890625
3372,21.702009081840515,24,23,0.034228808859950284,0.26877532294020057,0.233154296875
3373,73.85206657648087,80,79,0.034194580051090336,0.32315130028873684,0.55615234375
3374,40.877656280994415,44,43,0.034160385471039244,0.32391983905637806,0.360595703125
3375,1.0,3,2,0.0341262250855682,0.3500292698542277,0.04443359375
3376,5.0,7,6,0.03409209886048263,0.300526815865721,0.060546875
3377,16.85205829143524,19,18,0.03405800676162215,0.21526814546240003,0.13232421875
3378,34.51897460222244,37,36,0.03402394875486053,0.3086160010582692,0.33544921875
3379,14.821684002876282,17,16,0.033989924806105666,0.22985972464084625,0.16943359375
3380,63.91611808538437,70,69,0.03395593488129956,0.35242996500538926,0.572509765625
3381,55.99982172250748,61,60,0.03392197894641826,0.2714594425480874,0.44189453125
3382,0.0,2,1,0.033888056967471845,0.10407210886478424,0.005615234375
3383,20.47107595205307,23,22,0.03385416891050437,0.36884528252741566,0.112548828125
3384,49.21348536014557,54,53,0.03382031474159387,0.2493834990180201,0.427001953125
3385,49.385468661785126,53,52,0.033786494426852276,0.2654038592470142,0.570556640625
3386,-1.0,1,0,0.03375270793242542,0.13905362784862518,0.0
3387,5.959751069545746,8,7,0.033718955224492995,0.2249320801347494,0.04150390625
3388,33.9207227230072,37,36,0.033685236269268504,0.23989285125925736,0.270263671875
3389,80.21307736635208,91,90,0.03365155103299924,0.2665292159910058,0.72998046875
3390,23.301604866981506,26,25,0.03361789948196624,0.3621368919714139,0.14794921875
3391,2.0,4,3,0.03358428158248427,0.1219413261860609,0.008544921875
3392,2.0,4,3,0.03355069730090179,0.43350857123732567,0.037841796875
3393,36.10799819231033,40,39,0.03351714660360088,0.3900852672755718,0.35107421875
3394,16.698830902576447,19,18,0.03348362945699728,0.30588129202001973,0.151123046875
3395,94.9499030560255,122,122,0.03345014582754029,0.25106262409540475,0.959716796875
3396,12.897849202156067,15,14,0.033416695681712745,0.33583312382300695,0.083740234375
3397,94.24803924560547,107,106,0.03338327898603103,0.3989696307891162,0.8720703125
3398,36.96001946926117,40,39,0.033349895707044996,0.3111058594658971,0.3076171875
3399,46.456160485744476,49,48,0.03331654581133795,0.26868240261564447,0.45654296875
3400,41.612980246543884,46,45,0.03328322926552661,0.31815381129474746,0.378173828125
3401,24.716829001903534,27,26,0.03324994603626109,0.37452093746375154,0.280517578125
3402,36.52384674549103,40,39,0.033216696090224825,0.29148722514510156,0.177001953125
3403,60.26381188631058,65,64,0.0331834793941346,0.30468343118062385,0.60498046875
3404,82.8914206624031,94,93,0.03315029591474047,0.2849905301440269,0.727783203125
3405,18.52473646402359,21,20,0.03311714561882573,0.46848656698351815,0.19873046875
3406,107.40050676465034,122,121,0.0330840284732069,0.30802878022926755,0.914306640625
3407,63.42552042007446,70,69,0.03305094444473369,0.40674158427864315,0.535400390625
3408,3.0,5,4,0.03301789350028896,0.09608439356088638,0.0439453125
3409,81.55744767189026,90,89,0.03298487560678867,0.29474448145677645,0.564208984375
3410,23.542583465576172,26,25,0.03295189073118188,0.42599086119578433,0.154052734375
3411,92.88206154108047,107,106,0.032918938840450704,0.31918577299775364,0.88623046875
3412,26.319445312023163,29,28,0.032886019901610254,0.36862837458992825,0.235595703125
3413,96.4902972728014,119,119,0.03285313388170864,0.32158549887542964,0.95751953125
3414,9.941757440567017,12,11,0.03282028074782693,0.2762558463340004,0.09912109375
3415,50.92029047012329,56,55,0.03278746046707911,0.34660835530874984,0.489013671875
3416,25.70671397447586,28,27,0.03275467300661203,0.3599713279732636,0.239501953125
3417,23.724444925785065,26,25,0.03272191833360542,0.2254914720184528,0.309814453125
3418,94.38550572097301,110,110,0.032689196415271814,0.28367737910964275,0.967041015625
3419,10.750613391399384,13,12,0.032656507218856545,0.1306958909218128,0.0751953125
3420,85.83004026859999,113,113,0.03262385071163769,0.3511582173868618,0.94482421875
3421,24.50856739282608,27,26,0.032591226860926054,0.28555494574485,0.2783203125
3422,-1.0,1,0,0.03255863563406513,0.650654673576355,0.0
3423,21.568925321102142,25,24,0.03252607699843106,0.3693793349713087,0.19873046875
3424,19.64655089378357,22,21,0.03249355092143263,0.37811903579329903,0.20556640625
3425,90.13088737428188,106,106,0.03246105737051119,0.3486717420911311,0.937744140625
3426,32.10344326496124,35,34,0.032428596313140684,0.40826591082981656,0.28515625
3427,105.58096694946289,117,116,0.032396167716827545,0.3590982297483163,0.693359375
3428,14.848472118377686,17,16,0.032363771549110715,0.27202775767620874,0.140380859375
3429,26.475051403045654,29,28,0.032331407777561605,0.3533973077247883,0.2978515625
3430,1.0,3,2,0.03229907636978405,0.19369755188624063,0.00732421875
3431,39.74537456035614,43,42,0.03226677729341426,0.3132099031015884,0.345458984375
3432,19.653310179710388,22,21,0.03223451051612085,0.2592401943084868,0.117919921875
3433,77.66773247718811,90,89,0.03220227600560473,0.37504936481515566,0.697265625
3434,5.0,7,6,0.032170073729599125,0.2967679479292461,0.05029296875
3435,20.745750427246094,23,22,0.03213790365586953,0.22219781245550382,0.1103515625
3436,11.51121175289154,14,13,0.03210576575221366,0.2257766140890973,0.08154296875
3437,75.22798192501068,82,81,0.032073659986461445,0.268194147408372,0.562744140625
3438,25.765227556228638,28,27,0.03204158632647498,0.45315961526440723,0.307861328125
3439,54.05953222513199,60,59,0.032009544740148506,0.39949806556105616,0.501708984375
3440,-1.0,1,0,0.03197753519540836,0.10831994563341141,0.0
3441,12.805028557777405,15,14,0.031945557660212946,0.10590266262491545,0.140869140625
3442,79.93445932865143,92,91,0.03191361210255273,0.3389806267602936,0.6982421875
3443,11.669759452342987,14,13,0.03188169849045018,0.46522523515990805,0.034423828125
3444,12.816294014453888,15,14,0.03184981679195973,0.49095302696029347,0.16455078125
3445,21.747708797454834,24,23,0.03181796697516777,0.44320926209911704,0.22509765625
3446,92.45127007365227,105,105,0.0317861490081926,0.28975699588301634,0.94189453125
3447,17.502414226531982,20,19,0.031754362859184405,0.47281099259853365,0.130859375
3448,30.044126510620117,33,32,0.03172260849632522,0.39975739789731574,0.204833984375
3449,72.12885338068008,79,78,0.031690885887828896,0.44022713667607005,0.623046875
3450,106.72838267683983,125,125,0.031659195001941066,0.35769605986773967,0.927978515625
3451,0.0,2,1,0.031627535806939125,0.6746206656098366,0.026123046875
3452,52.722619354724884,56,55,0.031595908271132185,0.42534256879506366,0.313232421875
3453,68.1968691945076,76,75,0.03156431236286105,0.3332626802577196,0.647216796875
3454,55.55745768547058,60,59,0.03153274805049819,0.31795238616565863,0.39892578125
3455,1.0,3,2,0.03150121530244769,0.2641715717812379,0.00390625
3456,91.41073238104582,111,111,0.031469714087145245,0.3247388788910062,0.962646484375
3457,67.38261383771896,71,70,0.0314382443730581,0.3920562470095678,0.475830078125
3458,23.647648811340332,26,25,0.031406806128685044,0.31141878478229046,0.1279296875
3459,38.06249141693115,41,40,0.03137539932255636,0.3013566813272674,0.234130859375
3460,6.0,8,7,0.03134402392323381,0.7488812860101461,0.08740234375
3461,41.473903596401215,45,44,0.03131267989931057,0.3478038957549466,0.329833984375
3462,90.96324459463358,111,111,0.031281367219411264,0.3409877696351425,0.9775390625
3463,4.0,6,5,0.031250085852191856,0.1489532788594564,0.01806640625
3464,76.72202324867249,90,89,0.031218835766339662,0.3216772053390741,0.8515625
3465,-1.0,1,0,0.03118761693057332,0.1851985603570938,0.0
3466,67.76488757133484,75,74,0.031156429313642747,0.29154416049520177,0.55126953125
3467,5.950477361679077,8,7,0.031125272884329105,0.11002791160717607,0.033935546875
3468,15.661887109279633,18,17,0.031094147611444776,0.28878815648042494,0.0732421875
3469,14.866553008556366,17,16,0.03106305346383333,0.28930557037101073,0.141357421875
3470,1.0,3,2,0.031031990410369498,0.4881195103128751,0.01220703125
3471,41.1709286570549,44,43,0.03100095841995913,0.34643547101454303,0.34912109375
3472,7.977040886878967,10,9,0.03096995746153917,0.19417014606297017,0.0595703125
3473,57.31467807292938,62,61,0.03093898750407763,0.36537425328166256,0.466796875
3474,-1.0,1,0,0.030908048516573555,0.13409173488616943,0.0
3475,5.9476500153541565,8,7,0.030877140468056983,0.2185477912425995,0.034423828125
3476,89.19681423902512,103,102,0.030846263327588927,0.3380604154131945,0.869873046875
3477,45.531446754932404,49,48,0.030815417064261337,0.35579693807783175,0.42431640625
3478,-1.0,1,0,0.030784601647197075,0.09422434121370316,0.0
3479,8.956396341323853,11,10,0.03075381704554988,0.27016146159307525,0.14453125
3480,18.586500883102417,21,20,0.03072306322850433,0.3484200310139429,0.158447265625
3481,64.31382834911346,70,69,0.030692340165275823,0.3622211172644581,0.5966796875
3482,5.886176705360413,8,7,0.030661647825110546,0.13075274555012584,0.037841796875
3483,27.373880743980408,30,29,0.030630986177285435,0.31443489554027715,0.16650390625
3484,90.59068840742111,104,103,0.03060035519110815,0.2856994938069525,0.693603515625
3485,29.079646110534668,32,31,0.03056975483591704,0.41869557462632656,0.288818359375
3486,40.143957793712616,43,42,0.030539185081081124,0.24069677094040914,0.313720703125
3487,65.73399323225021,74,73,0.030508645896000042,0.2816593878071856,0.505615234375
3488,68.56478554010391,73,72,0.030478137250104044,0.2573195321817104,0.607177734375
3489,5.99226051568985,8,7,0.03044765911285394,0.1313919834792614,0.07275390625
3490,8.934679567813873,11,10,0.030417211453741086,0.48953896354545245,0.065185546875
3491,24.046865046024323,27,26,0.030386794242287345,0.1779891092468191,0.16162109375
3492,4.0,6,5,0.030356407448045058,0.08392632380127907,0.039306640625
3493,4.989258646965027,7,6,0.03032605104059701,0.45005493078913006,0.050537109375
3494,10.80267745256424,13,12,0.030295724989556416,0.251418607452741,0.068359375
3495,62.18082785606384,72,71,0.030265429264566858,0.25610176880016094,0.690185546875
3496,26.46658706665039,29,28,0.03023516383530229,0.3083969413078037,0.27294921875
3497,47.51146590709686,51,50,0.03020492867146699,0.25097408675241706,0.47998046875
3498,2.0,4,3,0.03017472374279552,1.0809680074453354,0.017333984375
3499,14.267595529556274,17,16,0.030144549019052724,0.5185835343949935,0.15673828125
3500,84.0824271440506,96,95,0.030114404470033673,0.2604664041621921,0.84912109375
3501,77.29883474111557,85,85,0.030084290065563637,0.33026020526885985,0.967529296875
3502,3.0,5,4,0.030054205775498073,0.4506621442735195,0.07421875
3503,41.84226906299591,45,44,0.030024151569722574,0.15646731923851703,0.324951171875
3504,43.7725927233696,47,46,0.02999412741815285,0.3057733919233718,0.28955078125
3505,19.67837232351303,22,21,0.029964133290734697,0.2584360097958283,0.380859375
3506,-1.0,1,0,0.029934169157443964,0.05343158170580864,0.0
3507,45.81632798910141,50,49,0.02990423498828652,0.20243111431598662,0.3515625
3508,42.698226153850555,46,45,0.029874330753298234,0.15737286189813976,0.367919921875
3509,8.90561556816101,11,10,0.029844456422544935,0.20753106745806607,0.055419921875
3510,70.1617162823677,76,75,0.029814611966122388,0.2494886141564501,0.51611328125
3511,-1.0,1,0,0.029784797354156265,0.15328438580036163,0.0
3512,32.34467476606369,35,34,0.02975501255680211,0.21883102719272887,0.330078125
3513,48.6674667596817,54,53,0.029725257544245307,0.24778282407809188,0.543701171875
3514,55.826630890369415,64,63,0.029695532286701062,0.32059543940704316,0.580078125
3515,107.25991269946098,119,119,0.029665836754414362,0.29013788047395334,0.89208984375
3516,22.835845112800598,25,24,0.029636170917659948,0.22753341645002365,0.2412109375
3517,6.950051724910736,9,8,0.029606534746742286,0.11196898544828097,0.077880859375
3518,15.727153062820435,18,17,0.029576928211995545,0.19177833944559097,0.135009765625
3519,32.12118196487427,35,34,0.029547351283783548,0.32519212173564094,0.2568359375
3520,3.972323775291443,6,5,0.029517803932499764,0.3231853370865186,0.095458984375
3521,9.72493577003479,12,11,0.029488286128567263,0.5456030193405846,0.07080078125
3522,59.930488646030426,65,64,0.029458797842438697,0.30209213053950895,0.4560546875
3523,20.75210213661194,23,22,0.02942933904459626,0.3565224543537783,0.222412109375
3524,45.99967312812805,50,49,0.029399909705551664,0.19447296427562832,0.304931640625
3525,24.56082308292389,27,26,0.02937050979584611,0.3405858398311668,0.246826171875
3526,36.75934183597565,40,39,0.029341139286050266,0.19301603659987449,0.294677734375
3527,13.0,15,14,0.029311798146764215,0.3505181492616733,0.098388671875
3528,122.13679918646812,141,140,0.02928248634861745,0.27099733120689157,0.912841796875
3529,101.48753014206886,122,122,0.029253203862268835,0.350941067790521,0.9658203125
3530,27.386854231357574,30,29,0.029223950658406567,0.35618361830711365,0.259033203125
3531,2.979253590106964,5,4,0.02919472670774816,0.12922801077365875,0.02099609375
3532,12.845213055610657,15,14,0.02916553198104041,0.2692758878072103,0.231689453125
3533,81.76883155107498,87,86,0.02913636644905937,0.19829228824411316,0.694580078125
3534,5.986161589622498,8,7,0.02910723008261031,0.1696524079889059,0.053955078125
3535,11.837381780147552,14,13,0.0290781228525277,0.2672586515545845,0.140869140625
3536,46.11926817893982,51,50,0.02904904472967517,0.31065864766053125,0.3720703125
3537,15.849657118320465,18,17,0.029019995684945496,0.2572122135510047,0.15087890625
3538,25.262482345104218,28,27,0.02899097568926055,0.36178834709737984,0.2158203125
3539,51.429164350032806,58,57,0.02896198471357129,0.3916186873704709,0.51318359375
3540,80.90519350767136,94,93,0.028933022728857716,0.3540084290892837,0.718505859375
3541,97.83131492137909,113,112,0.028904089706128858,0.2460652104438802,0.890380859375
3542,96.66475128382444,131,131,0.02887518561642273,0.25737042827460604,0.947509765625
3543,41.11210638284683,44,43,0.028846310430806307,0.344360972542993,0.40869140625
3544,-1.0,1,0,0.028817464120375502,0.12416312098503113,0.0
3545,26.353065192699432,29,28,0.028788646656255128,0.2990456218991814,0.1748046875
3546,1.0,3,2,0.028759858009598873,0.1677929311990738,0.0
3547,47.382806062698364,50,49,0.028731098151589272,0.2883589680865407,0.345458984375
3548,70.51956391334534,77,76,0.028702367053437684,0.31118670986457303,0.567138671875
3549,14.774865567684174,17,16,0.028673664686384246,0.32401471694602685,0.2021484375
3550,47.145503759384155,51,50,0.02864499102169786,0.33409829766434784,0.70458984375
3551,10.996740937232971,13,12,0.028616346030676164,0.16724133462860033,0.1025390625
3552,7.634374499320984,10,9,0.02858772968464549,0.16150079444050788,0.045654296875
3553,30.869845390319824,33,32,0.028559141954960843,0.2432950163880984,0.361083984375
3554,7.985561311244965,10,9,0.02853058281300588,0.23117127865552903,0.06103515625
3555,1.0,3,2,0.028502052230192875,0.5460499400893847,0.005615234375
3556,11.952642738819122,14,13,0.028473550177962683,0.20347685340259755,0.175048828125
3557,41.162365436553955,46,45,0.02844507662778472,0.2594237704153942,0.49951171875
3558,79.18677645921707,88,87,0.028416631551156934,0.3159179183739153,0.659423828125
3559,3.0,5,4,0.028388214919605775,0.16265980154275894,0.067626953125
3560,9.821258544921875,12,11,0.028359826704686168,0.3578897149612506,0.087158203125
3561,28.316160142421722,32,31,0.028331466877981482,0.15452908200677484,0.1591796875
3562,73.80062967538834,80,79,0.028303135411103502,0.30810412832070144,0.6875
3563,5.906608402729034,8,7,0.0282748322756924,0.1489077117294073,0.036865234375
3564,3.0,5,4,0.028246557443416708,0.20235271155834197,0.003173828125
3565,9.880249381065369,12,11,0.02821831088597329,0.19268452500303587,0.04931640625
3566,10.872711777687073,13,12,0.028190092575087318,0.2150171774511154,0.091552734375
3567,102.5297080874443,130,130,0.02816190248251223,0.30241387681319165,0.951416015625
3568,0.0,2,1,0.02813374058002972,1.189582109451294,0.006103515625
3569,8.928648173809052,11,10,0.02810560683944969,0.3625341220335527,0.128173828125
3570,97.6264174580574,109,109,0.028077501232610238,0.39117914957737704,0.97802734375
3571,61.3496230840683,68,67,0.02804942373137763,0.26513890516670313,0.5234375
3572,57.201715648174286,62,61,0.02802137430764625,0.27773146493540657,0.56396484375
3573,13.81869524717331,16,15,0.027993352933338603,0.30237947148270905,0.134765625
3574,16.28053206205368,19,18,0.027965359580405264,0.4720717005823788,0.142578125
3575,17.51965343952179,20,19,0.02793739422082486,0.22402607183903456,0.170166015625
3576,104.08015596866608,119,118,0.027909456826604034,0.358595762980961,0.7568359375
3577,53.18859797716141,56,55,0.02788154736977743,0.35604958169694456,0.398681640625
3578,12.560311198234558,15,14,0.027853665822407652,0.25829144194722176,0.109375
3579,42.31301110982895,45,44,0.027825812156585243,0.36565722276767093,0.368408203125
3580,25.939850091934204,29,28,0.02779798634442866,0.2835801839828491,0.25048828125
3581,-1.0,1,0,0.02777018835808423,0.35371339321136475,0.0
3582,32.0698943734169,36,35,0.027742418169726144,0.37107977115859586,0.348876953125
3583,4.993677616119385,7,6,0.02771467575155642,0.15838847202914103,0.076171875
3584,11.738150656223297,14,13,0.027686961075804862,0.24669579549559525,0.1513671875
3585,-1.0,1,0,0.027659274114729057,0.16910523176193237,0.0
3586,90.6674595028162,119,119,0.027631614840614327,0.31858880630060404,0.9013671875
3587,18.681073427200317,21,20,0.027603983225773714,0.34550937034544493,0.069091796875
3588,4.0,6,5,0.02757637924254794,0.27891061703364056,0.011962890625
3589,36.89702957868576,40,39,0.027548802863305393,0.2872287925332785,0.343505859375
3590,26.488587141036987,29,28,0.027521254060442087,0.37260714070550327,0.299072265625
3591,73.3858283162117,80,79,0.027493732806381645,0.3267731382045895,0.587646484375
3592,8.88481891155243,11,10,0.027466239073575264,0.6078102629293095,0.103515625
3593,50.53908967971802,54,53,0.02743877283450169,0.39106347667122326,0.532958984375
3594,9.858014523983002,12,11,0.027411334061667188,0.19766929869850478,0.1220703125
3595,79.06067550182343,87,86,0.02738392272760552,0.453285149245084,0.9560546875
3596,30.170157551765442,33,32,0.027356538804877914,0.3569369419957652,0.1630859375
3597,20.589532136917114,23,22,0.027329182266073036,0.42275803843918053,0.139404296875
3598,6.976115643978119,9,8,0.027301853083806962,0.7553886787758933,0.07275390625
3599,52.19662141799927,56,55,0.027274551230723157,0.26704718611602274,0.4912109375
3600,93.24695819616318,105,105,0.027247276679492435,0.313883823759499,0.91845703125
3601,30.60313618183136,34,33,0.027220029402812942,0.33820668531253056,0.295654296875
3602,42.01538294553757,46,45,0.02719280937341013,0.3814724967207598,0.41015625
3603,2.0,4,3,0.02716561656403672,0.49195556715130806,0.030029296875
3604,12.856659293174744,15,14,0.027138450947472685,0.38896800875663756,0.11328125
3605,32.8353835940361,36,35,0.027111312496525212,0.41567471095671255,0.21337890625
3606,54.110948264598846,58,57,0.027084201184028687,0.3397053215524246,0.299560546875
3607,17.754759907722473,20,19,0.02705711698284466,0.3307128516957164,0.146484375
3608,86.23761546611786,95,94,0.027030059865861815,0.39481461299093146,0.7177734375
3609,33.12452161312103,36,35,0.027003029805995952,0.34818688304060036,0.3271484375
3610,16.941385209560394,19,18,0.026976026776189956,0.35098592897779063,0.097412109375
3611,1.0,3,2,0.026949050749413766,0.13941954324642816,0.011962890625
3612,16.7698655128479,19,18,0.026922101698664352,0.4236909998090644,0.19140625
3613,112.74863094091415,145,145,0.026895179596965687,0.30979278408761685,0.9609375
3614,60.57795161008835,66,65,0.026868284417368722,0.3170409831923969,0.462890625
3615,99.95409911870956,112,111,0.026841416132951355,0.3903602293659268,0.62939453125
3616,80.18155510723591,107,106,0.026814574716818404,0.39505459678089505,0.947021484375
3617,11.853991448879242,14,13,0.026787760142101585,0.29073708610875265,0.114013671875
3618,0.0,2,1,0.026760972381959482,0.06785527616739273,0.010498046875
3619,-1.0,1,0,0.026734211409577522,0.1690167486667633,0.0
3620,26.675976753234863,31,30,0.026707477198167944,0.38077337823567853,0.21435546875
3621,57.49407136440277,64,63,0.026680769720969777,0.47035225707804784,0.462890625
3622,109.57153940200806,130,130,0.02665408895124881,0.4166710504832176,0.955810546875
3623,69.80280065536499,76,75,0.026627434862297558,0.41556464753260736,0.49169921875
3624,37.55974453687668,41,40,0.02660080742743526,0.4039536061719423,0.345458984375
3625,7.0,9,8,0.026574206620007826,0.31086188223626876,0.044677734375
3626,96.81074208021164,107,106,0.02654763241338782,0.3067173104489518,0.573974609375
3627,1.0,3,2,0.02652108478097443,0.13759299864371619,0.005615234375
3628,3.9110881686210632,6,5,0.026494563696193456,0.2301611714065075,0.023193359375
3629,0.0,2,1,0.026468069132497263,0.047581419348716736,0.003173828125
3630,48.661238729953766,52,51,0.026441601063364767,0.4996895192620846,0.371826171875
3631,49.34178674221039,53,52,0.026415159462301403,0.3772414872809401,0.359130859375
3632,33.990515291690826,37,36,0.0263887443028391,0.37136800023349553,0.313720703125
3633,59.97829085588455,66,65,0.02636235555853626,0.4360958459137967,0.712646484375
3634,3.9761597514152527,6,5,0.026335993202977723,0.3936377229789893,0.034912109375
3635,18.731660544872284,21,20,0.026309657209774746,0.6798495742536727,0.17041015625
3636,4.993947088718414,7,6,0.02628334755256497,0.12124454442943845,0.034912109375
3637,74.75297909975052,81,80,0.026257064205012406,0.4046522372022823,0.5654296875
3638,12.493778765201569,15,14,0.026230807140807395,0.6536388804515203,0.06689453125
3639,3.0,5,4,0.026204576333666588,0.2675564527511597,0.07080078125
3640,-1.0,1,0,0.02617837175733292,0.23870736360549927,0.0
3641,5.987711846828461,8,7,0.02615219338557559,0.7063810592517257,0.051513671875
3642,67.27310770750046,74,73,0.026126041192190013,0.41371518403694435,0.58447265625
3643,52.3311733007431,56,55,0.026099915150997823,0.4615667535524283,0.44580078125
3644,56.23373746871948,62,61,0.026073815235846825,0.44793826209441306,0.456298828125
3645,26.875469624996185,30,29,0.02604774142061098,0.4599701712528865,0.2314453125
3646,46.288960576057434,50,49,0.02602169367919037,0.34119774743914605,0.376953125
3647,17.824564218521118,20,19,0.025995671985511178,0.4888934943825006,0.160400390625
3648,53.74186581373215,58,57,0.025969676313525668,0.36622817412917985,0.6474609375
3649,83.93255639076233,92,91,0.02594370663721214,0.3890275069633904,0.76513671875
3650,8.0,10,9,0.02591776293057493,0.49051212444901465,0.084228515625
3651,32.28850048780441,35,34,0.025891845167644353,0.40457181760243005,0.279296875
3652,86.3396585136652,100,100,0.02586595332247671,0.33900281473994254,0.939697265625
3653,30.55970573425293,33,32,0.025840087369154233,0.3525411059910601,0.2138671875
3654,28.696818113327026,32,31,0.02581424728178508,0.4909960348159075,0.1962890625
3655,4.0,6,5,0.025788433034503296,0.235757144788901,0.0302734375
3656,70.18395614624023,79,78,0.025762644601468793,0.28667045356352117,0.6376953125
3657,4.8902348279953,7,6,0.025736881956867325,0.3278699650296143,0.0439453125
3658,37.29018622636795,40,39,0.025711145074910458,0.460945681296289,0.363525390625
3659,7.0,9,8,0.025685433929835546,0.25588878078593147,0.044677734375
3660,91.86891207098961,106,106,0.025659748495905712,0.33515757698354853,0.9736328125
3661,15.773667097091675,18,17,0.025634088747409807,0.4820633882449733,0.21923828125
3662,23.457701802253723,26,25,0.025608454658662398,0.2500998866386138,0.123779296875
3663,35.274215400218964,38,37,0.025582846204003737,0.3622188964662583,0.24072265625
3664,12.720574736595154,15,14,0.025557263357799734,0.3994129290183385,0.120849609375
3665,85.98433120548725,108,108,0.025531706094441935,0.3367023270370232,0.966064453125
3666,58.65002138912678,76,76,0.025506174388347493,0.37994125245237037,0.93408203125
3667,45.140157639980316,51,50,0.025480668213959144,0.35969579833395343,0.4150390625
3668,50.391205072402954,56,55,0.025455187545745186,0.3465919502611671,0.383544921875
3669,83.80449998378754,95,94,0.02542973235819944,0.3323651514163143,0.7509765625
3670,110.4203767478466,131,131,0.02540430262584124,0.34289017828707474,0.943603515625
3671,28.87189781665802,32,31,0.0253788983232154,0.30459762446116656,0.270751953125
3672,107.85257041454315,131,130,0.025353519424892185,0.3862635746086372,0.821044921875
3673,116.8656293079257,151,151,0.025328165905467295,0.3493092090927607,0.95361328125
3674,102.53907862305641,129,129,0.025302837739561827,0.3534947240133156,0.944091796875
3675,38.064660370349884,41,40,0.025277534901822264,0.27665912051026414,0.352783203125
3676,88.49193608760834,99,98,0.025252257366920442,0.3183570513972128,0.768798828125
3677,71.22812914848328,79,78,0.025227005109553523,0.35630455945583084,0.62939453125
3678,32.84272438287735,36,35,0.02520177810444397,0.444543842640188,0.280517578125
3679,71.9307616353035,80,79,0.025176576326339524,0.3540005185175687,0.708251953125
3680,52.28489774465561,56,55,0.025151399750013185,0.32447650017482893,0.363525390625
3681,0.0,2,1,0.025126248350263173,0.21396496146917343,0.0
3682,84.85235312581062,103,103,0.02510112210191291,0.30780047565264607,0.9560546875
3683,71.15267235040665,79,78,0.025076020979810997,0.32623987427995177,0.653076171875
3684,39.711616694927216,43,42,0.025050944958831187,0.4913462823213533,0.2822265625
3685,56.81855255365372,61,60,0.025025894013872355,0.32891470529749745,0.539306640625
3686,94.52541346102953,120,120,0.025000868119858483,0.3574357137394448,0.9638671875
3687,92.39744655787945,112,112,0.024975867251738625,0.4262106933331649,0.967529296875
3688,1.0,3,2,0.024950891384486886,0.5985407878955206,0.0302734375
3689,12.609476447105408,15,14,0.0249259404931024,0.45717542668183647,0.099609375
3690,102.96382594108582,123,123,0.024901014552609298,0.3520466284902115,0.963623046875
3691,18.49384444952011,21,20,0.024876113538056688,0.3936638952720733,0.166015625
3692,55.79952359199524,63,62,0.02485123742451863,0.2944933327417525,0.4384765625
3693,58.50177025794983,62,61,0.02482638618709411,0.4079208395654155,0.33447265625
3694,17.694412052631378,20,19,0.024801559800907015,0.4141540449112654,0.1201171875
3695,13.838297069072723,16,15,0.024776758241106107,0.22732786973938346,0.147216796875
3696,6.0,8,7,0.024751981482865,0.2716730646789074,0.06689453125
3697,92.33606050908566,114,114,0.024727229501382137,0.29339047920024186,0.9453125
3698,71.4284143447876,81,80,0.024702502271880755,0.3543744532874337,0.538330078125
3699,86.59948247671127,107,106,0.024677799769608873,0.379904780710969,0.8076171875
3700,3.0,5,4,0.024653121969839265,0.28165731728076937,0.038818359375
3701,33.805384397506714,38,37,0.024628468847869425,0.32229813521629885,0.25341796875
3702,93.47567884624004,121,121,0.024603840379021556,0.41596932823130905,0.93701171875
3703,68.18456023931503,75,74,0.024579236538642534,0.37439295853177706,0.602783203125
3704,0.0,2,1,0.02455465730210389,1.0475151538848877,0.031005859375
3705,-1.0,1,0,0.024530102644801786,0.34981390833854675,0.0
3706,-1.0,1,0,0.024505572542156986,1.1183120012283325,0.0
3707,30.93709033727646,34,33,0.02448106696961483,0.31282534285941543,0.3427734375
3708,6.939394474029541,9,8,0.024456585902645215,0.2806440492471059,0.0244140625
3709,46.68121063709259,50,49,0.02443212931674257,0.4765067669004202,0.28466796875
3710,45.541838109493256,49,48,0.024407697187425827,0.42261429754446966,0.33984375
3711,15.729368388652802,18,17,0.0243832894902384,0.308606324924363,0.165771484375
3712,81.8973822593689,88,87,0.02435890620074816,0.36910158065571025,0.61669921875
3713,100.97895681858063,110,109,0.024334547294547412,0.4854336936704137,0.843017578125
3714,4.874585151672363,7,6,0.024310212747252865,0.3991620029721941,0.077392578125
3715,90.15037429332733,106,106,0.02428590253450561,0.4971951996942736,0.98583984375
3716,84.57284820079803,93,92,0.024261616631971107,0.47309288414575723,0.712646484375
3717,48.862945556640625,53,52,0.024237355015339135,0.3874972402206007,0.297607421875
3718,57.901358127593994,64,63,0.024213117660323795,0.5285313971107826,0.609619140625
3719,1.9352788925170898,4,3,0.02418890454266347,0.772050566971302,0.066650390625
3720,4.0,6,5,0.024164715638120806,0.329233780503273,0.044189453125
3721,120.07234385609627,139,139,0.024140550922482684,0.49767865457659144,0.90869140625
3722,63.17064654827118,68,67,0.0241164103715602,0.5242755138041342,0.597412109375
3723,5.0,7,6,0.02409229396118864,0.21496791073254176,0.0546875
3724,21.606392443180084,24,23,0.02406820166722745,0.35232548027609784,0.16015625
3725,92.1790281534195,105,105,0.024044133465560225,0.4877942239244779,0.937744140625
3726,0.0,2,1,0.024020089332094666,0.22066715359687805,0.005126953125
3727,84.59475901722908,98,98,0.023996069242762572,0.38360361610444227,0.9052734375
3728,34.2919927239418,37,36,0.02397207317351981,0.36066168164079254,0.213134765625
3729,34.39532208442688,37,36,0.02394810110034629,0.32478126792891604,0.20654296875
3730,51.0264977812767,59,58,0.023924152999245944,0.42652743417075123,0.63232421875
3731,60.359558045864105,66,65,0.023900228846246697,0.4375080791386691,0.5517578125
3732,76.02430894970894,92,92,0.02387632861740045,0.40712701266064594,0.924072265625
3733,91.03622651100159,101,100,0.02385245228878305,0.5931905127397858,0.89306640625
3734,48.444399535655975,53,52,0.023828599836494265,0.5524642628459435,0.5166015625
3735,72.9336816072464,80,79,0.023804771236657772,0.5220056331716478,0.588623046875
3736,101.40340942889452,129,129,0.023780966465421115,0.4128990143595278,0.951904296875
3737,24.65477228164673,27,26,0.023757185498955693,0.5169883061338354,0.254150390625
3738,88.15692293643951,98,97,0.023733428313456737,0.42165722207603407,0.8095703125
3739,63.0486518740654,68,67,0.02370969488514328,0.4282904013662654,0.488037109375
3740,33.75972604751587,36,35,0.02368598519025814,0.42701152298185563,0.402099609375
3741,63.32571637630463,67,66,0.02366229920506788,0.4567963811777421,0.52001953125
3742,40.45500361919403,44,43,0.023638636905862813,0.5315723892470653,0.35693359375
3743,17.867364645004272,20,19,0.02361499826895695,0.5301227573305368,0.19921875
3744,86.7039324939251,99,99,0.023591383270687993,0.4705192260444164,0.96875
3745,4.94807755947113,7,6,0.023567791887417304,0.34743389061519075,0.08447265625
3746,4.0,6,5,0.023544224095529885,0.21128242214520773,0.0673828125
3747,77.72662544250488,89,88,0.023520679871434354,0.5350428750173429,0.83984375
3748,58.430456817150116,63,62,0.02349715919156292,0.569792605108685,0.457275390625
3749,105.7836401462555,126,125,0.023473662032371355,0.37936701734979,0.86328125
3750,83.6421486735344,94,93,0.023450188370338982,0.588207243604863,0.70703125
3751,65.23236787319183,72,71,0.023426738181968644,0.4386870842944417,0.73388671875
3752,23.59622037410736,26,25,0.023403311443786677,0.3455498108210472,0.125732421875
3753,42.569366812705994,47,46,0.02337990813234289,0.5909711769286622,0.333984375
3754,1.0,3,2,0.023356528224210547,0.20791916052500406,0.003662109375
3755,1.0,3,2,0.023333171695986338,0.5079547663529714,0.00830078125
3756,34.00990551710129,37,36,0.02330983852429035,0.4350159544799779,0.2529296875
3757,7.8096946477890015,10,9,0.02328652868576606,0.44227015376091006,0.094970703125
3758,46.82748645544052,54,53,0.023263242157080293,0.4263973645865917,0.4189453125
3759,9.960835933685303,12,11,0.02323997891492321,0.4977508094161749,0.0810546875
3760,88.68391746282578,119,119,0.02321673893600829,0.531773378681235,0.94482421875
3761,62.42073154449463,69,68,0.02319352219707228,0.4298916045522344,0.532470703125
3762,9.86632788181305,12,11,0.023170328674875208,0.41794417922695476,0.0390625
3763,3.0,5,4,0.023147158346200333,0.38121635317802427,0.075439453125
3764,0.0,2,1,0.02312401118785413,1.1464380025863647,0.006103515625
3765,4.0,6,5,0.023100887176666276,0.3759353930751483,0.062255859375
3766,25.5073002576828,28,27,0.02307778628948961,0.5243060804371323,0.2138671875
3767,53.97282153367996,59,58,0.02305470850320012,0.45244928424136116,0.4208984375
3768,25.62204372882843,28,27,0.023031653794696922,0.4207152176116194,0.21923828125
3769,70.98378396034241,77,76,0.023008622140902227,0.5312911911153948,0.565185546875
3770,45.590104937553406,50,49,0.022985613518761324,0.4515212032198906,0.409912109375
3771,103.47252400964499,129,129,0.022962627905242564,0.39814526304718134,0.96533203125
3772,99.8198189586401,123,123,0.02293966527733732,0.5186145710266703,0.9619140625
3773,53.524691224098206,58,57,0.022916725612059985,0.41853807378431845,0.3623046875
3774,55.26954710483551,62,61,0.022893808886447924,0.4127925865111812,0.570068359375
3775,9.925624370574951,12,11,0.022870915077561477,0.4973579067736864,0.070068359375
3776,31.806259989738464,35,34,0.022848044162483917,0.5186205029487609,0.123046875
3777,8.937918722629547,11,10,0.02282519611832143,0.4219616651535034,0.096923828125
3778,33.08424770832062,37,36,0.02280237092220311,0.5289436373356227,0.28955078125
3779,11.801974296569824,14,13,0.02277956855128091,0.4884372718100037,0.044921875
3780,43.14676469564438,46,45,0.02275678898272963,0.4634717029073964,0.31005859375
3781,86.30125279724598,102,102,0.0227340321937469,0.4889128650812542,0.946533203125
3782,4.900055885314941,7,6,0.022711298161553154,0.21378315346581594,0.072509765625
3783,102.54115426540375,124,123,0.0226885868633916,0.5579956394109514,0.801513671875
3784,11.826133072376251,14,13,0.02266589827652821,0.3591172695159912,0.062255859375
3785,5.977830946445465,8,7,0.022643232378251683,0.5122378077358007,0.041748046875
3786,58.827838480472565,63,62,0.02262058914587343,0.504913664762936,0.482177734375
3787,24.58145958185196,27,26,0.02259796855672756,0.44013228129457543,0.231201171875
3788,35.19234383106232,38,37,0.022575370588170832,0.5358685617776293,0.447021484375
3789,18.573890328407288,21,20,0.02255279521758266,0.6326286367007664,0.26220703125
3790,42.311919152736664,47,46,0.02253024242236508,0.551507256449537,0.340087890625
3791,22.664175391197205,25,24,0.022507712179942713,0.4551451453566551,0.0712890625
3792,92.30110177397728,112,112,0.02248520446776277,0.44665718407902333,0.9658203125
3793,23.47352695465088,26,25,0.02246271926329501,0.4853737053389733,0.16650390625
3794,94.36295075714588,112,112,0.022440256544031714,0.46589816075616647,0.94091796875
3795,20.416701078414917,23,22,0.022417816287487683,0.659863271791002,0.1240234375
3796,26.885954678058624,30,29,0.022395398471200194,0.5570088100930055,0.158935546875
3797,89.30194407701492,104,103,0.022373003072728992,0.5121780193339174,0.815673828125
3798,73.56268632411957,82,81,0.022350630069656263,0.5073120813453342,0.722900390625
3799,15.890599310398102,18,17,0.022328279439586606,0.537922203540802,0.13525390625
3800,68.70387798547745,79,78,0.022305951160147018,0.4313699144728576,0.640869140625
3801,58.82422363758087,64,63,0.02228364520898687,0.5120178769575432,0.446533203125
3802,1.0,3,2,0.022261361563777882,0.21573537091414133,0.00341796875
3803,98.05608168244362,115,115,0.022239100202214104,0.43700312194616897,0.97119140625
3804,3.8889966011047363,6,5,0.02221686110201189,0.2667582420011361,0.089111328125
3805,92.14605927467346,107,106,0.02219464424090988,0.4264708321506732,0.8564453125
3806,96.47175800800323,105,104,0.022172449596668968,0.4102776503279096,0.642333984375
3807,2.0,4,3,0.022150277147072298,0.27123409509658813,0.02392578125
3808,25.343741476535797,28,27,0.022128126869925227,0.5476275331207684,0.201416015625
3809,75.39014331996441,96,96,0.022105998743055303,0.4558993546136965,0.966552734375
3810,91.48794519901276,117,117,0.022083892744312248,0.47946718035854846,0.962890625
3811,54.27976834774017,58,57,0.022061808851567936,0.5068292786078207,0.45654296875
3812,23.127284824848175,26,25,0.022039747042716367,0.41291656646017844,0.1884765625
3813,28.507395088672638,31,30,0.02201770729567365,0.5483198341342711,0.21875
3814,102.68953067064285,126,125,0.021995689588377977,0.44423216374384034,0.89013671875
3815,15.83227401971817,18,17,0.0219736938987896,0.5669780729545487,0.106201171875
3816,75.57807010412216,81,80,0.02195172020489081,0.6414406987619988,0.73388671875
3817,92.42719507217407,99,98,0.02192976848468592,0.5413314289215839,0.8193359375
3818,36.37361615896225,39,38,0.021907838716201233,0.7056886095267075,0.26708984375
3819,108.49638253450394,128,127,0.02188593087748503,0.4790841662324965,0.92822265625
3820,83.96244904398918,101,101,0.021864044946607545,0.5359264721743541,0.977783203125
3821,25.837784111499786,29,28,0.021842180901660936,0.4828252784650901,0.208251953125
3822,100.45854334533215,118,118,0.021820338720759277,0.48000254993469027,0.974365234375
3823,-1.0,1,0,0.021798518382038518,1.3575061559677124,0.0
3824,93.91487893462181,113,113,0.02177671986365648,0.5150862882754444,0.930908203125
3825,100.31139748543501,124,124,0.021754943143792824,0.47329454424400486,0.9453125
3826,26.427265286445618,29,28,0.02173318820064903,0.45155222559797353,0.29345703125
3827,105.6302774772048,126,126,0.02171145501244838,0.5072870249194759,0.9560546875
3828,9.0,11,10,0.02168974355743593,0.4530569822950797,0.1083984375
3829,34.958440363407135,38,37,0.021668053813878495,0.6059184450852243,0.23681640625
3830,28.510034501552582,32,31,0.021646385760064616,0.707544480683282,0.26904296875
3831,10.706605017185211,13,12,0.021624739374304553,0.3962692744456805,0.096923828125
3832,43.07714641094208,46,45,0.021603114634930247,0.492132773136963,0.302490234375
3833,40.43540275096893,44,43,0.02158151152029532,0.6467536521906202,0.417236328125
3834,86.89806652069092,97,96,0.021559930008775024,0.5583946593489844,0.717041015625
3835,99.20983964204788,108,107,0.021538370078766248,0.5647140582678495,0.820556640625
3836,22.420413315296173,25,24,0.02151683170868748,0.29793774724006655,0.195556640625
3837,42.09174656867981,46,45,0.021495314876978793,0.5200703197523303,0.4189453125
3838,80.13692080974579,87,86,0.021473819562101815,0.6242466330870815,0.6865234375
3839,2.0,4,3,0.02145234574253971,0.3237656429409981,0.003662109375
3840,4.929297029972076,7,6,0.02143089339679717,0.3669910579919815,0.0703125
3841,14.830609202384949,17,16,0.021409462503400374,0.5740664781016462,0.173828125
3842,81.87322491407394,93,92,0.021388053040896974,0.5209554829584655,0.640625
3843,18.976313710212708,21,20,0.021366664987856075,0.5160818060948735,0.185302734375
3844,86.96619185805321,105,105,0.02134529832286822,0.5438872395526795,0.970703125
3845,-1.0,1,0,0.02132395302454535,1.2417685985565186,0.0
3846,75.33716529607773,84,83,0.021302629071520807,0.5724264487091985,0.85205078125
3847,44.627503752708435,49,48,0.021281326442449285,0.5653156160700078,0.37890625
3848,31.537975668907166,34,33,0.021260045116006834,0.4265500372823547,0.218017578125
3849,50.126530170440674,56,55,0.021238785070890828,0.6187867942665305,0.541015625
3850,4.86545717716217,7,6,0.021217546285819937,0.443006123815264,0.15234375
3851,41.60828983783722,46,45,0.02119632873953412,0.5783786031862964,0.47802734375
3852,38.9142501950264,43,42,0.021175132410794585,0.41837591729884926,0.391845703125
3853,18.807939887046814,21,20,0.02115395727838379,0.4478725269436836,0.11181640625
3854,19.745141863822937,22,21,0.021132803321105405,0.4958485012704676,0.1640625
3855,68.3816105723381,76,75,0.0211116705177843,0.5320796290118444,0.650146484375
3856,94.47939622402191,108,108,0.021090558847266516,0.5719161021212736,0.9765625
3857,14.87731820344925,17,16,0.02106946828841925,0.5358731023528996,0.123779296875
3858,5.0,7,6,0.02104839882013083,0.2947434868131365,0.118408203125
3859,89.31246654689312,114,114,0.0210273504213107,0.5335366896500713,0.968994140625
3860,91.5811139345169,131,131,0.02100632307088939,0.5048130229968606,0.93505859375
3861,81.99282819032669,90,89,0.0209853167478185,0.5092116713523864,0.674560546875
3862,0.0,2,1,0.02096433143107068,0.9414982199668884,0.0107421875
3863,22.73105663061142,25,24,0.020943367099639607,0.49089300125837326,0.18505859375
3864,1.0,3,2,0.020922423732539965,0.32602137823899585,0.0654296875
3865,14.416030704975128,17,16,0.020901501308807423,0.6019602198811138,0.156005859375
3866,79.65390664339066,87,86,0.020880599807498616,0.48786436192605687,0.523681640625
3867,43.822474360466,48,47,0.020859719207691117,0.6337338533873359,0.405517578125
3868,29.136601388454437,32,31,0.020838859488483425,0.45018304977566004,0.26708984375
3869,75.57238566875458,81,80,0.020818020628994943,0.5895266997409455,0.49072265625
3870,33.05029809474945,37,36,0.02079720260836595,0.5652384693558151,0.324951171875
3871,64.05856984853745,70,69,0.02077640540575758,0.5642108617084367,0.49267578125
3872,41.78200602531433,45,44,0.020755629000351824,0.4792842611670494,0.426513671875
3873,93.78220841288567,108,107,0.02073487337135147,0.6056386087503698,0.9033203125
3874,75.86617398262024,88,87,0.02071413849798012,0.513132132081823,0.74560546875
3875,29.624612629413605,32,31,0.02069342435948214,0.47305163461714983,0.27880859375
3876,75.9593471288681,82,81,0.020672730935122657,0.49458864176782164,0.693359375
3877,72.4379990696907,88,87,0.020652058204187532,0.4980816656554287,0.810546875
3878,66.80580145120621,77,76,0.020631406145983345,0.5166625897218655,0.822998046875
3879,22.643344163894653,25,24,0.02061077473983736,0.4148767709732056,0.15966796875
3880,56.69496417045593,64,63,0.02059016396509752,0.5148824416100979,0.53076171875
3881,82.41218116879463,112,112,0.020569573801132425,0.5875070155930838,0.9609375
3882,40.25820416212082,44,43,0.020549004227331292,0.5126583218913187,0.364990234375
3883,50.936456739902496,55,54,0.02052845522310396,0.5543031917376952,0.50048828125
3884,87.14990013837814,96,96,0.020507926767880855,0.5583719525796672,0.973876953125
3885,119.09770293533802,154,154,0.020487418841112975,0.552776552591618,0.966796875
3886,59.15352088212967,64,63,0.02046693142227186,0.5090637772809714,0.495849609375
3887,2.954955577850342,5,4,0.020446464490849588,0.7290093541145325,0.017578125
3888,63.831572353839874,69,68,0.02042601802635874,0.5959165666414343,0.63330078125
3889,57.25675588846207,63,62,0.02040559200833238,0.5486045546001859,0.477783203125
3890,100.29615515470505,116,115,0.020385186416324048,0.5143070547231312,0.7470703125
3891,94.57987129688263,106,105,0.020364801229907723,0.5832197459520034,0.709716796875
3892,91.83762122690678,109,109,0.020344436428677816,0.5632981838436302,0.94677734375
3893,89.50354459881783,105,105,0.02032409199224914,0.4637496672925495,0.968017578125
3894,28.35692584514618,31,30,0.02030376790025689,0.6851208008104755,0.100341796875
3895,84.24385061860085,92,92,0.020283464132356634,0.5873844281810782,0.91162109375
3896,112.759003713727,137,137,0.020263180668224277,0.5574017174705101,0.923583984375
3897,90.78631709516048,105,105,0.020242917487556054,0.5920934764402254,0.964599609375
3898,87.68257538974285,103,103,0.0202226745700685,0.6687562197302152,0.97705078125
3899,20.364447355270386,23,22,0.02020245189549843,0.4944397139808406,0.169189453125
3900,1.9417629837989807,4,3,0.02018224944360293,0.2327912449836731,0.0078125
3901,101.14631193876266,128,127,0.02016206719415933,0.6095424847444519,0.783203125
3902,99.4367410838604,122,122,0.02014190512696517,0.5616143524158196,0.96240234375
3903,5.930471241474152,8,7,0.020121763221838205,0.6530622290447354,0.04248046875
3904,52.03011530637741,57,56,0.020101641458616367,0.49887663949477046,0.494140625
3905,0.0,2,1,0.02008153981715775,0.8263372480869293,0.015625
3906,84.678761780262,93,92,0.020061458277340592,0.6420375965936209,0.737060546875
3907,33.647730350494385,37,36,0.02004139681906325,0.5981441051573366,0.41064453125
3908,75.21886211633682,82,81,0.02002135542224419,0.5181979696016487,0.55419921875
3909,58.623605251312256,65,64,0.020001334066821943,0.6271652022233376,0.5
3910,5.0,7,6,0.01998133273275512,0.49639677149908884,0.031494140625
3911,13.91671085357666,16,15,0.019961351400022365,0.6735942224040627,0.067138671875
3912,85.03972536325455,93,92,0.019941390048622342,0.5385397075004476,0.713134765625
3913,36.121160447597504,39,38,0.01992144865857372,0.6801572208985304,0.279052734375
3914,80.13671174645424,103,103,0.019901527209915146,0.5770003833961719,0.971923828125
3915,6.8477277755737305,9,8,0.019881625682705233,0.5164147069056829,0.0322265625
3916,52.490065932273865,56,55,0.019861744057022526,0.6439561830567462,0.52587890625
3917,26.633539259433746,29,28,0.019841882312965502,0.718709180324242,0.32177734375
3918,11.822282373905182,14,13,0.019822040430652537,0.7182458490133286,0.129150390625
3919,6.979317903518677,9,8,0.019802218390221886,0.712764236662123,0.0888671875
3920,53.91298067569733,58,57,0.019782416171831664,0.5956561768363262,0.44580078125
3921,20.892276406288147,23,22,0.01976263375565983,0.6109484217089155,0.150390625
3922,3.9802287817001343,6,5,0.019742871121904173,0.45442200700442,0.0546875
3923,9.92304790019989,12,11,0.01972312825078227,0.6378761554757754,0.069091796875
3924,97.27373704314232,111,111,0.01970340512253149,0.5380314790585019,0.8955078125
3925,12.923904359340668,15,14,0.019683701717408957,0.6639431109031041,0.112060546875
3926,13.751329362392426,16,15,0.019664018015691547,0.5489846058189869,0.06494140625
3927,71.39194124937057,78,77,0.019644353997675855,0.553352815600542,0.62646484375
3928,34.97132211923599,38,37,0.01962470964367818,0.5079791957610532,0.181396484375
3929,1.0,3,2,0.019605084934034504,0.7837771326303482,0.0
3930,24.43742072582245,27,26,0.01958547984910047,0.48168132095425215,0.23291015625
3931,11.829637467861176,14,13,0.01956589436925137,0.46807936898299624,0.119873046875
3932,83.37354648113251,92,91,0.019546328474882118,0.575502652755898,0.772216796875
3933,28.214597165584564,31,30,0.019526782146407237,0.5349626209466688,0.2822265625
3934,26.112866640090942,29,28,0.01950725536426083,0.7147160491039013,0.27001953125
3935,3.998004972934723,6,5,0.01948774810889657,0.7595644320050875,0.02197265625
3936,51.98492646217346,58,57,0.019468260360787675,0.5924493904257643,0.479248046875
3937,82.85703122615814,92,92,0.01944879210042689,0.49514055543619656,0.8935546875
3938,111.85223603248596,129,129,0.019429343308326463,0.6208440700127172,0.980224609375
3939,65.36792999505997,73,72,0.019409913965018136,0.6364934211724425,0.499267578125
3940,104.59527926146984,129,129,0.019390504051053116,0.5374851767984472,0.94873046875
3941,2.0,4,3,0.019371113547002064,1.0424097403883934,0.02392578125
3942,46.43896096944809,50,49,0.01935174243345506,0.5863948956131935,0.419677734375
3943,91.36612574756145,103,103,0.019332390691021606,0.5350812957124803,0.953125
3944,124.08367797732353,141,141,0.019313058300330584,0.5642312472910745,0.970947265625
3945,67.77709567546844,74,73,0.019293745242030255,0.5194782829163848,0.376708984375
3946,48.18947660923004,53,52,0.019274451496788223,0.6092123192436291,0.3564453125
3947,1.0,3,2,0.019255177045291436,0.6543775697549185,0.010986328125
3948,69.0352628827095,77,76,0.019235921868246145,0.5432918790679473,0.66552734375
3949,0.0,2,1,0.019216685946377897,1.3411267697811127,0.007080078125
3950,110.71883291751146,141,141,0.01919746926043152,0.6261766282379204,0.953125
3951,0.9751319885253906,3,2,0.019178271791171087,0.5543736318747202,0.01123046875
3952,71.09004789590836,77,76,0.019159093519379916,0.5354047384742019,0.541748046875
3953,33.66043299436569,37,36,0.019139934425860535,0.6512262607748444,0.18994140625
3954,27.378109574317932,30,29,0.019120794491434674,0.5292868360877037,0.149169921875
3955,68.22095084190369,80,79,0.01910167369694324,0.5263627693988383,0.7744140625
3956,91.52878533303738,106,106,0.019082572023246296,0.530891294608701,0.963623046875
3957,90.94123512506485,108,107,0.01906348945122305,0.555202665704268,0.76806640625
3958,93.40103220939636,115,114,0.01904442596177183,0.5967508549275605,0.7607421875
3959,41.30607211589813,46,45,0.019025381535810057,0.5563010369306025,0.3837890625
3960,112.98298022150993,146,146,0.019006356154274248,0.5890333784157282,0.95947265625
3961,29.26601654291153,32,31,0.018987349798119973,0.4843992949463427,0.246337890625
3962,64.4291105568409,78,78,0.018968362448321854,0.5735485339776064,0.96484375
3963,21.787991166114807,24,23,0.018949394085873532,0.5499249420439204,0.205810546875
3964,47.64826089143753,51,50,0.01893044469178766,0.7233056691931743,0.355224609375
3965,84.953080996871,100,100,0.018911514247095872,0.5631501753628254,0.970458984375
3966,-1.0,1,0,0.018892602732848776,0.23235805332660675,0.0
3967,9.939417004585266,12,11,0.018873710130115927,0.6033735573291779,0.126953125
3968,106.09911680221558,130,130,0.01885483641998581,0.5559971073499093,0.928955078125
3969,89.60204702615738,102,101,0.018835981583565822,0.6447069423601908,0.718017578125
3970,101.66106338799,127,127,0.018817145601982256,0.5804881690524695,0.9482421875
3971,95.01795035600662,109,108,0.018798328456380273,0.6794673458015154,0.917236328125
3972,8.846427023410797,11,10,0.018779530127923893,0.6849936612627723,0.051025390625
3973,94.90801906585693,106,105,0.01876075059779597,0.6186421062305288,0.84619140625
3974,39.173079431056976,42,41,0.018741989847198173,0.6672221019509292,0.254638671875
3975,8.973474681377411,11,10,0.018723247857350977,0.5264091356234117,0.108642578125
3976,57.12854164838791,63,62,0.018704524609493626,0.6853174262103581,0.5458984375
3977,102.3088198453188,124,124,0.018685820084884133,0.6915634191564975,0.934326171875
3978,4.895105600357056,7,6,0.01866713426479925,0.35463714812483105,0.056396484375
3979,30.280681550502777,34,33,0.01864846713053445,0.6388900547343142,0.200927734375
3980,5.0,7,6,0.018629818663403915,0.5350618405001504,0.037109375
3981,112.59727129340172,135,134,0.01861118884474051,0.6612695256868998,0.71484375
3982,112.00144976377487,136,136,0.01859257765589577,0.6500349296530818,0.947021484375
3983,104.40601649880409,118,118,0.018573985078239874,0.5835206650071225,0.962890625
3984,76.67693704366684,86,86,0.018555411093161635,0.6523417366105456,0.97314453125
3985,13.477427661418915,16,15,0.018536855682068473,0.6836528908461332,0.07666015625
3986,69.00348722934723,74,73,0.018518318826386403,0.6769256535414103,0.49755859375
3987,21.701406180858612,24,23,0.018499800507560015,0.6994906906038523,0.182373046875
3988,88.1513552069664,99,98,0.018481300707052454,0.633714699986005,0.791748046875
3989,67.62991136312485,86,85,0.0184628194063454,0.633363337537577,0.701904296875
3990,86.60598814487457,97,97,0.018444356586939055,0.6544539343911348,0.985595703125
3991,20.66403877735138,23,22,0.018425912230352115,0.7595803018497385,0.093017578125
3992,8.967641115188599,11,10,0.018407486318121762,0.7297149056738074,0.052978515625
3993,87.37921960651875,110,110,0.01838907883180364,0.6407527568665418,0.955078125
3994,17.032768726348877,20,19,0.018370689752971837,0.8440297015011311,0.067626953125
3995,42.94532299041748,47,46,0.018352319063218867,0.6307057475155973,0.41015625
3996,94.67361143231392,112,112,0.018333966744155647,0.5733745813901935,0.92626953125
3997,76.34305381774902,84,83,0.01831563277741149,0.6479033822459834,0.686767578125
3998,76.10144728422165,107,107,0.01829731714463408,0.6860327442115712,0.944091796875
3999,89.87481208145618,108,108,0.018279019827489446,0.6665933270145346,0.927734375
4000,32.25558763742447,35,34,0.018260740807661956,0.7636397902454649,0.46533203125
4001,92.73157845437527,123,123,0.018242480066854295,0.8037454742120533,0.9599609375
4002,23.705571353435516,27,26,0.01822423758678744,0.7806835329091107,0.238037109375
4003,93.88274490833282,113,113,0.01820601334920065,0.7263063205554422,0.9365234375
4004,133.84454526752234,151,151,0.01818780733585145,0.6931535662799482,0.977783203125
4005,76.28601541370153,105,104,0.0181696195285156,0.7334300966489883,0.95654296875
4006,56.878746032714844,62,61,0.018151449908987084,0.7100957865195889,0.72119140625
4007,89.81680116057396,108,108,0.018133298459078098,0.7019535483861411,0.90087890625
4008,101.4669349938631,117,117,0.01811516516061902,0.7243264002932442,0.9736328125
4009,25.218423664569855,28,27,0.0180970499954584,0.6923588860247817,0.258544921875
4010,109.59445995092392,121,121,0.018078952945462943,0.7597077721960781,0.935791015625
4011,92.84243726730347,108,107,0.01806087399251748,0.6410803327129947,0.955810546875
4012,32.92109817266464,40,39,0.018042813118524962,0.5555921539664268,0.29296875
4013,41.90329897403717,45,44,0.01802477030540644,0.7916051129500071,0.393310546875
4014,79.37427020072937,89,88,0.01800674553510103,0.6819836005903361,0.904296875
4015,86.43114787340164,93,92,0.01798873878956593,0.6207760083739475,0.812255859375
4016,9.96848976612091,12,11,0.017970750050776366,0.7972030664483706,0.14404296875
4017,29.27560567855835,32,31,0.01795277930072559,0.6154717314057052,0.280517578125
4018,15.7755446434021,18,17,0.017934826521424863,0.5874836535917388,0.123291015625
4019,80.95772099494934,95,94,0.017916891694903438,0.6279972234054616,0.708984375
4020,45.89739990234375,49,48,0.017898974803208532,0.6732288161102606,0.399169921875
4021,44.29617083072662,48,47,0.017881075828405323,0.7597152620243529,0.41064453125
4022,78.23894295096397,84,84,0.017863194752576916,0.6521591969898769,0.943603515625
4023,113.08908326923847,140,140,0.017845331557824338,0.7126546927328621,0.9541015625
4024,92.02043806016445,101,101,0.017827486226266512,0.6943141401256665,0.953857421875
4025,32.99272257089615,36,35,0.017809658740040247,0.7030646192530791,0.26318359375
4026,26.847173273563385,30,29,0.017791849081300208,0.9532682503263156,0.27978515625
4027,88.07882237434387,103,102,0.017774057232218907,0.7796679327933533,0.93798828125
4028,11.95905315876007,14,13,0.017756283174986686,0.747279018163681,0.11962890625
4029,103.10483312606812,133,133,0.0177385268918117,0.720176108237496,0.951171875
4030,83.9416589140892,93,92,0.017720788364919887,0.6265417791662677,0.696533203125
4031,81.13515488803387,111,111,0.017703067576554966,0.6863262511051453,0.93798828125
4032,85.8368468284607,96,96,0.01768536450897841,0.7006663315308591,0.955322265625
4033,121.87448644638062,141,140,0.01766767914446943,0.6889417960922769,0.96728515625
4034,13.868602275848389,16,15,0.017650011465324963,0.7874816972762346,0.124755859375
4035,11.842081904411316,14,13,0.017632361453859637,0.5201545618474483,0.073974609375
4036,101.86291697621346,113,113,0.017614729092405777,0.7994804042103016,0.961181640625
4037,39.95574086904526,44,43,0.01759711436331337,0.639100806279616,0.5087890625
4038,82.067926004529,103,103,0.017579517248950054,0.6730853919554682,0.951904296875
4039,91.84894660115242,105,104,0.017561937731701106,0.744941755987349,0.868896484375
4040,13.901581764221191,16,15,0.017544375793969405,0.5115554640069604,0.0986328125
4041,9.97458267211914,12,11,0.017526831418175435,1.015423484146595,0.07080078125
4042,41.23115020990372,45,44,0.01750930458675726,0.5862144961953163,0.6318359375
4043,29.41193151473999,32,31,0.017491795282170503,0.5131187769584358,0.202880859375
4044,89.49543549120426,112,112,0.017474303486888332,0.6824057828634977,0.97314453125
4045,39.57302248477936,43,42,0.017456829183401443,0.6165953153787658,0.355224609375
4046,38.73875904083252,43,42,0.017439372354218042,0.6491780187501464,0.3857421875
4047,38.78870087862015,42,41,0.017421932981863824,0.7674188965133258,0.27587890625
4048,13.827549993991852,16,15,0.01740451104888196,0.5473596178926528,0.119384765625
4049,49.443355679512024,54,53,0.017387106537833076,0.6205745331115193,0.268310546875
4050,79.32351171970367,85,84,0.01736971943129524,0.7154473681660259,0.520263671875
4051,32.98597061634064,37,36,0.017352349711863946,0.7642532933402706,0.26708984375
4052,18.851963758468628,21,20,0.01733499736215208,0.7582244660173144,0.1806640625
4053,4.937504589557648,7,6,0.01731766236478993,0.7240889711039407,0.04150390625
4054,103.58067235350609,122,121,0.017300344702425138,0.5907841483589078,0.892578125
4055,33.20342993736267,37,36,0.017283044357722713,0.8254036597303442,0.22412109375
4056,89.53339741379023,108,108,0.01726576131336499,0.5981424685429644,0.972412109375
4057,35.06142872571945,38,37,0.017248495552051626,0.5375530119789275,0.203125
4058,20.56176269054413,23,22,0.017231247056499574,0.6945642498524293,0.18115234375
4059,95.21724459528923,106,106,0.017214015809443074,0.6095927647262249,0.95263671875
4060,46.55344873666763,51,50,0.017196801793633632,0.6036604654555228,0.486328125
4061,116.0077715665102,131,131,0.01717960499184,0.5465473350677782,0.981201171875
4062,1.0,3,2,0.01716242538684816,1.1024644374847412,0.0
4063,8.774480879306793,11,10,0.01714526296146131,0.6229904673316262,0.0966796875
4064,107.7028172314167,127,127,0.01712811769849985,0.5853566299155941,0.9599609375
4065,42.49162411689758,46,45,0.01711098958080135,0.620569003664929,0.338134765625
4066,96.80120196938515,115,114,0.01709387859122055,0.6393518394750097,0.9091796875
4067,86.39076256752014,105,105,0.01707678471262933,0.6145573623123624,0.969970703125
4068,1.0,3,2,0.017059707927916702,0.38565515478452045,0.01416015625
4069,36.58995920419693,40,39,0.017042648219988785,0.6458056110888719,0.20849609375
4070,104.54162058234215,128,128,0.017025605571768795,0.6520050469553098,0.931884765625
4071,94.66827511787415,114,114,0.017008579966197025,0.7175142827786898,0.967529296875
4072,87.1416689902544,106,106,0.01699157138623083,0.6585592565671453,0.978271484375
4073,92.01719991862774,115,115,0.016974579814844598,0.7089304495116938,0.95458984375
4074,83.51118901371956,100,99,0.016957605235029753,0.7393066938221454,0.854736328125
4075,20.541196942329407,23,22,0.016940647629794723,0.6811287338319032,0.227783203125
4076,19.68945026397705,22,21,0.01692370698216493,0.5163532993332907,0.1494140625
4077,36.36490499973297,39,38,0.016906783275182764,0.6311462567402766,0.311279296875
4078,21.894171357154846,24,23,0.016889876491907582,0.6630610910554727,0.14697265625
4079,11.820584535598755,14,13,0.016872986615415676,0.5729920119047165,0.126708984375
4080,65.84759271144867,74,73,0.01685611362880026,0.7462607734912151,0.453857421875
4081,96.92649486660957,113,113,0.01683925751517146,0.7773152943206044,0.961181640625
4082,12.435227632522583,15,14,0.01682241825765629,0.595581974585851,0.093017578125
4083,77.73288035392761,95,94,0.016805595839398633,0.7056007041742928,0.87646484375
4084,86.15485829114914,97,96,0.016788790243559233,0.7258499127995107,0.714111328125
4085,68.35958909988403,74,73,0.016772001453315675,0.6614209175915331,0.70166015625
4086,15.47203677892685,18,17,0.01675522945186236,0.7756220483117633,0.12451171875
4087,61.574289083480835,67,66,0.016738474222410496,0.7185028236526162,0.48583984375
4088,12.821806073188782,15,14,0.016721735748188086,0.6379529923200608,0.070556640625
4089,70.06450134515762,76,75,0.016705014012439897,0.7400751943258863,0.635498046875
4090,102.02456121146679,128,128,0.016688308998427458,0.6551956726470962,0.96240234375
4091,113.62968602776527,139,139,0.01667162068942903,0.6702831325342329,0.956298828125
4092,43.56316775083542,47,46,0.0166549490687396,0.6944203066064957,0.366943359375
4093,88.8692384660244,109,108,0.01663829411967086,0.7339439955326396,0.97900390625
4094,11.762015879154205,14,13,0.01662165582555119,0.5819571891001293,0.135498046875
4095,19.646671056747437,22,21,0.016605034169725637,0.6960818875919689,0.18896484375
4096,74.08124524354935,81,80,0.016588429135555912,0.770780791471034,0.588134765625
4097,51.592637717723846,60,59,0.016571840706420357,0.6636485370496908,0.41064453125
4098,117.75486174225807,149,149,0.016555268865713936,0.6789838566676082,0.9150390625
4099,6.986122488975525,9,8,0.016538713596848224,0.6529196401437124,0.056640625
4100,104.03174990415573,118,117,0.016522174883251375,0.6877261252473976,0.81298828125
4101,33.25312942266464,38,37,0.016505652708368124,0.5969360200198073,0.344482421875
4102,86.0625262260437,94,93,0.016489147055659757,0.6491312483682278,0.7392578125
4103,24.612390458583832,27,26,0.016472657908604096,0.6184724216107969,0.180419921875
4104,82.06374651193619,98,97,0.016456185250695494,0.6854564720118532,0.9375
4105,111.09119945764542,132,132,0.0164397290654448,0.6485321863808415,0.953369140625
4106,58.24039828777313,62,61,0.016423289336379356,0.6647491152248075,0.5830078125
4107,79.56836143136024,90,90,0.016406866047042976,0.650162058778935,0.972412109375
4108,50.83454465866089,58,57,0.016390459180995933,0.7276129062319624,0.55029296875
4109,0.0,2,1,0.016374068721814936,0.44230854511260986,0.0048828125
4110,36.26719504594803,39,38,0.01635769465309312,0.6545597479129449,0.279541015625
4111,39.636660397052765,43,42,0.016341336958440027,0.7194907869710478,0.298095703125
4112,93.38056400418282,117,117,0.016324995621481587,0.6777163349155687,0.975830078125
4113,21.654807209968567,24,23,0.016308670625860104,0.76939247486492,0.14453125
4114,19.674172341823578,22,21,0.016292361955234244,0.5667366500605237,0.187255859375
4115,59.190167129039764,64,63,0.01627606959327901,0.6534211153630167,0.385986328125
4116,90.68846347928047,112,112,0.016259793523685732,0.6131802568478244,0.90771484375
4117,91.89925846457481,107,107,0.016243533730162046,0.6358987303259217,0.953369140625
4118,115.23175306618214,140,140,0.016227290196431883,0.6468140697904996,0.952392578125
4119,25.535586297512054,28,27,0.01621106290623545,0.4921251724341086,0.251220703125
4120,57.5735924243927,62,61,0.016194851843329215,0.6196866468075783,0.564697265625
4121,3.9415659308433533,6,5,0.016178656991485886,0.9254176914691925,0.02685546875
4122,101.13936468958855,124,123,0.0161624783344944,0.6277930917999437,0.80517578125
4123,79.34490603208542,90,89,0.016146315856159905,0.6030438100298245,0.67138671875
4124,36.924568474292755,40,39,0.016130169540303746,0.6661062382161618,0.2548828125
4125,7.895784616470337,10,9,0.01611403937076344,0.5999235846102238,0.049072265625
4126,109.25625002384186,132,132,0.016097925331392676,0.6370938556889693,0.887939453125
4127,106.59496856480837,129,129,0.016081827406061285,0.6273160030444463,0.97509765625
4128,84.04533277451992,96,96,0.016065745578655224,0.6653526659744481,0.97021484375
4129,90.41668567061424,116,116,0.01604967983307657,0.616094107386367,0.950927734375
4130,42.054750978946686,46,45,0.016033630153243494,0.6626357073369233,0.32421875
4131,91.04980280995369,106,106,0.01601759652309025,0.6315737569810085,0.9765625
4132,14.594869017601013,17,16,0.01600157892656716,0.6129175433341194,0.072265625
4133,76.25095933675766,82,81,0.01598557734764059,0.6467527191086513,0.503662109375
4134,24.39263516664505,27,26,0.01596959177029295,0.7641030820431532,0.17822265625
4135,92.86057000607252,107,107,0.015953622178522656,0.6120974858787572,0.94775390625
4136,20.77895486354828,23,22,0.015937668556344133,0.51608212551345,0.1220703125
4137,37.11270785331726,40,39,0.01592173088778779,0.6312665801495314,0.327392578125
4138,23.502530992031097,26,25,0.015905809156900003,0.544932039311299,0.10986328125
4139,70.08895218372345,76,75,0.015889903347743102,0.6287845784896299,0.5888671875
4140,46.70059251785278,50,49,0.01587401344439536,0.663645730316639,0.35791015625
4141,44.96489202976227,49,48,0.015858139430950966,0.7618014648252603,0.42626953125
4142,82.71315532922745,90,89,0.015842281291520016,0.5978535884784327,0.8623046875
4143,106.75624614953995,129,128,0.015826439010228496,0.6016656903679981,0.924560546875
4144,97.33697220683098,124,124,0.01581061257121827,0.6431751677225674,0.9833984375
4145,50.20674216747284,54,53,0.01579480195864705,0.5638828995051207,0.4169921875
4146,85.33172049373388,113,113,0.015779007156688403,0.741527443702242,0.963134765625
4147,48.59189838171005,54,53,0.015763228149531714,0.5492494876186053,0.51953125
4148,86.9826101064682,101,100,0.01574746492138218,0.6713783775668333,0.760498046875
4149,38.157906115055084,42,41,0.0157317174564608,0.7172387611298334,0.4013671875
4150,7.9791370034217834,10,9,0.01571598573900434,0.6254844605922699,0.04736328125
4151,3.0,5,4,0.015700269753265335,0.5836593717336654,0.02734375
4152,22.24623566865921,25,24,0.01568456948351207,0.5886472997069359,0.225830078125
4153,14.710606932640076,17,16,0.01566888491402856,0.6780175934819614,0.0546875
4154,111.66847436130047,130,130,0.01565321602911453,0.6790833047949351,0.9697265625
4155,35.86713171005249,41,40,0.015637562813085416,0.721147745847702,0.286376953125
4156,53.71994572877884,60,59,0.01562192525027233,0.6310781704882781,0.51171875
4157,19.90079826116562,22,21,0.015606303325022058,0.5634205381978642,0.166259765625
4158,21.81926304101944,24,23,0.015590697021697035,0.46343485700587433,0.12744140625
4159,16.62903869152069,19,18,0.015575106324675339,0.6847678171960931,0.22998046875
4160,44.456442296504974,48,47,0.015559531218350664,0.6221250938251615,0.317138671875
4161,6.974619805812836,9,8,0.015543971687132313,0.5777058104674021,0.11376953125
4162,45.59669816493988,50,49,0.015528427715445181,0.5659603902697563,0.29638671875
4163,52.769196927547455,60,59,0.015512899287729736,0.6422074968616168,0.462158203125
4164,90.56067492067814,114,114,0.015497386388442006,0.6463110841679991,0.951416015625
4165,71.50104486942291,80,79,0.015481889002053564,0.6418991206213832,0.697021484375
4166,1.0,3,2,0.01546640711305151,0.5504289269447327,0.0
4167,70.4160284101963,87,87,0.015450940705938459,0.6367048298319181,0.955322265625
4168,21.533207535743713,24,23,0.01543548976523252,0.7094016137222449,0.170654296875
4169,87.07543370127678,101,101,0.015420054275467287,0.6699216014677936,0.981689453125
4170,91.09468780457973,106,106,0.015404634221191819,0.6570295292602958,0.9697265625
4171,53.763114392757416,59,58,0.015389229586970627,0.638898570658797,0.460205078125
4172,89.90986178815365,109,109,0.015373840357383657,0.6096843517974976,0.960205078125
4173,17.731222212314606,20,19,0.015358466517026274,0.6714924395084381,0.156982421875
4174,43.786090552806854,50,49,0.015343108050509247,0.7150769644975662,0.3642578125
4175,84.24414562433958,112,112,0.015327764942458738,0.6417301201394626,0.96728515625
4176,58.153691828250885,65,64,0.01531243717751628,0.739856806397438,0.56884765625
4177,113.26957541704178,133,133,0.015297124740338763,0.7391560994144669,0.951904296875
4178,45.38101768493652,52,51,0.015281827615598424,0.7558695312875968,0.322998046875
4179,38.28069806098938,41,40,0.015266545787982826,0.7049105356379253,0.387451171875
4180,47.90119445323944,55,54,0.015251279242194844,0.6428490310907364,0.33447265625
4181,8.966281056404114,11,10,0.015236027962952649,0.603826182809743,0.06591796875
4182,2.9932256937026978,5,4,0.015220791934989696,0.5222820103168487,0.066162109375
4183,95.499736584723,114,114,0.015205571143054706,0.7647728970960567,0.951904296875
4184,103.33411347866058,119,119,0.01519036557191165,0.6676211541815966,0.947509765625
4185,27.750326097011566,30,29,0.01517517520633974,0.7091934318343799,0.259521484375
4186,1.0,3,2,0.0151600000311334,0.6907431979974111,0.0205078125
4187,85.42875814437866,97,96,0.015144840031102266,0.759653118851873,0.8857421875
4188,102.32362772524357,119,119,0.015129695191071164,0.7624282331025901,0.9775390625
4189,7.944545269012451,10,9,0.015114565495880094,0.7065629348158836,0.070556640625
4190,109.13106758147478,136,136,0.015099450930384214,0.8069090130464995,0.9609375
4191,33.32173788547516,36,35,0.01508435147945383,0.7864408037728734,0.3291015625
4192,34.68681883811951,38,37,0.015069267127974377,0.8276128137582227,0.287353515625
4193,96.80055403709412,112,112,0.015054197860846403,0.6689981039879578,0.974365234375
4194,89.15524365007877,112,112,0.015039143662985557,0.7796099686196872,0.969482421875
4195,22.615689873695374,25,24,0.015024104519322571,0.6910235244035721,0.13330078125
4196,3.9656466841697693,6,5,0.015009080414803248,0.8297583361466726,0.028564453125
4197,94.2881563231349,118,118,0.014994071334388445,0.7558013276528504,0.96728515625
4198,68.27554154396057,74,73,0.014979077263054056,0.7710663325883247,0.5625
4199,2.992025315761566,5,4,0.014964098185791003,1.012576949596405,0.0361328125
4200,9.900363504886627,12,11,0.014949134087605212,0.6335236777861913,0.0634765625
4201,106.80673268437386,135,135,0.014934184953517607,0.7077087232360133,0.96875
4202,94.7941243648529,103,102,0.01491925076856409,0.7879571624606558,0.642822265625
4203,42.30046170949936,46,45,0.014904331517795525,0.8240634536613589,0.36328125
4204,56.01333200931549,60,59,0.01488942718627773,0.8010510618487994,0.50439453125
4205,107.51872389018536,137,137,0.014874537759091451,0.7897624106955354,0.952392578125
4206,40.106636703014374,44,43,0.014859663221332359,0.754843317988244,0.40478515625
4207,102.71855977922678,132,132,0.014844803558111026,0.8097550698527785,0.940673828125
4208,0.0,2,1,0.014829958754552916,0.45707598328590393,0.0
4209,7.98816305398941,10,9,0.014815128795798363,0.5806490361690522,0.056884765625
4210,16.86935782432556,19,18,0.014800313667002565,0.8641297268240076,0.145263671875
4211,32.8429816365242,37,36,0.014785513353335562,0.6576087704381427,0.24267578125
4212,50.86733937263489,55,54,0.014770727839982227,0.8558152648535642,0.68994140625
4213,24.742542803287506,27,26,0.014755957112142245,0.7216953105396695,0.15966796875
4214,78.49069273471832,93,92,0.014741201155030102,0.7507626569719725,0.6533203125
4215,85.12153244018555,95,94,0.014726459953875072,0.791266737564614,0.686279296875
4216,98.85121035575867,115,115,0.014711733493921197,0.8230152447586474,0.917236328125
4217,105.89541801065207,127,127,0.014697021760427276,0.8136734494308787,0.97314453125
4218,25.25782948732376,28,27,0.014682324738666848,0.7599979969007629,0.257080078125
4219,36.79769289493561,40,39,0.014667642413928181,0.8100955747067928,0.409912109375
4220,80.43202440440655,107,107,0.014652974771514253,0.7858015538376069,0.9384765625
4221,50.9128583073616,57,56,0.014638321796742739,0.8429914799175764,0.47021484375
4222,94.84615916013718,108,107,0.014623683474945996,0.7414056017167039,0.82568359375
4223,15.611023604869843,18,17,0.014609059791471049,0.7724649343225691,0.10205078125
4224,105.9424491673708,121,121,0.014594450731679578,0.827869908930349,0.935791015625
4225,90.59427770972252,106,106,0.014579856280947899,0.8061900313170451,0.9033203125
4226,2.750768303871155,5,4,0.014565276424666951,0.8373110175132752,0.0126953125
4227,67.88498544692993,77,76,0.014550711148242284,0.7576094726463417,0.516357421875
4228,88.49946857988834,104,104,0.014536160437094041,0.7562484027674565,0.9677734375
4229,58.90080004930496,67,66,0.014521624276656948,0.8403892212394458,0.447021484375
4230,64.63485085964203,71,70,0.014507102652380291,0.886564331470241,0.623291015625
4231,43.352315068244934,48,47,0.014492595549727911,0.6769421799108386,0.39501953125
4232,72.31653422117233,84,83,0.014478102954178184,0.7820010053969565,0.791259765625
4233,46.82842344045639,51,50,0.014463624851224006,0.8501518812834048,0.347900390625
4234,108.74175991863012,129,129,0.014449161226372782,0.7801325808084288,0.9755859375
4235,110.88376691937447,125,125,0.01443471206514641,0.8233330790996551,0.988037109375
4236,1.0,3,2,0.014420277353081263,0.38839579621950787,0.021240234375
4237,101.09349071979523,121,121,0.014405857075728182,0.8320500931956551,0.927734375
4238,9.907635748386383,12,11,0.014391451218652453,0.8758411904176077,0.081298828125
4239,26.686465680599213,29,28,0.014377059767433802,0.7632370210927109,0.3515625
4240,88.51259835064411,117,117,0.014362682707666368,0.8467257723339603,0.947021484375
4241,99.96130096912384,123,123,0.014348320024958701,0.8467420663654319,0.93896484375
4242,79.90676128864288,92,91,0.014333971704933742,0.7765986174345016,0.602783203125
4243,2.0,4,3,0.014319637733228809,0.5428706370294094,0.07568359375
4244,0.0,2,1,0.01430531809549558,1.284633457660675,0.001708984375
4245,44.495354533195496,49,48,0.014291012777400084,0.8611998977709789,0.33740234375
4246,10.75158178806305,13,12,0.014276721764622684,0.7446307012668023,0.1328125
4247,116.32029023766518,140,140,0.014262445042858061,0.8758010872772761,0.97265625
4248,94.39214883744717,112,112,0.014248182597815203,0.7357811315783432,0.947265625
4249,13.77284550666809,16,15,0.014233934415217388,0.8314687293022871,0.128662109375
4250,91.39631086587906,109,109,0.01421970048080217,0.9415788014820956,0.966064453125
4251,98.08636463433504,118,118,0.014205480780321368,0.851210658959413,0.95556640625
4252,7.874588370323181,10,9,0.014191275299541046,0.9584384739398957,0.046875
4253,109.43415775895119,130,130,0.014177084024241506,0.8162317980940526,0.928466796875
4254,94.21630251407623,111,111,0.014162906940217265,0.8724521883167662,0.95947265625
4255,86.27278833836317,105,105,0.014148744033277047,0.8350878899296125,0.97265625
4256,58.22685533761978,66,65,0.014134595289243771,0.7826115213560335,0.63818359375
4257,0.0,2,1,0.014120460693954527,0.6576666533946991,0.003173828125
4258,29.056741952896118,32,31,0.014106340233260573,1.0084716663695872,0.19970703125
4259,120.32643489539623,146,146,0.014092233893027313,0.8366047224565728,0.9638671875
4260,93.58559294044971,112,112,0.014078141659134286,0.8408932024613023,0.971435546875
4261,94.30467022955418,108,108,0.014064063517475151,0.8565917633197926,0.964599609375
4262,21.57746136188507,24,23,0.014049999453957676,0.9052767952283224,0.211181640625
4263,30.034202992916107,33,32,0.014035949454503718,0.890041916659384,0.241943359375
4264,58.0349046587944,64,63,0.014021913505049215,0.8788963207043707,0.42529296875
4265,102.37462031841278,116,115,0.014007891591544166,0.8578818347947351,0.83740234375
4266,105.80313697457314,121,121,0.013993883699952622,0.9273198727241232,0.9619140625
4267,128.1736669242382,154,154,0.01397988981625267,0.8731824737284091,0.980224609375
4268,75.46850794553757,86,85,0.013965909926436417,0.8983433426812638,0.720947265625
4269,77.672856092453,89,88,0.013951944016509982,1.0058548005109422,0.77880859375
4270,87.96972993016243,100,99,0.013937992072493471,0.9603026090562343,0.9267578125
4271,108.57141943275928,134,134,0.013924054080420977,0.925352533361805,0.935791015625
4272,22.7082821726799,25,24,0.013910130026340556,1.0547188854217528,0.188720703125
4273,85.01890733838081,102,102,0.013896219896314215,0.8703014646090713,0.970458984375
4274,1.0,3,2,0.013882323676417901,1.3912609020868938,0.017822265625
4275,1.0,3,2,0.013868441352741484,1.1587638060251872,0.041259765625
4276,106.05201154947281,129,129,0.013854572911388743,0.8938353173723517,0.982177734375
4277,66.4310955107212,82,82,0.013840718338477354,0.8304801059932243,0.966796875
4278,109.48164770752192,134,134,0.013826877620138877,0.9095200780612319,0.9482421875
4279,35.186502516269684,38,37,0.013813050742518738,0.9411742946034983,0.369873046875
4280,131.2542413622141,159,158,0.013799237691776219,0.8684896870791537,0.9345703125
4281,45.831759333610535,50,49,0.013785438454084442,0.864058084487915,0.39697265625
4282,90.44905130565166,107,107,0.013771653015630358,0.9128298475363544,0.934814453125
4283,116.68546012043953,142,142,0.013757881362614728,0.9088439652827424,0.970458984375
4284,29.385806918144226,32,31,0.013744123481252113,1.0244447849690914,0.246826171875
4285,60.07495027780533,64,63,0.01373037935777086,0.7444345143157989,0.39599609375
4286,16.98374092578888,19,18,0.01371664897841309,1.075174640668066,0.2255859375
4287,93.99271714687347,108,108,0.013702932329434677,0.9398512576741201,0.970458984375
4288,90.09118357300758,112,112,0.013689229397105242,0.8318902561441064,0.965576171875
4289,59.77801388502121,67,66,0.013675540167708137,0.8345508150645157,0.43603515625
4290,86.36174666881561,113,113,0.013661864627540429,0.9203763387899483,0.93359375
4291,5.956267356872559,8,7,0.013648202762912889,0.7440839037299156,0.11181640625
4292,99.28010588884354,120,120,0.013634554560149977,0.9598259871204694,0.95068359375
4293,81.33381110429764,95,95,0.013620920005589827,0.8523282055792055,0.956298828125
4294,110.60020831227303,124,124,0.013607299085584237,0.9360884138413014,0.986328125
4295,8.9856516122818,11,10,0.013593691786498652,1.0712430693886497,0.091552734375
4296,108.50295075774193,122,122,0.013580098094712154,0.9143911950656625,0.960205078125
4297,5.983433425426483,8,7,0.013566517996617442,1.0675844177603722,0.041259765625
4298,103.88385690003633,124,124,0.013552951478620824,0.997751870583142,0.927978515625
4299,93.9252958893776,115,114,0.013539398527142203,0.9780890625456106,0.944580078125
4300,70.6735372543335,76,75,0.01352585912861506,0.9606007196401295,0.5751953125
4301,53.04195159673691,58,57,0.013512333269486445,0.9596201479434967,0.364013671875
4302,19.681627333164215,22,21,0.013498820936216958,0.9835273813117634,0.182861328125
4303,61.96774810552597,68,67,0.01348532211528074,0.9000633545219898,0.565673828125
4304,106.45337584614754,139,138,0.01347183679316546,0.9234254526363003,0.9326171875
4305,98.92357844114304,114,113,0.013458364956372294,0.8871484357014037,0.896484375
4306,59.00103962421417,64,63,0.013444906591415923,0.8182720723561943,0.50634765625
4307,35.57151621580124,40,39,0.013431461684824507,0.8931962415575981,0.3564453125
4308,92.02515876293182,109,109,0.013418030223139681,0.9659154810216448,0.951171875
4309,10.8450146317482,13,12,0.013404612192916542,0.8719137769479018,0.09326171875
4310,1.9907296299934387,4,3,0.013391207580723626,0.6031812727451324,0.00390625
4311,94.9509309232235,110,110,0.013377816373142903,0.9097171065482226,0.892822265625
4312,37.184968292713165,40,39,0.01336443855676976,0.8797076508402825,0.385986328125
4313,40.03493332862854,43,42,0.01335107411821299,0.8636376642903616,0.25537109375
4314,103.39608974009752,123,123,0.013337723044094777,0.8745587571122782,0.92138671875
4315,88.12091163545847,110,110,0.013324385321050682,0.8581265511837872,0.97119140625
4316,36.07749271392822,39,38,0.01331106093572963,0.90146325643246,0.4150390625
4317,11.57973963022232,14,13,0.013297749874793902,0.817850336432457,0.07958984375
4318,92.17117642611265,119,119,0.013284452124919108,0.7969073054670286,0.96044921875
4319,9.858289361000061,12,11,0.013271167672794189,1.0121434678634007,0.06884765625
4320,35.8164137005806,39,38,0.013257896505121394,1.0279475488723853,0.2578125
4321,20.765281796455383,23,22,0.013244638608616273,0.8650772791841755,0.164306640625
4322,40.24552780389786,43,42,0.013231393970007657,0.8006357415470966,0.346435546875
4323,112.81495502591133,131,131,0.013218162576037648,0.8917732806378649,0.9111328125
4324,84.63589516282082,95,95,0.01320494441346161,0.8119191089743062,0.855224609375
4325,93.04173997044563,107,107,0.013191739469048148,0.867939884765683,0.974365234375
4326,11.946762502193451,14,13,0.0131785477295791,0.837708347610065,0.12841796875
4327,1.0,3,2,0.013165369181849521,0.992150882879893,0.02490234375
4328,83.09979569911957,90,89,0.013152203812667672,0.8676801656683286,0.778564453125
4329,55.66534644365311,64,63,0.013139051608855005,0.8168527837842703,0.41015625
4330,109.18220537900925,139,139,0.01312591255724615,0.8229225573779868,0.9609375
4331,82.90062582492828,104,104,0.013112786644688904,0.8700029004651767,0.97314453125
4332,2.0,4,3,0.013099673858044215,1.1155179738998413,0.037353515625
4333,100.98242150247097,123,123,0.01308657418418617,0.9096243478418365,0.976318359375
4334,105.79929746687412,128,128,0.013073487610001983,0.8015841381857172,0.960693359375
4335,98.31009313464165,112,112,0.013060414122391981,0.8796468812174031,0.967529296875
4336,89.01471212506294,99,99,0.01304735370826959,0.8564246379666858,0.935302734375
4337,0.0,2,1,0.01303430635456132,1.2849792838096619,0.01611328125
4338,28.053392708301544,31,30,0.013021272048206758,0.8517743541348365,0.266845703125
4339,17.460499048233032,20,19,0.013008250776158551,0.7809132531285286,0.09619140625
4340,30.162585496902466,33,32,0.012995242525382393,0.9022497823744109,0.189697265625
4341,13.0,15,14,0.012982247282857011,0.9497032443682353,0.100341796875
4342,24.682033360004425,27,26,0.012969265035574154,0.8505925756913645,0.266357421875
4343,5.97673898935318,8,7,0.012956295770538579,0.8520742543041706,0.090087890625
4344,15.923524379730225,18,17,0.01294333947476804,0.6127258638540903,0.159423828125
4345,77.47278714179993,85,84,0.012930396135293273,0.815229845923536,0.5966796875
4346,0.0,2,1,0.01291746573915798,0.2794240787625313,0.00732421875
4347,102.62989981472492,123,123,0.012904548273418822,0.9143429577229468,0.910888671875
4348,52.15217751264572,58,57,0.012891643725145403,0.7719135209918022,0.388671875
4349,88.9226455539465,103,103,0.012878752081420258,0.8461835643330824,0.940673828125
4350,110.37701926380396,131,131,0.012865873329338837,0.8992486542645302,0.961181640625
4351,71.97148370742798,82,81,0.012853007456009499,0.8637027487885661,0.712646484375
4352,107.00150164961815,132,131,0.012840154448553489,0.8551029929834785,0.859130859375
4353,17.65710735321045,20,19,0.012827314294104936,0.8326127469539643,0.099609375
4354,81.71500733494759,97,96,0.012814486979810831,0.8404678444272464,0.900634765625
4355,35.29506570100784,38,37,0.01280167249283102,0.7957497497922495,0.28173828125
4356,108.09152367711067,131,131,0.01278887082033819,0.8380944939287565,0.93994140625
4357,116.89869600534439,142,142,0.012776081949517853,0.7930795905560675,0.94677734375
4358,103.60861422866583,120,120,0.012763305867568336,0.8336294082303842,0.9677734375
4359,14.853800892829895,17,16,0.012750542561700768,0.8427837648812462,0.115478515625
4360,17.85657823085785,20,19,0.012737792019139067,0.8651146978139878,0.168701171875
4361,96.4377098530531,125,125,0.012725054227119928,0.8201464189291,0.936279296875
4362,58.0828832089901,71,70,0.012712329172892809,0.8000633607447987,0.828125
4363,87.15861102193594,107,107,0.012699616843719915,0.8273790098517855,0.968994140625
4364,92.52593184262514,106,106,0.012686917226876196,0.7966176762052302,0.949462890625
4365,96.93855199217796,111,111,0.01267423030964932,0.8427191984143343,0.9755859375
4366,17.896666944026947,20,19,0.012661556079339671,0.8737245619297027,0.154296875
4367,93.56213709712029,127,126,0.012648894523260332,0.9479168796633172,0.916259765625
4368,6.0,8,7,0.012636245628737072,0.9351510927081108,0.10693359375
4369,101.30386893451214,123,123,0.012623609383108334,0.8229077271814269,0.94384765625
4370,60.12398135662079,72,71,0.012610985773725226,0.8552956479705043,0.7353515625
4371,42.411686062812805,46,45,0.012598374787951502,0.8492289263269176,0.42431640625
4372,88.83587977290154,100,100,0.01258577641316355,0.7851400797069072,0.952880859375
4373,81.62370572984219,92,92,0.012573190636750387,0.800664691173512,0.9453125
4374,32.625637233257294,36,35,0.012560617446113637,0.8177837803959846,0.3740234375
4375,21.47617655992508,24,23,0.012548056828667524,0.6885854788124561,0.1982421875
4376,59.28673565387726,66,65,0.012535508771838856,0.9339962749544418,0.551513671875
4377,54.62860172986984,62,61,0.012522973263067018,0.8601159356053798,0.6953125
4378,72.53612953424454,79,78,0.012510450289803951,0.8689456699015219,0.55517578125
4379,93.41813380271196,118,118,0.012497939839514147,0.8790746472649655,0.927734375
4380,110.24238455295563,131,131,0.012485441899674633,0.789168095941307,0.973876953125
4381,100.07875879108906,119,119,0.012472956457774959,0.8349547708610526,0.944091796875
4382,66.00174444913864,72,71,0.012460483501317184,0.8331890855398443,0.482666015625
4383,37.241369009017944,41,40,0.012448023017815866,0.8321064906876262,0.3701171875
4384,104.66000090539455,128,128,0.01243557499479805,0.8464517613174394,0.955078125
4385,115.08820289373398,144,144,0.012423139419803253,0.8337265925171474,0.961181640625
4386,2.98918479681015,5,4,0.01241071628038345,1.2525686264038085,0.01611328125
4387,85.88062031567097,110,110,0.012398305564103066,0.9289294158870524,0.9521484375
4388,72.93327842652798,81,81,0.012385907258538963,0.8048754965449557,0.9501953125
4389,106.77577091753483,125,125,0.012373521351280423,0.8203200170993805,0.97705078125
4390,113.91929692029953,133,133,0.012361147829929142,0.8434409001716098,0.95458984375
4391,76.79318629205227,89,89,0.012348786682099213,0.8403744903508197,0.96484375
4392,85.21486330032349,111,111,0.012336437895417114,0.9033916371094214,0.916015625
4393,74.32476741075516,84,83,0.012324101457521696,0.9734104296990803,0.77734375
4394,100.91147738695145,112,111,0.012311777356064174,0.8190628706610629,0.7548828125
4395,81.86115020513535,89,88,0.01229946557870811,0.852568211515298,0.680419921875
4396,88.08514043688774,101,101,0.012287166113129402,0.8234998858211064,0.949462890625
4397,76.09279453754425,87,86,0.012274878947016272,0.8355234578765672,0.78515625
4398,84.24331644177437,95,95,0.012262604068069257,0.917189967318585,0.95703125
4399,76.1590918302536,84,83,0.012250341464001188,0.9229116187918753,0.730224609375
4400,17.94757378101349,20,19,0.012238091122537187,0.9289389953017235,0.174560546875
4401,70.42653739452362,77,76,0.012225853031414649,0.8568963474267489,0.592529296875
4402,34.619929015636444,38,37,0.012213627178383235,0.7948747547833543,0.216552734375
4403,88.8276738524437,124,124,0.012201413551204852,0.8255619196401488,0.93408203125
4404,109.4093552455306,127,127,0.012189212137653647,0.9171291187288254,0.959716796875
4405,19.648264586925507,22,21,0.012177022925515993,1.0261873596093871,0.126708984375
4406,14.839277386665344,17,16,0.012164845902590477,0.8720320428118986,0.11474609375
4407,99.07564961910248,112,112,0.012152681056687886,0.8742095050401986,0.95654296875
4408,101.92209486663342,121,121,0.012140528375631197,0.8834459458993487,0.941650390625
4409,5.9727975726127625,8,7,0.012128387847255567,0.8723650835454464,0.081787109375
4410,103.57921674102545,137,137,0.01211625945940831,0.840438407050432,0.96337890625
4411,90.6520871296525,110,110,0.012104143199948902,0.8947358369827271,0.94775390625
4412,97.58753886818886,117,117,0.012092039056748953,0.9179327117326932,0.946044921875
4413,89.24793362617493,120,120,0.012079947017692204,0.8882328707724809,0.94921875
4414,102.19504422694445,115,115,0.012067867070674513,0.8159686946350595,0.976318359375
4415,109.58024940639734,129,129,0.012055799203603838,0.8901167012924371,0.92626953125
4416,103.20176512748003,135,135,0.012043743404400235,0.9333634619359616,0.960693359375
4417,80.60073466598988,106,105,0.012031699660995834,0.9088200107216835,0.92431640625
4418,7.9709731340408325,10,9,0.012019667961334838,0.8750477075576782,0.12158203125
4419,55.646611630916595,61,60,0.012007648293373504,0.9374227899996961,0.37548828125
4420,84.86720779538155,95,95,0.01199564064508013,0.8825531961102234,0.973388671875
4421,94.15298321843147,105,104,0.01198364500443505,0.8413717987991515,0.973388671875
4422,89.55594612658024,102,102,0.011971661359430615,0.920758306249684,0.971923828125
4423,97.86484122276306,112,112,0.011959689698071185,0.9181849172871027,0.939208984375
4424,12.79955381155014,15,14,0.011947730008373113,0.8778606474399566,0.09716796875
4425,110.82539626955986,138,138,0.01193578227836474,0.912961288422778,0.92822265625
4426,100.86658638715744,111,111,0.011923846496086375,0.8076531640044203,0.97216796875
4427,81.0932759642601,90,89,0.01191192264959029,0.894406464530362,0.69921875
4428,1.0,3,2,0.0119000107269407,1.086920142173767,0.012451171875
4429,50.20599800348282,54,53,0.011888110716213759,0.9419085769741623,0.373779296875
4430,3.0,5,4,0.011876222605497545,1.019522839784622,0.00537109375
4431,35.00405693054199,38,37,0.011864346382892048,0.9101340670726801,0.357177734375
4432,45.31468027830124,49,48,0.011852482036509156,0.9820181970693627,0.409423828125
4433,114.98081914335489,133,133,0.011840629554472647,0.8676004558801651,0.98095703125
4434,114.02691860496998,147,147,0.011828788924918175,0.9141093170156285,0.966552734375
4435,74.98461501300335,96,96,0.011816960135993256,0.8094785303498307,0.937744140625
4436,74.06582808494568,82,81,0.011805143175857263,0.9434664507464665,0.62158203125
4437,124.02127135545015,152,152,0.011793338032681407,0.8605738163582588,0.97802734375
4438,67.55805921554565,74,73,0.011781544694648725,1.03278274632789,0.612548828125
4439,13.78137493133545,16,15,0.011769763149954076,1.2296842820942402,0.093505859375
4440,97.50877813994884,121,121,0.011757993386804121,0.950939337084116,0.9248046875
4441,115.2516520768404,149,149,0.011746235393417317,0.9370842175995744,0.9658203125
4442,129.75228488445282,149,149,0.0117344891580239,0.8979673604637184,0.941650390625
4443,69.61522173881531,76,75,0.011722754668865876,0.9604912956098193,0.610595703125
4444,7.95644599199295,10,9,0.01171103191419701,0.9573809236288071,0.059814453125
4445,92.71547608077526,110,110,0.011699320882282814,0.914170600880276,0.97509765625
4446,16.605095326900482,19,18,0.01168762156140053,1.0045703226014187,0.14697265625
4447,68.74818420410156,75,74,0.01167593393983913,0.9605269873142243,0.811279296875
4448,105.18149593472481,131,131,0.01166425800589929,0.9212355628495908,0.953369140625
4449,87.56502145528793,99,99,0.01165259374789339,0.9953579493243285,0.923095703125
4450,101.08203619718552,119,119,0.011640941154145497,0.991670933215558,0.94873046875
4451,86.78183430433273,95,94,0.01162930021299135,0.9831262472428773,0.8076171875
4452,88.93784698843956,100,100,0.01161767091277836,0.9830806881189347,0.95654296875
4453,115.7222266793251,148,148,0.011606053241865581,0.8729155198545069,0.926025390625
4454,62.84829103946686,69,68,0.011594447188623716,0.8725887351277946,0.64697265625
4455,31.11873072385788,34,33,0.011582852741435093,0.7796520279610858,0.235107421875
4456,34.60746216773987,38,37,0.011571269888693659,0.8822397291660309,0.392333984375
4457,106.7865596190095,139,139,0.011559698618804966,0.9048000681314537,0.9521484375
4458,117.74673472344875,142,142,0.011548138920186161,0.9746920339448352,0.9765625
4459,88.23492382466793,108,108,0.011536590781265975,0.9268377460539341,0.947509765625
4460,29.074486911296844,32,31,0.01152505419048471,0.954591634683311,0.226806640625
4461,12.890491485595703,15,14,0.011513529136294224,0.9070700565973918,0.156005859375
4462,85.55181524157524,106,106,0.011502015607157929,0.9387044051908097,0.928466796875
4463,100.970179438591,122,122,0.011490513591550771,0.970238379279121,0.96630859375
4464,107.22402493655682,135,135,0.01147902307795922,0.9243480247479898,0.9658203125
4465,130.03782331943512,155,155,0.01146754405488126,1.0232732708415677,0.96875
4466,1.0,3,2,0.011456076510826379,0.8767762382825216,0.0
4467,80.09387761354446,94,94,0.011444620434315551,0.9430244620493118,0.9580078125
4468,104.42734223604202,129,129,0.011433175813881235,0.9122505300035773,0.93896484375
4469,99.24325064569712,117,117,0.011421742638067355,0.9495377866630881,0.986328125
4470,89.28969863057137,105,105,0.011410320895429288,1.0056327165592285,0.95458984375
4471,10.898259341716766,13,12,0.011398910574533858,0.8590627358509944,0.108154296875
4472,2.989714205265045,5,4,0.011387511663959324,1.119210684299469,0.009521484375
4473,58.14173775911331,62,61,0.011376124152295365,0.9670078648674872,0.423583984375
4474,102.32436072826385,127,127,0.01136474802814307,0.9445311681726786,0.95068359375
4475,64.08136987686157,70,69,0.011353383280114928,0.997052954350199,0.589111328125
4476,84.3039221316576,100,100,0.011342029896834813,0.9249805395305156,0.96923828125
4477,97.83329766988754,118,118,0.011330687866937979,0.9703923587576818,0.962890625
4478,104.69753831624985,129,129,0.011319357179071041,1.0203410280767338,0.955078125
4479,95.0533850044012,106,106,0.011308037821891971,0.8855902164612176,0.97021484375
4480,9.0,11,10,0.01129672978407008,0.8230373994870619,0.07470703125
4481,94.8483000099659,108,107,0.011285433054286009,0.9652005737578427,0.886474609375
4482,2.896782696247101,5,4,0.011274147621231722,1.2545808672904968,0.07080078125
4483,93.9227385520935,111,111,0.01126287347361049,1.039779719334465,0.957275390625
4484,80.41626608371735,89,88,0.01125161060013688,0.9810765643468063,0.722412109375
4485,91.24265846610069,103,103,0.011240358989536743,0.9694724493813747,0.923828125
4486,92.07328087091446,103,102,0.011229118630547206,0.9783134846722038,0.747802734375
4487,72.5643960237503,77,76,0.011217889511916658,1.0143799735354138,0.634033203125
4488,5.0,7,6,0.011206671622404742,1.0178687827927726,0.022216796875
4489,86.3267372250557,102,102,0.011195464950782337,0.9335574979583422,0.9462890625
4490,114.13501723110676,136,136,0.011184269485831554,0.911170697716229,0.9375
4491,43.23468255996704,47,46,0.011173085216345722,0.9659687670621466,0.268310546875
4492,15.697184562683105,18,17,0.011161912131129376,0.8869246145089468,0.106689453125
4493,106.72031651437283,127,127,0.011150750218998246,0.9627732153483263,0.9609375
4494,87.88799366354942,116,116,0.011139599468779248,0.9626740670666613,0.94775390625
4495,83.78230464458466,98,98,0.01112845986931047,0.9940656511759272,0.955078125
4496,64.60306054353714,69,68,0.01111733140944116,1.0361880720525547,0.377197265625
4497,24.5211039185524,27,26,0.011106214078031718,0.9652689463562436,0.16845703125
4498,84.00561453402042,92,92,0.011095107863953686,1.0103507767552915,0.962890625
4499,16.641072928905487,19,18,0.011084012756089733,1.193719976826718,0.2685546875
4500,2.8904852867126465,5,4,0.011072928743333644,0.990991473197937,0.0361328125
4501,29.370843708515167,32,31,0.01106185581459031,0.9912688443437219,0.22412109375
4502,5.985970199108124,8,7,0.01105079395877572,1.0411630552262068,0.06689453125
4503,79.0839215517044,87,86,0.011039743164816944,0.9867034237617733,0.821044921875
4504,61.6857990026474,67,66,0.011028703421652127,0.9493771288821946,0.533447265625
4505,107.27007560431957,119,119,0.011017674718230475,1.0056020079039727,0.949462890625
4506,106.93247121572495,125,125,0.011006657043512244,0.964732964515686,0.976318359375
4507,1.9426934123039246,4,3,0.010995650386468731,0.5102971196174622,0.036376953125
4508,95.38054865598679,105,105,0.010984654736082263,0.9321974758590971,0.9521484375
4509,88.10065340995789,101,100,0.010973670081346181,0.9028685997323235,0.88818359375
4510,6.936560809612274,9,8,0.010962696411264836,0.9505848487218221,0.083740234375
4511,77.47821544110775,100,100,0.01095173371485357,0.9762356269359589,0.931396484375
4512,97.3431793153286,118,117,0.010940781981138717,0.9102540743553033,0.836181640625
4513,69.16719675064087,75,74,0.010929841199157578,1.021377106110255,0.674072265625
4514,3.9910842776298523,6,5,0.010918911357958421,1.2008131047089894,0.031494140625
4515,102.15155327320099,117,117,0.010907992446600463,1.006526074348352,0.974365234375
4516,70.21863918751478,83,83,0.010897084454153863,0.9401799846126373,0.97412109375
4517,102.09943003952503,140,140,0.01088618736969971,0.9630162977746555,0.962646484375
4518,97.97960098087788,117,117,0.010875301182330011,0.9884900381931891,0.96240234375
4519,72.2336251437664,86,85,0.010864425881147681,0.9387118934198867,0.850830078125
4520,91.9216451048851,103,103,0.010853561455266534,0.9223226598165568,0.97216796875
4521,85.95178952813148,97,97,0.010842707893811268,0.9964882087768968,0.9794921875
4522,92.32607758045197,101,100,0.010831865185917456,1.044637369637442,0.61767578125
4523,16.51422554254532,19,18,0.01082103332073154,1.1624119595477456,0.1650390625
4524,17.774067878723145,20,19,0.010810212287410808,0.9749052539467812,0.10009765625
4525,103.11489099264145,118,118,0.010799402075123397,0.9913983424588785,0.947998046875
4526,100.61637559533119,117,117,0.010788602673048273,1.048341241147783,0.942626953125
4527,126.74181946367025,168,168,0.010777814070375225,0.9748165261532579,0.956298828125
4528,51.40729910135269,58,57,0.01076703625630485,1.0237460336808502,0.401611328125
4529,83.20541752129793,104,104,0.010756269220048544,1.0002555533383901,0.95556640625
4530,88.82250082492828,101,100,0.010745512950828496,0.9717902808201195,0.799072265625
4531,72.53653579950333,77,76,0.010734767437877667,0.9920393290457787,0.603515625
4532,106.32170949876308,134,134,0.01072403267043979,1.0038889541999618,0.958984375
4533,41.16464126110077,44,43,0.01071330863776935,0.9270781356502663,0.3623046875
4534,19.90364682674408,22,21,0.010702595329131582,1.0037785213101993,0.194091796875
4535,116.93871781229973,136,136,0.01069189273380245,0.9414805608856327,0.983154296875
4536,115.16420283913612,133,133,0.010681200841068649,1.0778506016148661,0.96142578125
4537,93.22920157015324,103,103,0.01067051964022758,0.9882998187275767,0.959716796875
4538,81.35742397606373,98,98,0.010659849120587353,0.9477284894305833,0.957763671875
4539,105.36054619401693,126,126,0.010649189271466766,1.0312545519499552,0.960205078125
4540,97.94572082161903,122,122,0.0106385400821953,0.9603101094482375,0.971923828125
4541,98.75449761748314,125,125,0.010627901542113105,0.9770589711666107,0.94921875
4542,90.1506964713335,108,108,0.010617273640570992,0.9907747600917463,0.972412109375
4543,87.53296110033989,103,103,0.01060665636693042,1.0490175913838506,0.89990234375
4544,112.31787467002869,133,133,0.01059604971056349,1.025396839792567,0.971435546875
4545,101.59612955152988,119,119,0.010585453660852926,0.9700554509122833,0.984619140625
4546,26.389107942581177,29,28,0.010574868207192074,0.951536298825823,0.26025390625
4547,47.36933833360672,51,50,0.01056429333898488,1.0042901734511058,0.43359375
4548,94.09366384148598,114,114,0.010553729045645896,0.9687544210699567,0.953857421875
4549,75.97545832395554,84,84,0.01054317531660025,1.0139229659523283,0.982666015625
4550,99.12252037227154,121,121,0.01053263214128365,0.9798570590570939,0.90576171875
4551,44.286911845207214,51,50,0.010522099509142365,1.0087121473807914,0.4775390625
4552,93.8351559638977,103,102,0.010511577409633223,0.9574155419775583,0.697998046875
4553,75.92115907371044,91,91,0.010501065832223589,0.9787781854252239,0.939208984375
4554,84.7355030477047,96,96,0.010490564766391366,1.0002941987477243,0.96875
4555,50.87216705083847,55,54,0.010480074201624974,1.016221285950054,0.39404296875
4556,76.30540099740028,96,95,0.01046959412742335,0.9149410693595806,0.86181640625
4557,95.36641531437635,113,113,0.010459124533295927,0.9061869844398668,0.942138671875
4558,54.421531200408936,61,60,0.01044866540876263,0.97062356843323,0.4658203125
4559,99.83050259947777,118,117,0.010438216743353868,1.0010803306506852,0.813232421875
4560,82.71730750799179,95,95,0.010427778526610514,0.9091729070010938,0.933837890625
4561,101.66531130671501,126,126,0.010417350748083904,0.9604251395378794,0.927001953125
4562,0.0,2,1,0.01040693339733582,1.201632797718048,0.002197265625
4563,86.1714289560914,105,105,0.010396526463938485,0.9386504760810307,0.970947265625
4564,96.96397295594215,105,105,0.010386129937474547,0.9448547970680964,0.992431640625
4565,29.905692517757416,33,32,0.010375743807537072,0.9633030114751874,0.396484375
4566,20.623814284801483,23,22,0.010365368063729535,1.1051809813665308,0.148193359375
4567,77.57720535993576,84,84,0.010355002695665807,0.9616921380871818,0.972412109375
4568,93.77403090149164,113,113,0.010344647692970142,0.9936119083282167,0.951171875
4569,22.114629447460175,25,24,0.010334303045277172,0.8277479243278504,0.217529296875
4570,85.03989977389574,110,110,0.010323968742231895,0.9645213044502519,0.94677734375
4571,86.37246280908585,110,110,0.010313644773489663,0.96500351307067,0.952392578125
4572,47.14433914422989,54,53,0.010303331128716174,0.891034616916268,0.364501953125
4573,36.17383724451065,39,38,0.010293027797587458,1.0981129866379957,0.36181640625
4574,90.08498847484589,104,103,0.01028273476978987,0.9385658989732082,0.914306640625
4575,93.52294453978539,115,115,0.01027245203502008,0.9122373025054517,0.93212890625
4576,8.0,10,9,0.01026217958298506,1.0265565097332001,0.1650390625
4577,107.20341148972511,128,127,0.010251917403402075,0.9919350510463119,0.8837890625
4578,13.886829257011414,16,15,0.010241665485998672,0.744716894812882,0.12109375
4579,92.799963273108,113,113,0.010231423820512673,0.9847408976175088,0.95703125
4580,71.18291836977005,77,76,0.01022119239669216,0.9449087156877889,0.5830078125
4581,86.4832102805376,105,105,0.010210971204295469,0.9717759350935619,0.949462890625
4582,45.627418518066406,49,48,0.010200760233091173,0.9813778211875838,0.6005859375
4583,33.79982763528824,37,36,0.010190559472858081,0.9324326821275659,0.385009765625
4584,93.28546133637428,113,113,0.010180368913385222,0.9672242308084944,0.93505859375
4585,35.09452706575394,38,37,0.010170188544471838,1.0146592863296207,0.261474609375
4586,115.72985214740038,138,138,0.010160018355927366,0.9465796996069991,0.959228515625
4587,2.0,4,3,0.010149858337571439,0.800620436668396,0.009765625
4588,96.84800776839256,105,104,0.010139708479233867,1.028012113911765,0.962646484375
4589,22.582059681415558,25,24,0.010129568770754632,0.9298851037025452,0.13134765625
4590,12.793017625808716,15,14,0.010119439201983878,0.9793792784214019,0.06103515625
4591,94.68789577484131,111,110,0.010109319762781895,0.937532103947691,0.853271484375
4592,104.91770246624947,127,127,0.010099210443019114,0.8911876596334413,0.985107421875
4593,87.44552248716354,96,96,0.010089111232576095,0.8647444726278385,0.97314453125
4594,91.73108074069023,103,103,0.010079022121343519,0.9577501019806538,0.97705078125
4595,78.74529260396957,84,83,0.010068943099222174,0.9202547415736175,0.637451171875
4596,28.718624770641327,31,30,0.010058874156122952,0.9139610091524739,0.325927734375
4597,85.63749424368143,106,106,0.01004881528196683,0.961915874537432,0.964111328125
4598,94.27560316026211,105,105,0.010038766466684862,1.0028702554248627,0.945556640625
4599,-1.0,1,0,0.010028727700218176,0.9127302169799805,0.0
4600,106.61072190105915,136,136,0.010018698972517958,0.9422421582481441,0.959228515625
4601,3.9693695306777954,6,5,0.01000868027354544,0.620596032589674,0.042724609375
4602,100.68004122376442,115,115,0.01,0.942481994110605,0.93408203125
4603,29.047268450260162,32,31,0.01,0.9400220336392522,0.110595703125
4604,100.69634065777063,118,118,0.01,0.9377652262732133,0.94677734375
4605,23.504647433757782,26,25,0.01,0.9109561787201808,0.262939453125
4606,100.49093246459961,117,117,0.01,0.9058902757799524,0.946044921875
4607,101.01377749443054,108,107,0.01,0.9543536804892399,0.785888671875
4608,49.63089144229889,53,52,0.01,0.9392935110712951,0.420166015625
4609,87.43348194658756,104,104,0.01,0.9743568947395453,0.973876953125
4610,67.66872549057007,76,76,0.01,0.8765415635548139,0.959716796875
4611,33.6270307302475,37,36,0.01,0.9074552812286325,0.3115234375
4612,58.458693623542786,64,63,0.01,0.8904143539257348,0.677490234375
4613,70.79994440078735,80,79,0.01,0.8474627245217562,0.609375
4614,20.159387290477753,23,22,0.01,0.8121158454729163,0.111572265625
4615,70.24468457698822,74,73,0.01,0.9403380002524402,0.40673828125
4616,96.20354321599007,105,105,0.01,0.862844799955686,0.9755859375
4617,52.24678874015808,58,57,0.01,0.9663689742828238,0.341796875
4618,100.71450406312943,111,110,0.01,0.8547953447780093,0.88671875
4619,34.32258552312851,37,36,0.01,0.998065556223328,0.215087890625
4620,91.42561137676239,100,100,0.01,0.923143749833107,0.92138671875
4621,48.821425676345825,52,51,0.01,0.9091706978013883,0.380615234375
4622,110.91274152696133,130,130,0.01,0.9182469393198307,0.963134765625
4623,108.07178772985935,128,128,0.01,0.8890292689902708,0.966796875
4624,107.93624196946621,129,129,0.01,0.8181937641875688,0.954833984375
4625,83.71606297791004,110,110,0.01,0.8786922465671193,0.971923828125
4626,27.839436948299408,31,30,0.01,0.7739249881236784,0.265380859375
4627,58.62335342168808,63,62,0.01,0.9058282410814649,0.56787109375
4628,15.695149838924408,18,17,0.01,0.9269699338409636,0.080810546875
4629,62.95911890268326,68,67,0.01,0.8630967648590312,0.737548828125
4630,98.91483280062675,110,110,0.01,0.8349304055625743,0.93017578125
4631,109.03944043070078,134,134,0.01,0.8981120716502418,0.94921875
4632,105.28000289201736,125,125,0.01,0.9114353785514832,0.9072265625
4633,44.259226739406586,48,47,0.01,0.8971478554109732,0.435546875
4634,0.997421383857727,3,2,0.01,1.4283610582351685,0.054443359375
4635,33.59339213371277,37,36,0.01,0.7840128569184123,0.329345703125
4636,77.1123988032341,86,85,0.01,0.8668470209421113,0.823974609375
4637,7.897678077220917,10,9,0.01,0.8118628621101379,0.037353515625
4638,2.0,4,3,0.01,0.7722509503364563,0.0107421875
4639,70.19989889860153,74,73,0.01,0.8945628052224984,0.587646484375
4640,91.60131372511387,118,118,0.01,0.8450957392737016,0.937255859375
4641,79.66964183747768,111,111,0.01,0.8929809072801659,0.930419921875
4642,101.52844578027725,111,110,0.01,0.8341028676913665,0.7158203125
4643,11.852696597576141,14,13,0.01,0.9330676336373601,0.111328125
4644,29.47425663471222,33,32,0.01,0.8198942361455975,0.216796875
4645,92.05293065309525,104,104,0.01,0.8228293642974817,0.9541015625
4646,93.72158704698086,117,116,0.01,0.8924463824329213,0.940673828125
4647,91.32927599549294,102,102,0.01,0.9019890842484493,0.93994140625
4648,98.59238508343697,114,114,0.01,0.8248562753984803,0.9541015625
4649,35.42812764644623,39,38,0.01,0.8042109746199387,0.385009765625
4650,85.50672101974487,100,100,0.01,0.873742879703641,0.9404296875
4651,42.636795341968536,48,47,0.01,0.8885723203420639,0.38232421875
4652,14.67128312587738,17,16,0.01,0.8495069987633649,0.102294921875
4653,53.49743604660034,59,58,0.01,0.8084949598474017,0.440673828125
4654,3.9092644453048706,6,5,0.01,0.8506475339333216,0.026611328125
4655,102.68669018894434,128,128,0.01,0.854670368717052,0.9736328125
4656,92.43103511631489,117,117,0.01,0.8497015837675486,0.95849609375
4657,73.0336677134037,86,86,0.01,0.8601462955391684,0.8896484375
4658,17.809449017047882,20,19,0.01,0.9701845288276673,0.151611328125
4659,95.79575961828232,105,104,0.01,0.8484585654877481,0.772705078125
4660,46.86470943689346,51,50,0.01,0.8382829985782212,0.384765625
4661,94.05651754885912,134,134,0.01,0.8302795951490971,0.94287109375
4662,5.0,7,6,0.01,0.8424136808940342,0.023193359375
4663,90.05939495563507,103,102,0.01,0.866918651513683,0.8408203125
4664,100.74450825154781,130,130,0.01,0.8513211393585571,0.955810546875
4665,108.86930484324694,130,130,0.01,0.8863196751246085,0.946044921875
4666,61.231529712677,66,65,0.01,0.8496790959527998,0.50830078125
4667,90.51886624097824,111,111,0.01,0.8763704748304041,0.95556640625
4668,83.59870801866055,94,94,0.01,0.9515482087401633,0.956298828125
4669,42.327080965042114,49,48,0.01,0.966302635718365,0.328369140625
4670,14.251649558544159,17,16,0.01,0.7976792191757875,0.125
4671,22.52131062746048,25,24,0.01,0.9690605390071869,0.14501953125
4672,105.67778478562832,133,133,0.01,0.8871105121714729,0.951416015625
4673,16.0,18,17,0.01,0.9657976378997167,0.159912109375
4674,14.793170988559723,17,16,0.01,0.8514518387177411,0.0927734375
4675,77.23167085647583,84,83,0.01,0.9050755373069218,0.82421875
4676,100.91471867263317,117,117,0.01,0.8620143701505457,0.963623046875
4677,77.53471678495407,94,94,0.01,0.8341867498894955,0.962158203125
4678,51.940378069877625,58,57,0.01,0.7011804642348454,0.418212890625
4679,75.58484143018723,82,81,0.01,0.9062445447212313,0.61767578125
4680,97.68407472968102,113,113,0.01,0.8915071209183837,0.96435546875
4681,82.54205745458603,92,92,0.01,0.9083657943360184,0.98388671875
4682,116.66668018698692,137,136,0.01,0.8775156647184469,0.869140625
4683,60.5190435051918,65,64,0.01,0.9542843110286272,0.463623046875
4684,48.87850886583328,53,52,0.01,0.9932983916885448,0.54150390625
4685,21.122485399246216,24,23,0.01,0.9141127889355024,0.086181640625
4686,106.57917457818985,123,122,0.01,0.8906274658393084,0.954345703125
4687,79.70978720486164,111,111,0.01,0.948036206735147,0.96435546875
4688,104.45696364343166,123,123,0.01,0.870004244572748,0.97900390625
4689,121.36730398237705,146,146,0.01,0.8790962651167831,0.9677734375
4690,102.46190620958805,126,125,0.01,0.88910102276575,0.937255859375
4691,101.49851962924004,119,119,0.01,0.8510694757980459,0.972900390625
4692,111.15075306594372,138,138,0.01,0.906048525934634,0.966064453125
4693,105.63444754481316,126,126,0.01,0.9158954584882373,0.941162109375
4694,16.68622887134552,19,18,0.01,0.8146050690036071,0.1328125
4695,6.964095413684845,9,8,0.01,0.794961091544893,0.106689453125
4696,81.42911505699158,91,91,0.01,0.8952359483464734,0.9619140625
4697,73.09483236074448,79,78,0.01,0.8920864543960064,0.629638671875
4698,104.00092919915915,124,124,0.01,0.8824054178210997,0.92626953125
4699,10.505648791790009,13,12,0.01,0.7442392523472126,0.04541015625
4700,89.85635903477669,108,108,0.01,0.9357672588968718,0.9775390625
4701,68.03512793779373,73,72,0.01,0.8576188071133339,0.4833984375
4702,70.15349495410919,76,75,0.01,0.9409893747223051,0.606689453125
4703,27.604324162006378,31,30,0.01,0.9608902383235193,0.23828125
4704,6.921279013156891,9,8,0.01,1.0587807695070903,0.0107421875
4705,116.24740909785032,136,136,0.01,0.8863029874422971,0.96533203125
4706,95.19371010363102,105,105,0.01,0.8578427825655256,0.978515625
4707,112.43538851290941,131,131,0.01,0.8370315757871584,0.929443359375
4708,97.21319276094437,121,121,0.01,0.8314938609265099,0.96044921875
4709,94.72456084191799,113,113,0.01,0.8420750271957532,0.9541015625
4710,110.94355809688568,134,134,0.01,0.8663897440949483,0.9609375
4711,68.89326171576977,79,79,0.01,0.835995896518985,0.963134765625
4712,98.79005053639412,113,113,0.01,0.8468894672341052,0.96240234375
4713,13.842423439025879,16,15,0.01,0.7207379974424839,0.063720703125
4714,77.35024267435074,91,91,0.01,0.8277661089713757,0.96435546875
4715,5.912585377693176,8,7,0.01,0.9925015717744827,0.049072265625
4716,82.45034113526344,95,95,0.01,0.812147444486618,0.932861328125
4717,100.34700657427311,122,122,0.01,0.8207562399692223,0.9697265625
4718,75.32080682367086,89,89,0.01,0.8077213148052773,0.943603515625
4719,16.616403341293335,19,18,0.01,0.7251979959638495,0.08740234375
4720,101.81429396569729,118,118,0.01,0.8439793558949131,0.9658203125
4721,64.09670895338058,69,68,0.01,0.8658854849096658,0.54833984375
4722,88.23512652516365,102,101,0.01,0.8259188743198619,0.907958984375
4723,31.31107097864151,34,33,0.01,0.8058327646816478,0.27783203125
4724,3.9879783391952515,6,5,0.01,0.7284865453839302,0.06103515625
4725,117.3063700273633,142,142,0.01,0.8292593584514,0.972412109375
4726,101.68778005242348,125,125,0.01,0.919853306055069,0.974853515625
4727,6.8150341510772705,9,8,0.01,1.0695726209216647,0.04345703125
4728,87.25362484157085,107,107,0.01,0.8718553411069317,0.956298828125
4729,83.16478312015533,90,89,0.01,0.9386370566156176,0.64013671875
4730,88.8141136020422,104,104,0.01,0.9131419376398509,0.970947265625
4731,99.55633425712585,117,117,0.01,0.8727208364468354,0.96142578125
4732,93.36806374788284,113,113,0.01,0.8804312757158701,0.935791015625
4733,88.20919823646545,107,106,0.01,0.9351457748736176,0.822998046875
4734,54.28392803668976,59,58,0.01,0.8310184447189509,0.400390625
4735,1.0,3,2,0.01,0.68541951974233,0.006591796875
4736,61.80090016126633,67,66,0.01,0.7704435453486087,0.556396484375
4737,80.64857488870621,91,90,0.01,0.9380611800230466,0.74755859375
4738,96.10377818346024,109,108,0.01,0.8758330919326992,0.684814453125
4739,-1.0,1,0,0.01,0.9982227087020874,0.0
4740,6.984010636806488,9,8,0.01,1.1666284733348422,0.091552734375
4741,54.1913360953331,59,58,0.01,0.9730375272742773,0.6865234375
4742,80.36118739843369,87,86,0.01,0.8991459703993523,0.6318359375
4743,3.0,5,4,0.01,0.7951478242874146,0.04541015625
4744,95.61467960476875,111,111,0.01,0.9084585462067578,0.856201171875
4745,95.34736806154251,104,103,0.01,0.9652243832556101,0.858154296875
4746,63.41408443450928,69,68,0.01,0.9312685801499132,0.602783203125
4747,82.07019692659378,88,87,0.01,0.9847486869178035,0.70556640625
4748,96.67735648155212,110,110,0.01,0.8841920709068125,0.973876953125
4749,74.11103463172913,80,79,0.01,0.940044903382659,0.523193359375
4750,60.65304219722748,67,66,0.01,0.856119181460409,0.43994140625
4751,106.52758099138737,127,127,0.01,0.962898691573481,0.959228515625
4752,77.8617570400238,94,94,0.01,0.9059430348112228,0.960205078125
4753,82.06703489273787,100,100,0.01,0.8792722581326962,0.92529296875
4754,44.70956993103027,49,48,0.01,0.9365739971399307,0.39208984375
4755,101.70279431343079,119,119,0.01,0.8876281116439515,0.90185546875
4756,120.42676591873169,135,134,0.01,0.9476020643004665,0.908935546875
4757,109.56608180701733,139,139,0.01,0.8856972079697273,0.9453125
4758,105.12461969256401,116,116,0.01,0.8751972608011345,0.97900390625
4759,105.90907724201679,122,122,0.01,0.8950075055243539,0.97119140625
4760,99.73017483949661,119,119,0.01,0.9269505349778328,0.84912109375
4761,111.81431284546852,130,130,0.01,0.9173234563607436,0.974609375
4762,90.91700088977814,105,105,0.01,0.9357534668275288,0.934814453125
4763,112.20155443251133,130,130,0.01,0.9075603227202709,0.946044921875
4764,21.530657052993774,24,23,0.01,0.9106304123997688,0.28857421875
4765,0.0,2,1,0.01,0.8789853453636169,0.002197265625
4766,99.23481118679047,115,115,0.01,0.9596061960510586,0.972412109375
4767,37.95127189159393,41,40,0.01,1.013005117817623,0.396240234375
4768,16.898510098457336,19,18,0.01,0.871226894228082,0.201171875
4769,0.0,2,1,0.01,1.1235223412513733,0.0
4770,102.15688875317574,121,121,0.01,0.9091241147892535,0.9541015625
4771,110.50724318623543,126,126,0.01,0.9524402228139696,0.93798828125
4772,29.13800799846649,32,31,0.01,0.899585384875536,0.23974609375
4773,34.24760180711746,38,37,0.01,0.941146444333227,0.41943359375
4774,85.57416814565659,114,114,0.01,0.9561214640475156,0.94091796875
4775,110.55950056016445,128,128,0.01,0.9222799593117088,0.964111328125
4776,128.93693505227566,149,149,0.01,0.9169441633576515,0.943603515625
4777,1.0,3,2,0.01,1.2788744767506917,0.01953125
4778,79.29695677757263,95,94,0.01,0.9409088897077661,0.83203125
4779,97.06962755322456,104,104,0.01,0.9474836622293179,0.982177734375
4780,84.01532025635242,98,98,0.01,0.8942653308717572,0.971923828125
4781,6.906339049339294,9,8,0.01,0.9887826806969113,0.06982421875
4782,101.47970372438431,119,119,0.01,0.8931862907249386,0.93603515625
4783,115.26772375404835,129,129,0.01,0.8693194725485736,0.977783203125
4784,126.11179157346487,145,145,0.01,0.8611083954572678,0.98779296875
4785,100.45697805285454,136,136,0.01,0.8451410638825858,0.893798828125
4786,112.26304492354393,131,131,0.01,0.8865384590307265,0.9326171875
4787,33.878938376903534,37,36,0.01,0.8082149685234636,0.36767578125
4788,62.64171922206879,69,68,0.01,0.8858164207658906,0.69189453125
4789,91.20788291096687,106,106,0.01,0.8307966866864348,0.958251953125
4790,99.95265644788742,134,134,0.01,0.9102836209001826,0.948486328125
4791,112.10261638462543,153,153,0.01,0.8957691452666825,0.9384765625
4792,50.11401379108429,54,53,0.01,0.9111946161698412,0.524169921875
4793,98.20788189768791,109,109,0.01,0.8679421341747319,0.978271484375
4794,22.44900929927826,25,24,0.01,0.8336506628990173,0.134765625
4795,17.790314078330994,21,20,0.01,0.7204483846823374,0.150634765625
4796,100.94003216922283,118,118,0.01,0.9093757723852739,0.950439453125
4797,100.68984142690897,122,122,0.01,0.8935827251340522,0.891845703125
4798,93.9672464132309,113,113,0.01,0.9148283272454169,0.943603515625
4799,79.27224773168564,89,88,0.01,0.9303749304139213,0.844482421875
4800,59.66675043106079,64,63,0.01,0.802612864645198,0.447998046875
4801,62.70688134431839,69,68,0.01,0.9124165440815083,0.52001953125
4802,60.019296765327454,68,67,0.01,0.9075077436864376,0.620361328125
4803,112.73424161225557,136,136,0.01,0.8674535986912602,0.939697265625
4804,108.95667318254709,136,136,0.01,0.9158458617680213,0.9609375
4805,24.603518903255463,27,26,0.01,0.96327598006637,0.18115234375
4806,91.92513158917427,128,128,0.01,0.8779388149268925,0.949951171875
4807,97.32487107813358,118,118,0.01,0.967356520815421,0.959716796875
4808,23.428904712200165,26,25,0.01,0.8121790679601523,0.212646484375
4809,15.949630737304688,18,17,0.01,0.9300847301880518,0.189697265625
4810,91.90746516734362,104,104,0.01,0.8676975714759185,0.97412109375
4811,105.82134215533733,126,126,0.01,0.8313697993991866,0.948974609375
4812,77.4210569858551,85,84,0.01,0.900791777232114,0.717529296875
4813,103.0148328691721,124,124,0.01,0.8584347457414673,0.9462890625
4814,87.43573978543282,98,98,0.01,0.8331590157990553,0.95849609375
4815,102.97176992148161,134,134,0.01,0.8848615771354135,0.952880859375
4816,90.75472393631935,111,111,0.01,0.8713331187630559,0.95654296875
4817,86.14189344644547,97,96,0.01,0.9064291649565255,0.729736328125
4818,92.51683527231216,102,101,0.01,0.9283644727924291,0.750732421875
4819,56.46656286716461,63,62,0.01,0.8724624252035504,0.563720703125
4820,52.44092559814453,59,58,0.01,0.9587517244330908,0.637939453125
4821,91.01589512825012,115,115,0.01,0.9343081738637842,0.976318359375
4822,105.75397434830666,121,121,0.01,0.9601689306172457,0.946044921875
4823,93.00862285494804,105,104,0.01,0.8999492070504598,0.942626953125
4824,87.0223676264286,124,124,0.01,0.935793669954423,0.900390625
4825,48.76179486513138,53,52,0.01,0.9756958225987992,0.39501953125
4826,9.811331331729889,12,11,0.01,0.8862725992997488,0.1484375
4827,80.8401929140091,88,87,0.01,0.9207330078563907,0.57763671875
4828,23.972244799137115,26,25,0.01,0.992086240878472,0.308349609375
4829,86.49391444027424,103,103,0.01,0.9303767743330558,0.97705078125
4830,109.06863994896412,124,124,0.01,0.9243646578923348,0.98095703125
4831,118.70240607112646,147,147,0.01,0.9372591145184576,0.9521484375
4832,22.01389080286026,25,24,0.01,1.0129951441287994,0.08154296875
4833,104.87451814115047,122,122,0.01,0.9268853006060006,0.940185546875
4834,109.88928343355656,131,131,0.01,1.0064484463393233,0.959716796875
4835,46.36414855718613,50,49,0.01,0.9659813797473907,0.704345703125
4836,49.88215607404709,54,53,0.01,0.9804632481601503,0.486083984375
4837,25.80589997768402,28,27,0.01,0.8541720355195659,0.265380859375
4838,102.40886682271957,113,113,0.01,0.9215633555323677,0.839599609375
4839,44.42173612117767,48,47,0.01,0.8383064620817701,0.336669921875
4840,22.632145285606384,25,24,0.01,1.0132285034656525,0.169189453125
4841,91.85961829125881,123,123,0.01,0.9371752983670893,0.96484375
4842,41.652856171131134,46,45,0.01,0.939298487227896,0.3154296875
4843,90.21352607011795,110,110,0.01,0.9473536957393993,0.8857421875
4844,95.78233700990677,107,107,0.01,0.8830765930013121,0.97265625
4845,84.65203024446964,98,98,0.01,0.9254918475540317,0.969970703125
4846,108.14451781660318,128,128,0.01,0.9101739046163857,0.978271484375
4847,13.67185914516449,16,15,0.01,0.8029446043074131,0.072021484375
4848,73.80907309055328,83,82,0.01,0.9042878448963165,0.7080078125
4849,100.46629709005356,118,118,0.01,0.9165515607949031,0.951416015625
4850,107.0735856294632,127,127,0.01,0.9399393125781863,0.93359375
4851,101.47690985351801,129,129,0.01,0.9340138817711394,0.956298828125
4852,110.78926874697208,135,135,0.01,0.8794417469589798,0.954345703125
4853,90.47154384851456,111,111,0.01,0.9527002350167111,0.957275390625
4854,1.0,3,2,0.01,0.6675429344177246,0.0
4855,87.80530932545662,103,103,0.01,0.9678769183969035,0.90234375
4856,97.55477049946785,117,116,0.01,0.9924696632939526,0.895263671875
4857,48.61191648244858,55,54,0.01,0.953396139903502,0.404541015625
4858,54.137247800827026,59,58,0.01,0.9036965644208051,0.4599609375
4859,67.48105889558792,81,80,0.01,0.9490819374720255,0.942626953125
4860,85.59302749484777,115,115,0.01,0.9528242199317268,0.94384765625
4861,100.56451810896397,117,117,0.01,0.9804810899445134,0.97509765625
4862,87.31622014939785,101,101,0.01,1.0189157975192118,0.975830078125
4863,98.92213977873325,123,123,0.01,1.0125321430888603,0.89501953125
4864,77.4712707400322,87,86,0.01,1.045112440640899,0.570068359375
4865,27.68632209300995,30,29,0.01,1.0309628824392953,0.33056640625
4866,94.04343235492706,115,115,0.01,1.0967063478801562,0.962158203125
4867,88.34601092338562,105,104,0.01,1.0918103802771795,0.84765625
4868,108.75790649652481,120,119,0.01,1.0641460773845515,0.7802734375
4869,50.020200312137604,54,53,0.01,1.0193035078269463,0.5478515625
4870,94.18261811882257,120,120,0.01,0.9864993123958509,0.98291015625
4871,84.96938383579254,96,95,0.01,1.0920955706387758,0.740966796875
4872,58.30395692586899,66,65,0.01,0.9587852733604836,0.397705078125
4873,67.6344365477562,83,82,0.01,0.9970104916986212,0.827880859375
4874,86.13521957397461,95,94,0.01,1.0367923799313996,0.648681640625
4875,17.48007822036743,20,19,0.01,1.0070456624031068,0.134033203125
4876,96.29663583636284,111,110,0.01,1.0406978900905128,0.9482421875
4877,114.66061007976532,131,130,0.01,1.0082698584967897,0.921875
4878,123.98552881926298,149,149,0.01,1.0425467863178892,0.948974609375
4879,10.983937919139862,13,12,0.01,1.0585895822598383,0.095703125
4880,86.81272091716528,114,114,0.01,1.0007241271566927,0.9736328125
4881,101.84670865535736,120,120,0.01,1.0153778914362193,0.945556640625
4882,2.9944751858711243,5,4,0.01,0.9640727162361145,0.030517578125
4883,19.67877334356308,22,21,0.01,1.1392505060542713,0.186279296875
4884,5.920265018939972,8,7,0.01,0.9708795100450516,0.065673828125
4885,85.45509173721075,109,109,0.01,1.0317191217744022,0.946044921875
4886,102.92989501357079,123,123,0.01,0.9987035174437655,0.91650390625
4887,104.14238106459379,126,126,0.01,1.0862238887283537,0.97802734375
4888,92.28901340067387,109,109,0.01,1.0694615408914898,0.967041015625
4889,94.66859745979309,113,113,0.01,1.0443447633127196,0.87109375
4890,107.9237463325262,126,126,0.01,1.0999668685216752,0.886474609375
4891,15.768345832824707,19,18,0.01,1.1850505659454746,0.06103515625
4892,65.64223611354828,72,71,0.01,1.0626238282355998,0.5283203125
4893,82.91008496284485,107,107,0.01,1.0892367886605663,0.940185546875
4894,25.274438738822937,28,27,0.01,0.8247355691024235,0.10205078125
4895,71.19992089271545,77,76,0.01,1.1228528254992003,0.593994140625
4896,86.19055449962616,98,97,0.01,0.9874563648992655,0.7529296875
4897,89.79423283040524,112,112,0.01,1.0914669428020716,0.943115234375
4898,93.27966075390577,108,108,0.01,1.0594972206486597,0.94775390625
4899,94.89871671795845,117,117,0.01,1.0135227455797358,0.949951171875
4900,32.86986976861954,36,35,0.01,1.1443077094025083,0.247802734375
4901,65.77820771932602,74,73,0.01,1.0870296886643849,0.65771484375
4902,80.03515416383743,93,93,0.01,1.084857677580208,0.946044921875
4903,26.180273115634918,29,28,0.01,0.9385081971513813,0.242919921875
4904,131.87465630471706,166,166,0.01,1.0357540849461613,0.9130859375
4905,101.73512392491102,129,129,0.01,1.0455170624939971,0.94970703125
4906,107.66050761938095,134,133,0.01,1.0517617105992871,0.84716796875
4907,73.17079013586044,78,77,0.01,1.0041648458976011,0.738525390625
4908,75.67792503535748,87,87,0.01,1.1030270159244537,0.922119140625
4909,90.7275498509407,107,106,0.01,1.0329940568342386,0.8134765625
4910,82.1896261125803,96,96,0.01,1.1226186510175467,0.945068359375
4911,117.76393862068653,141,141,0.01,1.0048618107400042,0.955810546875
4912,13.944673001766205,16,15,0.01,0.9597582593560219,0.12548828125
4913,87.73796571046114,111,111,0.01,1.0107719538448092,0.973876953125
4914,87.39553970098495,100,100,0.01,1.0124062252044679,0.969970703125
4915,66.74387073516846,74,73,0.01,1.1394678257607125,0.56201171875
4916,48.54174679517746,54,53,0.01,1.0231841151361112,0.33154296875
4917,53.316979467868805,57,56,0.01,1.077178635618143,0.383544921875
4918,26.422275960445404,29,28,0.01,1.0221558028254016,0.185791015625
4919,1.9784127473831177,4,3,0.01,1.0565110743045807,0.015625
4920,114.40467268228531,134,133,0.01,1.0228206997931892,0.9462890625
4921,96.47404348105192,125,125,0.01,1.001522050857544,0.942138671875
4922,98.09982366114855,129,129,0.01,1.011250994233198,0.9677734375
4923,111.21647389233112,130,130,0.01,1.0558914970893127,0.977783203125
4924,89.58561581373215,102,102,0.01,1.0360706036581713,0.93896484375
4925,82.32045713067055,96,96,0.01,1.0051506763945024,0.979736328125
4926,81.02310375869274,91,91,0.01,1.0100355331714337,0.98193359375
4927,121.23316582292318,146,146,0.01,1.017091797639246,0.96240234375
4928,93.7883925139904,111,111,0.01,1.042497267862698,0.891845703125
4929,9.692986607551575,12,11,0.01,1.3071053624153137,0.071533203125
4930,71.06210066378117,87,87,0.01,1.0004216915574566,0.933349609375
4931,76.05447229743004,94,94,0.01,1.0632726489863498,0.95166015625
4932,94.79789710044861,112,112,0.01,1.046248038831566,0.909423828125
4933,79.9976618885994,95,94,0.01,1.07959514040696,0.536865234375
4934,40.45555156469345,43,42,0.01,1.0715895399104718,0.391357421875
4935,1.0,3,2,0.01,1.0447691877683003,0.0
4936,89.66670128703117,123,123,0.01,1.1490884190652428,0.970947265625
4937,13.633130848407745,16,15,0.01,0.8194267619401217,0.181884765625
4938,23.112118303775787,26,25,0.01,0.9870251783957849,0.1572265625
4939,67.02720814943314,71,70,0.01,1.1117252073657344,0.623046875
4940,48.97313070297241,53,52,0.01,1.1076459727197323,0.33740234375
4941,92.6245466247201,107,107,0.01,1.0810051359862924,0.976806640625
4942,103.79578185081482,117,117,0.01,0.9881930076158963,0.860107421875
4943,91.63503667712212,112,111,0.01,1.0932376831769943,0.874267578125
4944,90.95929734408855,108,108,0.01,1.1019885553805917,0.960205078125
4945,81.53573083877563,87,86,0.01,1.0863157308649742,0.667724609375
4946,79.39275598526001,87,86,0.01,1.0440303549684327,0.717041015625
4947,6.964640319347382,9,8,0.01,0.8574372000164456,0.0908203125
4948,111.3101095110178,130,130,0.01,1.0688311184828099,0.9755859375
4949,5.808509588241577,8,7,0.01,0.9879190996289253,0.065185546875
4950,63.74887904524803,83,83,0.01,0.9648430580834308,0.9345703125
4951,106.09356302767992,133,133,0.01,0.993453741297686,0.945068359375
4952,80.3679860830307,89,88,0.01,1.0736659637997659,0.65576171875
4953,108.69673599302769,131,131,0.01,1.0425976075743901,0.945556640625
4954,1.0,3,2,0.01,0.8686075409253439,0.00830078125
4955,104.72466269135475,125,125,0.01,0.979714465379715,0.9072265625
4956,65.7999678850174,70,69,0.01,1.0826784084950174,0.49755859375
4957,94.41970502585173,113,113,0.01,1.0888759137782376,0.9755859375
4958,45.37813049554825,49,48,0.01,1.0845191125967064,0.416015625
4959,77.26426281034946,89,89,0.01,0.9929534890008777,0.96044921875
4960,28.215966880321503,32,31,0.01,0.989747810177505,0.236572265625
4961,91.39365051686764,111,111,0.01,1.0352752796701483,0.962890625
4962,99.51220789551735,115,115,0.01,1.0917034381109736,0.939208984375
4963,39.529967963695526,43,42,0.01,1.0004599704298862,0.481201171875
4964,116.66345058381557,136,135,0.01,1.06105558311238,0.940673828125
4965,100.13483958691359,119,119,0.01,1.0504657122768273,0.959228515625
4966,89.25084590911865,102,101,0.01,1.040776533239028,0.7412109375
4967,64.67725247144699,70,69,0.01,1.1248964641775403,0.435546875
4968,87.5959871262312,108,108,0.01,1.0154579521881208,0.93359375
4969,106.827117562294,126,126,0.01,1.0440055723228152,0.8994140625
4970,8.783141195774078,11,10,0.01,1.0556837103583596,0.04736328125
4971,87.48403696715832,106,106,0.01,1.0703886100706064,0.9677734375
4972,29.233347594738007,33,32,0.01,0.9781367489785859,0.18115234375
4973,6.917187690734863,9,8,0.01,1.2654259999593098,0.041015625
4974,59.27998971939087,66,65,0.01,1.0214421997467678,0.458984375
4975,80.84411931037903,98,98,0.01,1.0533336054305642,0.97509765625
4976,94.50057350844145,121,121,0.01,1.1041294986551458,0.9580078125
4977,34.37181931734085,38,37,0.01,1.0429485832390033,0.18505859375
4978,11.0,13,12,0.01,0.9472305728838994,0.110107421875
4979,63.6537104845047,69,68,0.01,1.0044240865154543,0.556884765625
4980,61.11070066690445,67,66,0.01,1.1338874426350665,0.476318359375
4981,97.40680059790611,124,124,0.01,1.0153770028583464,0.964599609375
4982,106.01541520655155,129,129,0.01,1.0773369492024414,0.947021484375
4983,97.4833012521267,112,112,0.01,1.060542620452387,0.96923828125
4984,5.941727638244629,8,7,0.01,0.9286730885505676,0.1220703125
4985,103.26735320687294,122,122,0.01,1.1125337229888947,0.943359375
4986,97.10673555731773,111,111,0.01,1.1059669242785857,0.919921875
4987,91.6757897734642,115,115,0.01,1.1222114064123319,0.9296875
4988,96.73158290982246,115,115,0.01,1.0209510595902154,0.971435546875
4989,39.45581519603729,43,42,0.01,1.0574678584586743,0.346923828125
4990,39.17488145828247,43,42,0.01,1.0217327357724655,0.3544921875
4991,63.11142408847809,69,68,0.01,1.0234694100808406,0.668212890625
4992,62.56100130081177,69,68,0.01,1.1119166992712712,0.63623046875
4993,83.77573119103909,96,96,0.01,1.0592531897127628,0.950439453125
4994,96.34816648066044,108,108,0.01,1.0692718636106562,0.957275390625
4995,65.38774740695953,76,75,0.01,1.1026160454279499,0.5810546875
4996,101.78377893567085,113,113,0.01,1.0320850655568385,0.842529296875
4997,99.22118806838989,116,116,0.01,1.0307762196351742,0.967529296875
4998,103.46202806383371,147,147,0.01,1.002261527034701,0.96240234375
4999,98.80243533849716,109,108,0.01,1.0498535884629696,0.7373046875
5000,8.953578233718872,11,10,0.01,1.0960713787512346,0.07373046875
5001,89.31112012267113,111,111,0.01,1.048181916142369,0.942138671875
5002,114.34286623448133,147,147,0.01,1.0344612656199201,0.920166015625
5003,25.589111983776093,28,27,0.01,0.9946095443197659,0.213134765625
5004,92.66445377469063,111,111,0.01,1.0911190187608875,0.9755859375
5005,18.610648274421692,21,20,0.01,1.2400440616267068,0.1435546875
5006,101.6470847427845,120,120,0.01,1.0787717454135417,0.91259765625
5007,105.81863287091255,123,123,0.01,1.0836561356133563,0.951416015625
5008,49.52271056175232,55,54,0.01,1.0644636224616657,0.543701171875
5009,85.21287401020527,106,106,0.01,1.098439116804105,0.956298828125
5010,77.13583825528622,90,90,0.01,1.135389342572954,0.973876953125
5011,90.20386327803135,111,111,0.01,1.0634930809070398,0.9638671875
5012,6.0,8,7,0.01,1.0498971715569496,0.014404296875
5013,75.65601229667664,93,93,0.01,1.0279560201270606,0.890625
5014,55.37049263715744,62,61,0.01,1.0260480913904406,0.447998046875
5015,23.0300772190094,26,25,0.01,1.0763579584085023,0.308837890625
5016,54.44599449634552,60,59,0.01,1.0959349483251573,0.547607421875
5017,47.64816403388977,51,50,0.01,0.968126662513789,0.510986328125
5018,75.24211096763611,85,84,0.01,1.1292143264237573,0.74609375
5019,100.46228969097137,123,123,0.01,1.0622783814503896,0.94140625
5020,26.9322612285614,30,29,0.01,1.0032495886087418,0.227783203125
5021,120.11274294555187,141,141,0.01,1.077131967172555,0.96533203125
5022,10.935638189315796,13,12,0.01,1.275863459477058,0.071044921875
5023,92.46773035824299,111,111,0.01,1.0922691795203063,0.968017578125
5024,101.47621144354343,119,119,0.01,1.0610468597973095,0.9775390625
5025,96.12607781589031,112,112,0.01,1.0112415530851908,0.977294921875
5026,81.74007996916771,99,98,0.01,1.017723930002463,0.755859375
5027,23.163586914539337,27,26,0.01,1.0553706917497847,0.248046875
5028,94.45147232711315,105,105,0.01,1.0272216223535084,0.978515625
5029,60.245196759700775,64,63,0.01,1.116493124049157,0.73779296875
5030,41.20853120088577,44,43,0.01,0.9625071707096967,0.320068359375
5031,30.399720549583435,33,32,0.01,1.1438064990621624,0.373291015625
5032,94.21633826941252,114,114,0.01,1.0304271123911206,0.984375
5033,31.05217057466507,34,33,0.01,1.1403717030497158,0.210693359375
5034,97.85418421775103,120,120,0.01,1.0994982923070589,0.928466796875
5035,113.47957196086645,133,133,0.01,1.0400591508338326,0.961669921875
5036,76.95799988508224,91,91,0.01,1.0771465347363398,0.928955078125
5037,103.8461691737175,121,120,0.01,1.076461630172966,0.875
5038,108.84270310401917,141,141,0.01,1.068701240821933,0.914794921875
5039,92.05194730311632,124,124,0.01,1.0619088482231862,0.947509765625
5040,93.6104588508606,109,108,0.01,1.0671952426980396,0.6728515625
5041,13.688058912754059,16,15,0.01,1.066415349021554,0.045654296875
5042,86.95740745961666,99,99,0.01,1.1394954501378416,0.973876953125
5043,85.07854029536247,106,105,0.01,1.176478015364341,0.924560546875
5044,95.24253286421299,116,116,0.01,1.024876591460458,0.957275390625
5045,66.34876066446304,75,74,0.01,1.0860554560025533,0.487060546875
5046,88.81441512703896,118,118,0.01,1.062817142929061,0.962646484375
5047,2.0,4,3,0.01,1.1515467315912247,0.021240234375
5048,22.868493258953094,25,24,0.01,1.1244903659820558,0.14794921875
5049,106.6588778346777,134,134,0.01,1.092093770183734,0.9599609375
5050,101.15130680799484,111,110,0.01,1.0604913709936916,0.75732421875
5051,104.18418599665165,128,128,0.01,1.108163355384022,0.962158203125
5052,68.93220609426498,76,75,0.01,1.07341460922831,0.677490234375
5053,0.0,2,1,0.01,0.6757799983024597,0.01220703125
5054,15.838303029537201,18,17,0.01,0.9623045987553067,0.134521484375
5055,36.94108861684799,40,39,0.01,1.0245255775749684,0.273193359375
5056,107.4662259966135,124,124,0.01,1.0503573953624694,0.961181640625
5057,99.92231431603432,115,115,0.01,1.0192910676417144,0.9775390625
5058,10.844722509384155,13,12,0.01,1.1938590086423433,0.11328125
5059,111.99770486354828,126,126,0.01,0.992606960118763,0.90087890625
5060,90.86813435703516,114,114,0.01,1.0356169541676838,0.967529296875
5061,58.72963094711304,63,62,0.01,1.1148671616637518,0.598876953125
5062,21.88255524635315,24,23,0.01,0.9438451218108336,0.210205078125
5063,0.0,2,1,0.01,1.2229297161102295,0.0
5064,73.24776589870453,95,95,0.01,1.0502776961577567,0.945068359375
5065,23.451579332351685,26,25,0.01,1.1092278567644267,0.148681640625
5066,3.0,5,4,0.01,0.9358507871627808,0.04248046875
5067,95.51941257715225,108,108,0.01,1.150221364641631,0.8857421875
5068,30.10510343313217,33,32,0.01,0.9843266877261075,0.331787109375
5069,-1.0,1,0,0.01,0.7414491176605225,0.0
5070,126.68286366015673,162,162,0.01,1.0598131109167028,0.954833984375
5071,60.591517455875874,80,80,0.01,1.1068234480917454,0.926513671875
5072,77.39423051476479,85,84,0.01,1.0888366760576473,0.93115234375
5073,54.050683200359344,61,60,0.01,1.0936381426013884,0.454833984375
5074,45.02235245704651,49,48,0.01,1.089899718761444,0.473388671875
5075,100.2629818469286,131,131,0.01,1.0377006608111259,0.966552734375
5076,10.798796236515045,13,12,0.01,0.9194476191814129,0.128173828125
5077,92.56619141995907,104,104,0.01,1.116038805876787,0.97705078125
5078,94.59794998168945,106,106,0.01,1.0709438204484165,0.977294921875
5079,103.00118239969015,129,129,0.01,1.080043579025786,0.94287109375
5080,70.7687069773674,76,75,0.01,1.077986535469168,0.520263671875
5081,114.16852882504463,131,131,0.01,1.0460468878727833,0.85791015625
5082,76.81079804897308,90,90,0.01,1.1238343897793028,0.966796875
5083,50.39279758930206,54,53,0.01,1.111489167643918,0.4501953125
5084,96.10396119952202,120,119,0.01,0.9992400832474232,0.92431640625
5085,24.506142735481262,27,26,0.01,1.0673544583497223,0.141845703125
5086,96.69125734269619,117,117,0.01,1.1456520442779248,0.9443359375
5087,94.41046962887049,122,122,0.01,1.0979258567094803,0.96484375
5088,42.709637224674225,48,47,0.01,0.9766655821974078,0.30615234375
5089,75.42775392532349,81,80,0.01,1.1381309532824857,0.5986328125
5090,89.69842255115509,100,100,0.01,1.1485451102256774,0.974365234375
5091,92.19866935908794,111,111,0.01,1.1403849151757386,0.934814453125
5092,36.24178367853165,39,38,0.01,1.054633874923755,0.26513671875
5093,101.85111013799906,130,130,0.01,1.0099678665399552,0.95263671875
5094,96.78365749120712,106,105,0.01,1.0496791977927369,0.902587890625
5095,13.0,15,14,0.01,1.2795359293619792,0.26708984375
5096,72.84364950656891,79,78,0.01,1.0363886760005467,0.6875
5097,16.75502622127533,19,18,0.01,1.0477157156718404,0.21337890625
5098,81.16147427260876,95,95,0.01,1.0171306456390181,0.94384765625
5099,99.98411585390568,117,117,0.01,1.0376987992188869,0.963134765625
5100,68.04839136451483,82,82,0.01,1.0636628659033194,0.946533203125
5101,78.03181111812592,96,96,0.01,1.0850114086642861,0.97119140625
5102,104.7811419069767,121,121,0.01,1.063841033572993,0.94775390625
5103,94.32747162878513,116,116,0.01,1.0497984942691079,0.94677734375
5104,105.5074443668127,129,129,0.01,1.0630171777204025,0.95556640625
5105,12.823181211948395,15,14,0.01,1.4055889924367269,0.1591796875
5106,25.221521735191345,28,27,0.01,1.0397664223398482,0.212646484375
5107,115.25424065440893,129,129,0.01,1.0589718079382135,0.92333984375
5108,108.25514011085033,131,131,0.01,1.0561796911345183,0.962890625
5109,9.986589014530182,12,11,0.01,1.176447903116544,0.132080078125
5110,107.0029406324029,129,129,0.01,1.0861741133438525,0.953369140625
5111,117.06936433166265,140,140,0.01,1.078159000830991,0.951904296875
5112,87.40030235052109,97,96,0.01,1.1537526944248946,0.718017578125
5113,45.64421719312668,49,48,0.01,1.1798357057328126,0.330322265625
5114,14.819827198982239,17,16,0.01,0.9824311768307405,0.081298828125
5115,110.54911260306835,127,127,0.01,1.1021060186812257,0.951904296875
5116,23.639560282230377,26,25,0.01,1.131341157051233,0.22119140625
5117,102.44886709749699,123,123,0.01,1.1384410506826106,0.969482421875
5118,113.81765036284924,129,129,0.01,1.1255504987960638,0.965576171875
5119,107.51709660887718,125,125,0.01,1.1131096110343932,0.96484375
5120,88.37210294604301,102,101,0.01,1.1914091110229492,0.919921875
5121,1.9921337366104126,4,3,0.01,1.466339647769928,0.01025390625
5122,107.41487608850002,129,129,0.01,1.1597427478594373,0.93115234375
5123,83.50085660815239,94,94,0.01,1.0719721019268036,0.93701171875
5124,95.27129262685776,105,104,0.01,1.1982385274909793,0.7578125
5125,100.43486008793116,122,122,0.01,1.0716243630549946,0.963623046875
5126,69.41466924548149,84,84,0.01,1.1358946061560087,0.952392578125
5127,82.71871080994606,97,97,0.01,1.0872586060737826,0.909912109375
5128,101.1836571842432,125,125,0.01,1.0695665987730025,0.9658203125
5129,112.57155933976173,138,138,0.01,1.103141582314519,0.96240234375
5130,24.392284154891968,27,26,0.01,1.1787618023377877,0.2685546875
5131,103.1098316013813,121,121,0.01,1.0523227435990798,0.922607421875
5132,34.685367703437805,39,38,0.01,1.1454901848083887,0.294921875
5133,86.51568007469177,103,103,0.01,1.0684933552464235,0.951904296875
5134,16.418048977851868,19,18,0.01,1.3154585330109847,0.1884765625
5135,63.917366087436676,69,68,0.01,1.0492441161819126,0.50927734375
5136,99.41077020019293,119,119,0.01,1.1948364294376694,0.9697265625
5137,103.52454300224781,120,120,0.01,1.1292338070770105,0.97314453125
5138,104.11602929234505,122,122,0.01,1.177974730241494,0.96435546875
5139,88.39093878865242,111,111,0.01,1.1160768308081068,0.955810546875
5140,113.19316161423922,135,135,0.01,1.166331676421342,0.946044921875
5141,12.0,14,13,0.01,0.9833879917860031,0.173828125
5142,92.27318964898586,109,109,0.01,1.0936725336477298,0.934326171875
5143,98.10780638456345,108,107,0.01,1.119985169282666,0.712646484375
5144,24.439913988113403,27,26,0.01,1.1476404799355402,0.310546875
5145,69.0225259065628,74,73,0.01,1.060729775678467,0.646240234375
5146,2.0,4,3,0.01,1.299449622631073,0.032470703125
5147,6.9510446190834045,9,8,0.01,1.1170758737458124,0.08349609375
5148,35.15393948554993,38,37,0.01,1.158407684219511,0.27001953125
5149,68.80459755659103,75,74,0.01,1.1091162677605946,0.66796875
5150,73.98095399141312,81,80,0.01,1.1143757653089217,0.742919921875
5151,62.49736315011978,69,68,0.01,1.0954459732857302,0.556884765625
5152,79.84877102077007,90,90,0.01,1.1731107930342357,0.963134765625
5153,107.08410507440567,126,126,0.01,1.110905368413244,0.9306640625
5154,106.15101483464241,121,120,0.01,1.0802989784351065,0.889404296875
5155,114.51177084445953,129,128,0.01,1.075429609117582,0.914306640625
5156,79.66782139241695,104,104,0.01,1.1280827986506314,0.96484375
5157,75.26098480820656,87,86,0.01,1.1566098613300542,0.867919921875
5158,4.0,6,5,0.01,0.9180616736412048,0.031982421875
5159,56.60442924499512,62,61,0.01,1.1261265075975848,0.75390625
5160,-1.0,1,0,0.01,0.7103223204612732,0.0
5161,91.52197369933128,105,105,0.01,1.0359613779045287,0.955810546875
5162,106.25386586785316,124,124,0.01,1.066147253157631,0.945068359375
5163,101.9365723207593,115,115,0.01,1.0552510800568953,0.981689453125
5164,44.76007950305939,49,48,0.01,1.0471614270794147,0.430908203125
5165,88.08213391900063,110,110,0.01,1.035583879459988,0.966796875
5166,92.84081559628248,118,118,0.01,0.9804716586308965,0.96533203125
5167,78.7830765992403,92,92,0.01,1.177456407443337,0.970458984375
5168,34.99619382619858,38,37,0.01,1.0126032217552787,0.2626953125
5169,107.34645530581474,124,124,0.01,1.0387604558660137,0.954833984375
5170,66.25891000032425,72,71,0.01,1.1351248828901186,0.678466796875
5171,37.65908885002136,41,40,0.01,0.975163204277434,0.172607421875
5172,25.372264564037323,28,27,0.01,0.942885765007564,0.140380859375
5173,69.74744212627411,74,73,0.01,1.0946929684361897,0.5625
5174,81.8640084117651,94,94,0.01,1.0036127614848158,0.966064453125
5175,0.0,2,1,0.01,0.5674565881490707,0.0
5176,116.50302717834711,138,138,0.01,1.089100214018338,0.95068359375
5177,81.7551354020834,106,106,0.01,1.053850161860574,0.971923828125
5178,5.0,7,6,0.01,1.009794635432107,0.015625
5179,101.9825588464737,120,120,0.01,1.0059066630899907,0.96875
5180,109.6409038156271,132,132,0.01,1.0592703329342785,0.971435546875
5181,120.33631505817175,147,147,0.01,1.055096676763223,0.923583984375
5182,16.19146239757538,19,18,0.01,1.1916798494364087,0.1357421875
5183,6.0,8,7,0.01,1.2591559886932373,0.071533203125
5184,13.644715666770935,16,15,0.01,0.9526865258812904,0.16259765625
5185,112.28678341209888,146,146,0.01,0.9485771884656933,0.92724609375
5186,86.76113837957382,95,94,0.01,1.083575682577334,0.828369140625
5187,90.5887103676796,100,99,0.01,1.170045359134674,0.549560546875
5188,71.74836528301239,79,79,0.01,0.9969350846507882,0.979736328125
5189,43.65719622373581,50,49,0.01,0.9883468371629714,0.24658203125
5190,84.86093287169933,96,96,0.01,1.054184122942388,0.938720703125
5191,103.18538519740105,120,120,0.01,1.076861002172033,0.94921875
5192,61.04222685098648,65,64,0.01,1.0471841239012205,0.59521484375
5193,92.59064489603043,102,101,0.01,1.025863857830272,0.842041015625
5194,24.39322119951248,27,26,0.01,1.0026732020907931,0.12841796875
5195,73.75164687633514,90,89,0.01,1.0241912633180619,0.932861328125
5196,97.36723439395428,117,117,0.01,1.0264690082806807,0.97900390625
5197,86.43271166086197,100,99,0.01,1.0178350475430489,0.655029296875
5198,101.74871644377708,120,120,0.01,1.0272588686396678,0.9580078125
5199,105.32863886654377,134,134,0.01,1.0120968876489953,0.893310546875
5200,85.48178443312645,105,105,0.01,1.054416409844444,0.93896484375
5201,69.34511893987656,75,74,0.01,1.0576225451628367,0.587158203125
5202,106.41904103755951,124,124,0.01,1.0428870796195921,0.967529296875
5203,62.63458168506622,67,66,0.01,1.074979664229635,0.616455078125
5204,83.9154332280159,100,99,0.01,1.0546530568599701,0.887939453125
5205,89.56072700023651,100,99,0.01,1.0852702525258064,0.710205078125
5206,83.66034995019436,99,99,0.01,1.0221529946182712,0.888916015625
5207,63.19040536880493,68,67,0.01,1.0712065828197144,0.482666015625
5208,98.24908077716827,121,121,0.01,0.9601404730938683,0.955810546875
5209,89.68997013568878,103,103,0.01,1.157223213355518,0.96240234375
5210,102.57156665623188,118,118,0.01,1.0456825251043853,0.9765625
5211,123.50123530626297,145,145,0.01,1.051237187508879,0.97021484375
5212,59.496465384960175,64,63,0.01,1.0306704775430262,0.530029296875
5213,81.4741581082344,90,89,0.01,1.1087132202254402,0.8759765625
5214,62.405435264110565,68,67,0.01,1.0841464334551025,0.480224609375
5215,17.7749302983284,20,19,0.01,1.00445763617754,0.192138671875
5216,82.83919757604599,89,88,0.01,1.0414561505398054,0.738525390625
5217,2.0,4,3,0.01,1.0201949179172516,0.022216796875
5218,100.24292828142643,113,113,0.01,1.0783990363104154,0.976318359375
5219,101.4638902246952,117,117,0.01,1.0272883215011694,0.95166015625
5220,91.02595667541027,106,105,0.01,1.041557231320525,0.91259765625
5221,18.104998469352722,21,20,0.01,1.0153392468179976,0.176513671875
5222,94.1391785889864,109,109,0.01,1.002919815549063,0.94921875
5223,101.40861077606678,122,122,0.01,0.9407108408994362,0.964111328125
5224,40.14342260360718,43,42,0.01,1.0136132437822432,0.29296875
5225,105.86887867748737,125,125,0.01,1.0288932733535767,0.950439453125
5226,25.647138595581055,28,27,0.01,1.0012739204934664,0.23583984375
5227,107.52500531077385,116,116,0.01,1.0471782828199452,0.9248046875
5228,55.01459497213364,59,58,0.01,0.9429945864919889,0.411865234375
5229,40.836766600608826,44,43,0.01,0.9476037513126027,0.236083984375
5230,25.081368565559387,28,27,0.01,1.1971008841480528,0.240478515625
5231,68.27862823009491,74,73,0.01,0.9314748954934042,0.491455078125
5232,50.60407167673111,55,54,0.01,0.9485469308766452,0.445556640625
5233,110.72805421799421,133,133,0.01,0.9275977946537778,0.953369140625
5234,95.16060787439346,121,120,0.01,0.8925059876166099,0.8828125
5235,69.10521563887596,84,84,0.01,1.0254687351130305,0.94384765625
5236,83.61594894528389,95,95,0.01,0.949889402013076,0.880126953125
5237,12.694656491279602,15,14,0.01,1.1137292762597402,0.1533203125
5238,104.25401060283184,117,117,0.01,0.9397820672418318,0.918701171875
5239,93.30513566732407,101,101,0.01,1.0481124476040944,0.9287109375
5240,109.04047453403473,125,125,0.01,1.020309598684311,0.95849609375
5241,1.0,3,2,0.01,1.0350926121075947,0.00537109375
5242,90.44719070196152,110,109,0.01,0.9900698268955405,0.86962890625
5243,39.69323295354843,43,42,0.01,0.9987797113352044,0.239013671875
5244,65.89509880542755,72,71,0.01,0.9913342913819684,0.561279296875
5245,90.30958285927773,107,107,0.01,1.0226529507993538,0.92431640625
5246,79.80112005770206,109,109,0.01,0.990417490038303,0.9365234375
5247,46.31534296274185,51,50,0.01,0.9858709889299729,0.578369140625
5248,21.747431874275208,24,23,0.01,0.9076410233974457,0.160888671875
5249,101.67342364788055,115,115,0.01,1.0617468307847562,0.93896484375
5250,91.8147161602974,106,105,0.01,1.026331180109168,0.81787109375
5251,99.48370933532715,119,119,0.01,1.0700729364106636,0.973388671875
5252,3.972368896007538,6,5,0.01,1.2372552156448364,0.025634765625
5253,21.784406781196594,24,23,0.01,1.0568109937012196,0.318115234375
5254,88.45429392158985,104,104,0.01,1.0328616600197096,0.96875
5255,96.6307287812233,118,117,0.01,1.0005265499575664,0.814208984375
5256,107.63657733798027,125,125,0.01,1.0242437481880189,0.9091796875
5257,91.78954719752073,117,117,0.01,0.9670972538809491,0.950439453125
5258,100.88803726434708,110,110,0.01,1.0521823899312452,0.9521484375
5259,11.83007150888443,14,13,0.01,1.1650618825639998,0.126220703125
5260,121.07432229816914,142,142,0.01,1.0675613683923868,0.95947265625
5261,91.32903815805912,111,111,0.01,1.0129726271371584,0.953857421875
5262,89.54048374295235,107,107,0.01,0.9723873531149927,0.953125
5263,99.7219475209713,110,110,0.01,1.0345626850019802,0.91357421875
5264,74.22565686702728,87,87,0.01,1.0692761184155255,0.9326171875
5265,65.08079028129578,72,71,0.01,0.9742269168297449,0.5576171875
5266,66.39773541688919,71,70,0.01,1.087820323630118,0.523193359375
5267,110.28271782398224,131,131,0.01,0.9921839717235273,0.961181640625
5268,6.95651638507843,9,8,0.01,1.0630433691872492,0.030029296875
5269,96.28461700677872,110,109,0.01,0.9924389923160727,0.888671875
5270,37.441728949546814,40,39,0.01,1.000648844242096,0.382080078125
5271,91.35909326374531,102,102,0.01,0.9725761720362831,0.975830078125
5272,100.30094231665134,128,128,0.01,1.0456793187186122,0.9443359375
5273,38.189648389816284,41,40,0.01,1.1330458449154366,0.392578125
5274,102.5021528750658,134,134,0.01,1.1006340758124393,0.92822265625
5275,57.79184514284134,63,62,0.01,1.0589097232099562,0.62890625
5276,36.30729162693024,40,39,0.01,0.9325837515294552,0.45654296875
5277,4.91765171289444,7,6,0.01,1.038190986428942,0.07470703125
5278,42.860615968704224,47,46,0.01,1.0575866103172302,0.400390625
5279,82.98075819015503,99,99,0.01,0.9607391125626035,0.949951171875
5280,11.821047246456146,14,13,0.01,0.9389808944293431,0.072021484375
5281,18.75598281621933,21,20,0.01,1.1015290163812184,0.11376953125
5282,39.59276217222214,43,42,0.01,1.0240614462730497,0.4287109375
5283,84.5625616684556,107,107,0.01,1.0820440783678928,0.945068359375
5284,106.94710350036621,135,135,0.01,1.0917971664004855,0.906494140625
5285,114.10016509145498,140,140,0.01,1.0856317899056844,0.96728515625
5286,85.08622163534164,100,100,0.01,1.0612045946717261,0.96044921875
5287,25.417744755744934,28,27,0.01,1.214202273104872,0.111083984375
5288,93.16087564826012,103,103,0.01,1.0591177807270902,0.94873046875
5289,91.53162311762571,109,109,0.01,0.9863688418077766,0.95703125
5290,77.51327407360077,84,83,0.01,1.006110514558497,0.48779296875
5291,106.78097472339869,124,124,0.01,1.1583070074838977,0.950927734375
5292,28.81369459629059,32,31,0.01,1.1314541902393103,0.180419921875
5293,73.68897348642349,83,82,0.01,1.0552245848868267,0.7783203125
5294,7.963029980659485,10,9,0.01,1.266909772157669,0.118408203125
5295,103.02567768096924,126,126,0.01,1.1006310455619344,0.9521484375
5296,106.54712404310703,132,132,0.01,1.0832573102053367,0.9638671875
5297,53.17528235912323,57,56,0.01,1.1017263421886845,0.42578125
5298,35.23845201730728,38,37,0.01,1.1453925614294254,0.30224609375
5299,38.22206491231918,41,40,0.01,1.1061774179702852,0.298828125
5300,106.20528966933489,133,133,0.01,1.093526437654531,0.959228515625
5301,88.45118510723114,102,102,0.01,1.0787981193439633,0.8876953125
5302,80.76662631332874,92,92,0.01,1.1084123425509618,0.943359375
5303,101.18005249649286,125,125,0.01,1.097569071650505,0.946533203125
5304,108.29822661727667,136,136,0.01,1.090460946673856,0.947509765625
5305,47.089916706085205,52,51,0.01,1.0881033161511788,0.543701171875
5306,31.847360372543335,35,34,0.01,1.19905789068767,0.218505859375
5307,67.74987545609474,79,79,0.01,1.0477619148507904,0.969482421875
5308,87.62350559979677,111,111,0.01,1.0704650999726475,0.955810546875
5309,32.49848812818527,36,35,0.01,1.0913103371858597,0.3095703125
5310,105.47692716121674,117,117,0.01,1.0488871111829057,0.9111328125
5311,42.2191556096077,46,45,0.01,1.0634899806717169,0.37890625
5312,105.883380882442,126,126,0.01,1.121184350715743,0.966552734375
5313,55.60238814353943,61,60,0.01,1.1304547947938326,0.565673828125
5314,89.0044019818306,109,108,0.01,1.1240699802516798,0.873779296875
5315,24.62217342853546,28,27,0.01,1.0686639557991708,0.41455078125
5316,73.81203854084015,80,79,0.01,1.1592145390808581,0.61767578125
5317,0.0,2,1,0.01,1.273548185825348,0.005859375
5318,89.4788584113121,110,109,0.01,1.1854027753526515,0.873046875
5319,56.24504142999649,62,61,0.01,0.9685765283723031,0.52197265625
5320,104.19756932556629,124,124,0.01,1.15933831432654,0.956787109375
5321,102.24699434638023,123,123,0.01,1.1166580774919774,0.947998046875
5322,15.02136892080307,18,17,0.01,0.9792887336677976,0.1064453125
5323,11.92241656780243,14,13,0.01,1.137082529919488,0.14697265625
5324,108.78190821409225,133,133,0.01,1.058102498377176,0.97119140625
5325,35.41355037689209,39,38,0.01,1.1598995236250071,0.365966796875
5326,39.69963651895523,44,43,0.01,1.0427997877651995,0.47900390625
5327,31.64352023601532,35,34,0.01,1.1528434659753526,0.3173828125
5328,83.01685421168804,101,101,0.01,1.1017921165664597,0.89697265625
5329,99.3233729749918,118,118,0.01,1.0861108590990811,0.9541015625
5330,102.87521357834339,114,114,0.01,1.072206249623968,0.952392578125
5331,83.18589032441378,101,101,0.01,1.0816978455179989,0.946044921875
5332,66.22868710756302,75,74,0.01,1.036887707312902,0.541259765625
5333,85.28281056880951,97,96,0.01,1.0497648258184649,0.9140625
5334,108.82977104187012,122,121,0.01,1.0272342501605143,0.837646484375
5335,83.33565500378609,92,92,0.01,1.0145448086702304,0.818115234375
5336,26.171082019805908,29,28,0.01,1.0216385660500362,0.41748046875
5337,103.70913142710924,126,126,0.01,1.0589079752800956,0.93359375
5338,71.60692328214645,82,81,0.01,0.9695944489865769,0.648193359375
5339,102.50188279151917,130,130,0.01,1.0248504753296193,0.9736328125
5340,0.0,2,1,0.01,1.0378198623657227,0.001953125
5341,113.6664672344923,128,128,0.01,1.0884206918999553,0.96142578125
5342,-1.0,1,0,0.01,0.9999240636825562,0.0
5343,39.619520008563995,43,42,0.01,1.1888604482939078,0.293701171875
5344,103.76286289095879,124,124,0.01,1.107145787487107,0.962890625
5345,110.23097257316113,119,119,0.01,1.0041109729213875,0.92822265625
5346,13.913130521774292,16,15,0.01,1.0988095551729202,0.184814453125
5347,23.553570568561554,26,25,0.01,1.0964081505170236,0.12109375
5348,42.8046013712883,48,47,0.01,1.077907457947731,0.294921875
5349,27.965609908103943,31,30,0.01,1.0464978203658135,0.166748046875
5350,0.0,2,1,0.01,1.1704520881175995,0.023681640625
5351,15.633637011051178,18,17,0.01,1.1332382096184626,0.139404296875
5352,103.9280698671937,135,135,0.01,1.0695176047307473,0.9677734375
5353,4.0,6,5,0.01,0.7791177233060201,0.09228515625
5354,20.450562834739685,23,22,0.01,0.8862291127443314,0.24951171875
5355,88.63531386852264,103,103,0.01,1.040454501810583,0.9755859375
5356,114.75640712678432,155,155,0.01,1.146661090466284,0.947265625
5357,77.40545618534088,88,87,0.01,1.0860207964750854,0.788818359375
5358,78.19789081811905,86,85,0.01,1.1411154415718345,0.6044921875
5359,1.0,3,2,0.01,1.4768322110176086,0.017578125
5360,74.20755395293236,112,112,0.01,1.0844133333968264,0.9619140625
5361,53.277079641819,57,56,0.01,1.1157836527155156,0.44189453125
5362,43.36764472723007,48,47,0.01,1.094329444070657,0.382568359375
5363,25.44082337617874,28,27,0.01,1.1816208330648286,0.20556640625
5364,94.18906930834055,115,115,0.01,1.124620302086291,0.93994140625
5365,97.66589412093163,115,114,0.01,1.1175057209056356,0.8359375
5366,4.0,6,5,0.01,0.8199834724267324,0.039306640625
5367,114.30157700181007,143,143,0.01,1.0597952612630137,0.944580078125
5368,46.73353868722916,51,50,0.01,1.070475953466752,0.338134765625
5369,97.20342761278152,114,114,0.01,1.0662473772178616,0.974853515625
5370,97.43580859899521,112,111,0.01,1.101609657917704,0.93505859375
5371,113.02990867197514,123,123,0.01,1.0820247959799882,0.9697265625
5372,32.58675408363342,36,35,0.01,1.0743624286519156,0.2705078125
5373,87.38027593493462,106,106,0.01,1.0795846438070513,0.9482421875
5374,58.30690777301788,67,66,0.01,1.0672367361944113,0.489013671875
5375,8.0,10,9,0.01,1.0726689517498016,0.03955078125
5376,78.45038925856352,116,116,0.01,1.0710349535119945,0.913330078125
5377,95.26304610073566,114,114,0.01,1.0409795759539855,0.93896484375
5378,126.61315870285034,142,142,0.01,1.084115614353771,0.936767578125
5379,110.84074435383081,141,141,0.01,1.1160910226774554,0.957275390625
5380,82.31778183579445,91,91,0.01,1.1102054855980716,0.970947265625
5381,73.65451395511627,91,90,0.01,1.1285910845457852,0.71142578125
5382,0.0,2,1,0.01,1.1866804361343384,0.0
5383,85.02667012810707,105,105,0.01,1.1475972658111935,0.8310546875
5384,86.76678016781807,96,96,0.01,1.1628740380207698,0.969482421875
5385,61.8182857632637,67,66,0.01,1.0328240439073364,0.553955078125
5386,74.84005618095398,80,79,0.01,1.0580754417926073,0.54296875
5387,88.4205414056778,116,116,0.01,1.0416059786903447,0.96484375
5388,97.79837128520012,113,113,0.01,1.0892257827573117,0.973876953125
5389,99.0275552123785,112,112,0.01,1.0922885952251298,0.95458984375
5390,113.17711719125509,141,141,0.01,1.0932224420368248,0.9296875
5391,38.923763692379,42,41,0.01,1.0812202734606606,0.32275390625
5392,74.94879812002182,84,83,0.01,1.0662392576535542,0.79248046875
5393,92.86824415624142,118,117,0.01,1.1485953626491257,0.932861328125
5394,103.81381094455719,126,126,0.01,1.0291325051396611,0.88916015625
5395,22.560475051403046,25,24,0.01,1.291804118156433,0.140625
5396,101.47267007827759,121,121,0.01,1.1745975601279046,0.966552734375
5397,84.54830305278301,99,99,0.01,1.0470303929213323,0.970947265625
5398,114.14986389130354,148,148,0.01,1.1151290856100418,0.981201171875
5399,106.97942613810301,132,132,0.01,1.1242605774014285,0.962646484375
5400,79.34663113951683,91,90,0.01,1.0500113446633894,0.9384765625
5401,80.93388567864895,102,102,0.01,1.1175261113573522,0.905517578125
5402,62.77649784088135,68,67,0.01,1.1309971327290815,0.661376953125
5403,84.9911191612482,98,98,0.01,1.0537479313052431,0.947021484375
5404,71.65698611736298,78,77,0.01,1.1057652189181402,0.587646484375
5405,93.3430348187685,109,109,0.01,1.0962926444657353,0.970947265625
5406,74.4259033575654,90,90,0.01,1.1399153196149403,0.936767578125
5407,111.70924384891987,141,141,0.01,1.0881239653479122,0.912109375
5408,5.8920934200286865,8,7,0.01,1.1675560399889946,0.120361328125
5409,103.97442936897278,131,131,0.01,1.1345229982647278,0.964111328125
5410,130.06186185777187,153,153,0.01,1.106567012133941,0.978515625
5411,6.0,8,7,0.01,1.1602624133229256,0.052734375
5412,83.39068554341793,101,101,0.01,1.2096205108826703,0.97802734375
5413,120.17580187320709,138,138,0.01,1.129077216313369,0.9609375
5414,20.785563349723816,23,22,0.01,1.29006928982942,0.307373046875
5415,89.05156362056732,102,102,0.01,1.0772424848640667,0.837158203125
5416,34.45293653011322,37,36,0.01,1.1330973175731864,0.29052734375
5417,39.036265790462494,42,41,0.01,1.052248158625194,0.255859375
5418,55.21108686923981,59,58,0.01,1.1320598115355283,0.337158203125
5419,61.8159801363945,72,71,0.01,1.1604576127396689,0.722412109375
5420,82.74663043022156,92,92,0.01,1.1675117501746053,0.929931640625
5421,4.925539672374725,7,6,0.01,1.1982923660959517,0.0458984375
5422,61.166359424591064,66,65,0.01,1.1225492046637968,0.71240234375
5423,116.23111607134342,146,146,0.01,1.1493900014113074,0.95458984375
5424,95.48836673796177,107,107,0.01,1.0826666221440395,0.968505859375
5425,101.07749581336975,118,117,0.01,1.0669159083548239,0.794677734375
5426,118.26457127928734,138,138,0.01,1.104544468332028,0.916748046875
5427,65.33911067247391,72,71,0.01,1.0830062590539455,0.4931640625
5428,46.97908729314804,50,49,0.01,1.174141798019409,0.530517578125
5429,0.0,2,1,0.01,0.7896569967269897,0.0
5430,95.7151589691639,113,113,0.01,1.0502498242179905,0.950927734375
5431,91.76100389659405,110,110,0.01,1.0729028774933382,0.964111328125
5432,8.906014025211334,11,10,0.01,1.2340436523610896,0.087890625
5433,78.71462619304657,96,95,0.01,1.0953490923469265,0.84814453125
5434,106.12132799625397,122,122,0.01,1.113763740805329,0.974609375
5435,99.21703702956438,123,123,0.01,1.1274101179305132,0.97265625
5436,111.88737033307552,130,130,0.01,1.1369869796129373,0.96484375
5437,63.5251402258873,69,68,0.01,1.0467195001201353,0.4306640625
5438,93.82061414420605,110,110,0.01,1.1856929264285347,0.96337890625
5439,38.91549229621887,42,41,0.01,1.2423090721879686,0.403564453125
5440,87.01984302699566,103,103,0.01,1.1873217971579542,0.94091796875
5441,26.38304203748703,29,28,0.01,1.0050902161104927,0.1796875
5442,101.64028064906597,125,125,0.01,1.1217702391147613,0.973876953125
5443,66.47197937965393,77,76,0.01,1.200164946642789,0.708251953125
5444,61.036332964897156,67,66,0.01,1.1176268513967742,0.63525390625
5445,37.286948680877686,43,42,0.01,1.1105034018671789,0.42236328125
5446,71.10420545935631,90,89,0.01,1.1840044541491404,0.7568359375
5447,82.45511031150818,90,89,0.01,1.2145950151814355,0.678955078125
5448,95.96767219901085,117,117,0.01,1.1742431129145825,0.920654296875
5449,106.41886445879936,130,130,0.01,1.2210426713411624,0.931396484375
5450,92.80304232239723,114,114,0.01,1.2150420023683917,0.978271484375
5451,13.279714167118073,16,15,0.01,1.164299800992012,0.10302734375
5452,96.01808233559132,116,116,0.01,1.1302900309192723,0.96044921875
5453,91.55105936527252,102,102,0.01,1.1080530683199565,0.95263671875
5454,103.71445280313492,118,118,0.01,1.1920987067081161,0.922607421875
5455,110.82445639371872,125,124,0.01,1.23658119225502,0.8154296875
5456,112.7829826772213,135,135,0.01,1.2320371934661158,0.973876953125
5457,96.23759622126818,120,120,0.01,1.2416760983566444,0.970458984375
5458,4.863829135894775,7,6,0.01,1.4271161811692374,0.15478515625
5459,91.45499865710735,112,112,0.01,1.216808087591614,0.955078125
5460,77.81504341959953,89,89,0.01,1.1850485383124834,0.953857421875
5461,84.2785315811634,101,101,0.01,1.1559882845618936,0.91943359375
5462,-1.0,1,0,0.01,0.9508165121078491,0.0
5463,8.878732800483704,11,10,0.01,1.1871011744845996,0.0546875
5464,5.915233254432678,8,7,0.01,1.2069277167320251,0.11181640625
5465,4.0,6,5,0.01,1.0170920342206955,0.143310546875
5466,95.22147709131241,106,105,0.01,1.2199637487811863,0.7822265625
5467,71.39577442407608,79,78,0.01,1.2873754154277752,0.635498046875
5468,4.0,6,5,0.01,1.2320713897546132,0.079833984375
5469,32.11584115028381,35,34,0.01,1.219537205355508,0.215576171875
5470,105.70194831490517,121,120,0.01,1.2477177117974305,0.79736328125
5471,37.03915220499039,41,40,0.01,1.2700064589337605,0.297607421875
5472,89.85801766812801,113,113,0.01,1.2190626522081087,0.910888671875
5473,88.21451875567436,106,106,0.01,1.247313658302685,0.970458984375
5474,83.58863699436188,107,107,0.01,1.2288427536732682,0.9248046875
5475,22.60660821199417,26,25,0.01,1.197377867423571,0.20654296875
5476,5.930514752864838,8,7,0.01,1.5109631270170212,0.06640625
5477,83.13682588934898,100,100,0.01,1.0940736800432205,0.942138671875
5478,82.37694984674454,99,99,0.01,1.2525299456384447,0.971923828125
5479,44.841856360435486,50,49,0.01,1.1896918785572053,0.3154296875
5480,78.96178790926933,96,96,0.01,1.2043959811950724,0.943603515625
5481,33.03273266553879,36,35,0.01,1.0489111170172691,0.347412109375
5482,98.32204868644476,122,122,0.01,1.1426425527353756,0.9443359375
5483,114.92359040677547,137,137,0.01,1.1717942607228773,0.957763671875
5484,99.66126029193401,120,120,0.01,1.1842040136456489,0.966796875
5485,60.35917288064957,66,65,0.01,1.1212399665153387,0.5869140625
5486,53.46938353776932,58,57,0.01,1.2016704473002204,0.43896484375
5487,74.92835062742233,85,85,0.01,1.1957526469931883,0.971435546875
5488,109.38963312655687,134,134,0.01,1.2504194118638536,0.94677734375
5489,108.7081778049469,125,125,0.01,1.317431499481201,0.962158203125
5490,111.88289226591587,132,132,0.01,1.2615337730808691,0.95751953125
5491,56.241277277469635,62,61,0.01,1.2401993813053254,0.448486328125
5492,3.9507158994674683,6,5,0.01,1.3249218314886093,0.047607421875
5493,43.3924674987793,48,47,0.01,1.1536212743570406,0.44580078125
5494,123.37761299312115,150,150,0.01,1.232917022705078,0.967529296875
5495,95.00750885903835,111,111,0.01,1.1729161100344614,0.964599609375
5496,23.453716576099396,26,25,0.01,1.3048532834419837,0.1318359375
5497,70.301564514637,80,79,0.01,1.2871759328991175,0.67236328125
5498,81.9067127853632,106,106,0.01,1.2894430600528448,0.956787109375
5499,97.80724292248487,116,116,0.01,1.1353872120380402,0.96337890625
5500,95.70415457338095,122,122,0.01,1.2028587000047575,0.937255859375
5501,14.0,16,15,0.01,1.0678916852921247,0.182373046875
5502,105.094471514225,121,121,0.01,1.1752859780118485,0.963134765625
5503,84.78849197924137,107,107,0.01,1.1655325491294684,0.92431640625
5504,46.639972269535065,50,49,0.01,1.2000023823976518,0.45849609375
5505,9.950236797332764,12,11,0.01,1.0797042946020763,0.09814453125
5506,43.88357639312744,47,46,0.01,1.06641183381385,0.472412109375
5507,57.289881229400635,62,61,0.01,1.2169594216731288,0.51220703125
5508,99.5451871752739,121,121,0.01,1.071920711762649,0.97412109375
5509,29.41104882955551,33,32,0.01,1.1013142105304834,0.192626953125
5510,102.02625051885843,117,117,0.01,1.1442657856859713,0.959716796875
5511,98.51618707925081,122,122,0.01,1.1672581084927574,0.912109375
5512,114.79689487814903,133,133,0.01,1.1175552310800194,0.96533203125
5513,111.48471021652222,122,121,0.01,1.0523324374292717,0.8251953125
5514,116.69812667369843,148,148,0.01,1.1562890780938637,0.9345703125
5515,93.48601222038269,117,117,0.01,1.1605542732609644,0.94140625
5516,0.0,2,1,0.01,1.466654360294342,0.015380859375
5517,9.0,11,10,0.01,0.9721862809224562,0.106201171875
5518,1.0,3,2,0.01,1.2765682140986125,0.003662109375
5519,88.32186268270016,109,109,0.01,1.1590001902995852,0.9794921875
5520,96.6982783973217,115,114,0.01,1.170129290352697,0.921142578125
5521,96.80692854523659,109,109,0.01,1.1686767807247442,0.920166015625
5522,105.72404012084007,121,121,0.01,1.1710895615175736,0.931884765625
5523,15.806461989879608,18,17,0.01,1.113809757762485,0.197021484375
5524,74.27074936032295,89,89,0.01,1.1238153548388,0.931640625
5525,4.943885505199432,7,6,0.01,1.3150693603924342,0.062744140625
5526,81.08025901019573,97,97,0.01,1.1092468825812192,0.96435546875
5527,102.93441535532475,114,114,0.01,1.1403522253559346,0.949462890625
5528,77.04657810926437,89,88,0.01,1.0459532526771673,0.73974609375
5529,80.23949146270752,93,93,0.01,1.1831437881274889,0.9814453125
5530,100.16945465654135,120,120,0.01,1.1697317197918893,0.96337890625
5531,46.19020318984985,50,49,0.01,1.0942610096931458,0.46142578125
5532,34.01938855648041,37,36,0.01,1.0787894008932888,0.32080078125
5533,69.59104447066784,82,82,0.01,1.098089402405227,0.928466796875
5534,115.9472241550684,127,127,0.01,1.106449374415743,0.976318359375
5535,101.90864253044128,120,120,0.01,1.1749538265168666,0.888427734375
5536,100.84557788074017,118,118,0.01,1.0942187592134638,0.929443359375
5537,78.18646359443665,86,85,0.01,1.1515309876480768,0.712158203125
5538,-1.0,1,0,0.01,0.5142106413841248,0.0
5539,93.27150920033455,117,117,0.01,1.119323906990198,0.96875
5540,49.118977308273315,55,54,0.01,1.1088762651790272,0.40673828125
5541,102.68458372354507,115,115,0.01,1.1334460331046063,0.93994140625
5542,54.11695259809494,58,57,0.01,1.133786624875562,0.438232421875
5543,96.42605018615723,111,110,0.01,1.0972490133465946,0.834228515625
5544,-1.0,1,0,0.01,1.2161610126495361,0.0
5545,100.6385902017355,116,116,0.01,1.0531596337156048,0.977294921875
5546,96.78179030120373,110,110,0.01,1.1370051806623285,0.967529296875
5547,85.69736903905869,93,92,0.01,1.1344837245120798,0.684814453125
5548,106.5345017015934,120,120,0.01,1.0366870855291686,0.95947265625
5549,107.0079323798418,133,133,0.01,1.101822507112546,0.961669921875
5550,98.73544327914715,121,121,0.01,1.1282302284043682,0.976806640625
5551,61.6683509349823,68,67,0.01,1.0821329324561006,0.491943359375
5552,108.43449492752552,133,133,0.01,1.0665358648936551,0.9482421875
5553,26.883930802345276,30,29,0.01,1.1045911287268002,0.406982421875
5554,116.1890469044447,137,137,0.01,1.118855834877404,0.97265625
5555,112.78916271775961,142,142,0.01,1.0760780858321928,0.978759765625
5556,21.571494817733765,24,23,0.01,0.9986349878211817,0.1611328125
5557,92.23413619399071,111,111,0.01,1.1238218752650526,0.9384765625
5558,97.61133137345314,120,120,0.01,1.0947217072049777,0.953125
5559,98.87697413563728,122,122,0.01,1.0793097241491567,0.95556640625
5560,101.20008635520935,132,132,0.01,1.1589825878089124,0.9482421875
5561,105.55552491545677,117,117,0.01,1.0736825257285028,0.88037109375
5562,47.65290701389313,52,51,0.01,0.9970815663154309,0.304931640625
5563,92.1701033115387,102,102,0.01,1.0501646113161947,0.947509765625
5564,83.87216281890869,97,96,0.01,1.1748793536854774,0.676025390625
5565,106.811389118433,125,125,0.01,1.1231804587841034,0.947265625
5566,18.54525738954544,21,20,0.01,0.9598767118794578,0.146728515625
5567,92.97919242084026,113,113,0.01,1.0738156635676865,0.951171875
5568,44.50701755285263,48,47,0.01,1.038541167974472,0.40478515625
5569,10.90004688501358,13,12,0.01,0.8567845637981708,0.1015625
5570,72.28894078731537,78,77,0.01,1.0146211347518823,0.74853515625
5571,78.3947005867958,88,87,0.01,1.0548502762209286,0.751953125
5572,81.96867871284485,92,92,0.01,1.090624605184016,0.959716796875
5573,86.77432414144278,109,109,0.01,0.9994851760908005,0.9560546875
5574,92.49662667512894,128,128,0.01,1.1037723044864833,0.973876953125
5575,30.464860320091248,33,32,0.01,1.0687656808983197,0.23046875
5576,44.77379947900772,50,49,0.01,1.0234345346689224,0.38037109375
5577,103.33555632829666,116,115,0.01,1.1002526183066696,0.79638671875
5578,28.27244520187378,31,30,0.01,1.0167272888845014,0.27490234375
5579,63.18069911003113,67,66,0.01,1.0367542629811302,0.760498046875
5580,108.05136558413506,123,123,0.01,1.0728181215321146,0.96533203125
5581,94.311478510499,115,115,0.01,1.0608703737673553,0.968017578125
5582,9.907915771007538,12,11,0.01,1.1172700077295303,0.0703125
5583,93.29354298114777,104,103,0.01,1.0371672469549453,0.70654296875
5584,27.0448100566864,30,29,0.01,0.9221886555353801,0.22509765625
5585,98.89736485481262,116,116,0.01,1.0620485729184643,0.946533203125
5586,97.91975322365761,114,114,0.01,1.0694867605180072,0.890380859375
5587,9.896716952323914,12,11,0.01,1.0785393019517262,0.1025390625
5588,45.01347643136978,49,48,0.01,1.1276856593939724,0.387451171875
5589,25.35323017835617,28,27,0.01,1.2771550832050187,0.2138671875
5590,89.72679543495178,99,98,0.01,1.0426699452930026,0.775634765625
5591,60.5885871052742,64,63,0.01,1.0126033807173371,0.529541015625
5592,75.90571337938309,87,86,0.01,1.0529442456946976,0.882080078125
5593,95.27441692352295,110,110,0.01,1.0558570989153602,0.984375
5594,97.84077423810959,116,116,0.01,1.0554929758454192,0.973876953125
5595,101.93396747112274,122,121,0.01,1.1187844977515642,0.7451171875
5596,77.9323034286499,89,89,0.01,0.9644118714868353,0.935791015625
5597,83.91303318738937,98,97,0.01,1.032837692572146,0.740234375
5598,40.0998792052269,44,43,0.01,1.116754720156843,0.381591796875
5599,67.30547362565994,76,75,0.01,1.062012710461491,0.568359375
5600,35.02553063631058,38,37,0.01,1.1617410041783984,0.337158203125
5601,103.47795094549656,126,126,0.01,1.0316109181869597,0.966796875
5602,49.85035878419876,53,52,0.01,1.0335827233656398,0.421142578125
5603,15.715040028095245,18,17,0.01,0.9785038166575961,0.11767578125
5604,100.97067704796791,129,129,0.01,1.1076512177323186,0.96337890625
5605,85.54728454351425,104,104,0.01,1.040183127212983,0.965087890625
5606,94.2610609382391,123,123,0.01,1.0353575949746419,0.933349609375
5607,65.39943301677704,76,76,0.01,1.0967787492432093,0.981201171875
5608,32.847502291202545,36,35,0.01,1.139138725068834,0.44775390625
5609,90.40210942924023,108,108,0.01,1.1119048137355734,0.9677734375
5610,59.3058620095253,66,65,0.01,1.10518856075677,0.53515625
5611,3.0,5,4,0.01,1.1930038213729859,0.009521484375
5612,57.39055436849594,67,66,0.01,1.0044124611278078,0.34228515625
5613,104.99831672757864,131,131,0.01,1.0411371065460089,0.936767578125
5614,78.62247408926487,90,90,0.01,1.033190105193191,0.93115234375
5615,120.85015287995338,156,156,0.01,1.0731630113262396,0.953125
5616,-1.0,1,0,0.01,0.6629179120063782,0.0
5617,92.98439879715443,103,103,0.01,1.1300684850192764,0.97509765625
5618,94.76718351244926,126,126,0.01,1.102366285901221,0.8583984375
5619,27.07828027009964,30,29,0.01,1.1381691654523214,0.195068359375
5620,43.519539415836334,48,47,0.01,1.1435410579045613,0.32958984375
5621,113.96430477499962,134,134,0.01,1.087389200925827,0.9443359375
5622,11.752716541290283,14,13,0.01,1.1075610050133295,0.080810546875
5623,67.00024557113647,78,77,0.01,1.2077369361351697,0.522705078125
5624,104.58498196303844,125,125,0.01,1.1918704268932343,0.9716796875
5625,85.85220189392567,111,111,0.01,1.133941197180533,0.972900390625
5626,36.95221787691116,41,40,0.01,1.1168408771840537,0.3125
5627,81.30272588133812,99,99,0.01,1.1969039235452208,0.9560546875
5628,95.98107415437698,105,104,0.01,1.2109479696977705,0.8251953125
5629,28.286155939102173,31,30,0.01,1.1515473242728942,0.2119140625
5630,88.36778226494789,119,119,0.01,1.1478261171268815,0.91943359375
5631,43.938073575496674,48,47,0.01,1.0537819551924865,0.241943359375
5632,91.63290224969387,120,120,0.01,1.1180367032686869,0.968505859375
5633,1.0,3,2,0.01,1.3960537711779277,0.052001953125
5634,107.2558860257268,127,127,0.01,1.1147634027980444,0.938232421875
5635,10.819362878799438,13,12,0.01,1.2313345212202806,0.068115234375
5636,96.22091110050678,133,133,0.01,1.1277077175620804,0.9189453125
5637,14.61549985408783,17,16,0.01,1.1991922469700085,0.125732421875
5638,-1.0,1,0,0.01,0.9490561485290527,0.0
5639,95.91378903388977,109,109,0.01,1.1295277569272102,0.990966796875
5640,37.182701766490936,40,39,0.01,1.1486263170838356,0.220458984375
5641,83.48992146551609,107,107,0.01,1.1559089249539598,0.861572265625
5642,88.79593242704868,103,103,0.01,1.0821210976364544,0.972412109375
5643,31.642459869384766,35,34,0.01,1.0883291602134704,0.22802734375
5644,50.80592119693756,60,59,0.01,1.1672905375560125,0.485595703125
5645,96.12240615487099,110,110,0.01,1.1608616701581262,0.935546875
5646,6.888051986694336,9,8,0.01,1.454126861360338,0.05419921875
5647,99.47031632810831,125,125,0.01,1.1630699682235717,0.9326171875
5648,42.59334868192673,46,45,0.01,1.2435141076212344,0.381591796875
5649,15.95785254240036,18,17,0.01,1.0633031576871872,0.1376953125
5650,88.72567503154278,110,110,0.01,1.1539072134278037,0.931640625
5651,77.80661487579346,88,87,0.01,1.3119551177051934,0.591552734375
5652,76.370430290699,84,83,0.01,1.179239300744874,0.738525390625
5653,111.84284621477127,134,134,0.01,1.17716890384457,0.975341796875
5654,77.97366678714752,86,85,0.01,1.1571308225393295,0.886474609375
5655,77.92086607217789,85,84,0.01,1.1583665938938366,0.701171875
5656,98.21361212432384,126,126,0.01,1.161165183498746,0.974853515625
5657,112.77706126868725,139,138,0.01,1.1930384590900203,0.9482421875
5658,-1.0,1,0,0.01,0.7568756937980652,0.0
5659,20.586265921592712,23,22,0.01,1.133672017118205,0.216796875
5660,98.76202791929245,123,123,0.01,1.0923832104942663,0.943603515625
5661,98.7077082246542,120,120,0.01,1.1732537612318992,0.9482421875
5662,51.232187151908875,55,54,0.01,1.3120507408272137,0.450927734375
5663,120.87754206359386,145,145,0.01,1.1743273950856308,0.945556640625
5664,107.22943682968616,132,132,0.01,1.2019356821071019,0.9453125
5665,65.27290123701096,72,71,0.01,1.2424203159494533,0.55615234375
5666,31.82995092868805,35,34,0.01,1.2039713059152877,0.31884765625
5667,99.36834548413754,126,126,0.01,1.1991461879677243,0.9619140625
5668,113.7701706290245,130,130,0.01,1.2176472214552072,0.972412109375
5669,94.52199000120163,104,103,0.01,1.1755935366337116,0.831787109375
5670,29.34468185901642,33,32,0.01,1.2112776962193577,0.3408203125
5671,100.80651116371155,126,126,0.01,1.2547002803711664,0.942138671875
5672,14.746898889541626,17,16,0.01,1.2385415154344894,0.109375
5673,100.16366946697235,124,124,0.01,1.3033747576898145,0.93896484375
5674,30.639334440231323,34,33,0.01,1.1079852843985838,0.2783203125
5675,90.37333619594574,98,98,0.01,1.2115889288941208,0.89453125
5676,0.0,2,1,0.01,1.227450668811798,0.0
5677,92.53248436748981,116,116,0.01,1.2467562969902466,0.969970703125
5678,110.56629687547684,126,126,0.01,1.2950727095206578,0.9755859375
5679,90.6943403929472,107,107,0.01,1.242874116262543,0.964599609375
5680,87.43333211541176,100,100,0.01,1.3152745923399924,0.93994140625
5681,98.04070656001568,117,117,0.01,1.2615365946394765,0.941162109375
5682,17.670704305171967,20,19,0.01,1.2569746941328048,0.0830078125
5683,105.26532731950283,128,128,0.01,1.2330541834235191,0.950439453125
5684,108.49494268745184,131,131,0.01,1.21428381054456,0.95556640625
5685,91.02895075082779,124,124,0.01,1.2536782670405604,0.95556640625
5686,116.86157619208097,139,139,0.01,1.2565548013654544,0.966796875
5687,53.43466693162918,58,57,0.01,1.2239630725877038,0.396728515625
5688,99.98542296886444,109,108,0.01,1.2347840078926962,0.782470703125
5689,106.00115326046944,123,123,0.01,1.1961734907898476,0.93212890625
5690,101.38701727986336,131,131,0.01,1.294827731511065,0.96044921875
5691,88.68826222419739,115,115,0.01,1.2494261342546213,0.97607421875
5692,0.0,2,1,0.01,1.3365642428398132,0.0
5693,89.61997669935226,100,99,0.01,1.3671102494001388,0.744140625
5694,60.7022762298584,67,66,0.01,1.1803513169288635,0.510498046875
5695,44.400654911994934,48,47,0.01,1.1725503566364448,0.38134765625
5696,101.0086484849453,116,116,0.01,1.370701221042666,0.90625
5697,16.559346854686737,19,18,0.01,1.377431311105427,0.112548828125
5698,15.297541975975037,18,17,0.01,1.3529795043998294,0.111328125
5699,40.39599281549454,43,42,0.01,1.1629801621270734,0.359130859375
5700,29.404915750026703,32,31,0.01,1.2697738707065582,0.243896484375
5701,91.24380514025688,117,116,0.01,1.2719733651377196,0.927490234375
5702,97.17868319153786,108,108,0.01,1.2698152735829353,0.914794921875
5703,102.77314133942127,121,121,0.01,1.2460959526625546,0.93994140625
5704,94.81610424816608,122,122,0.01,1.234370477375437,0.9775390625
5705,96.10923510789871,106,105,0.01,1.2480930438581503,0.85107421875
5706,8.698100447654724,11,10,0.01,1.2661716016856106,0.06298828125
5707,58.20858007669449,62,61,0.01,1.3185544485046017,0.345458984375
5708,106.4392509907484,127,127,0.01,1.2214387406514386,0.93798828125
5709,66.26453244686127,71,70,0.01,1.285575827242623,0.494140625
5710,86.77501081675291,113,113,0.01,1.2538146846062315,0.963134765625
5711,63.67279928922653,69,68,0.01,1.1855538871841154,0.46533203125
5712,52.02173888683319,58,57,0.01,1.2759097835113262,0.575927734375
5713,64.74612671136856,71,70,0.01,1.171183618021683,0.6552734375
5714,113.00675350427628,132,132,0.01,1.294440025858807,0.9130859375
5715,113.62516039609909,129,128,0.01,1.1496008736218593,0.87548828125
5716,30.229796946048737,33,32,0.01,1.0360487193772288,0.206298828125
5717,106.27339935302734,150,150,0.01,1.2000406473875045,0.945556640625
5718,100.94943219423294,112,112,0.01,1.1743492720914739,0.908447265625
5719,65.47886899113655,74,74,0.01,1.3859710371172107,0.978271484375
5720,0.0,2,1,0.01,0.7410474717617035,0.0
5721,57.97351998090744,62,61,0.01,1.147731356082424,0.381103515625
5722,104.20928625017405,127,127,0.01,1.2558207767685567,0.9716796875
5723,90.1083358079195,114,114,0.01,1.289872497843023,0.90673828125
5724,96.61594324558973,122,122,0.01,1.269063940424411,0.971435546875
5725,80.74417068064213,95,95,0.01,1.1897008557068673,0.9775390625
5726,46.56571662425995,50,49,0.01,1.2293911373615265,0.432861328125
5727,103.96485199779272,125,125,0.01,1.2407095687389373,0.92919921875
5728,13.784797072410583,16,15,0.01,1.1629935167729855,0.113525390625
5729,85.76687188446522,110,110,0.01,1.3463004258545963,0.934326171875
5730,98.75124701857567,114,114,0.01,1.1697313576413875,0.9619140625
5731,115.94647386670113,135,135,0.01,1.2931856645478144,0.95556640625
5732,110.57805545628071,133,133,0.01,1.2739790489799099,0.920166015625
5733,80.35985545068979,110,110,0.01,1.2419939263300461,0.96630859375
5734,31.175750017166138,34,33,0.01,1.26848787595244,0.37353515625
5735,37.126175940036774,41,40,0.01,1.2544481376322305,0.397216796875
5736,97.40948277711868,122,122,0.01,1.2641963968511487,0.957275390625
5737,88.14480037987232,104,104,0.01,1.2643162694114904,0.97705078125
5738,98.54105326533318,114,114,0.01,1.1757879989189015,0.936767578125
5739,116.45949348807335,136,136,0.01,1.202111900291022,0.957763671875
5740,46.169725835323334,50,49,0.01,1.2063974410295486,0.285888671875
5741,11.910852134227753,14,13,0.01,1.3064078837633133,0.1416015625
5742,105.4945077598095,120,120,0.01,1.182063483695189,0.940673828125
5743,11.922192811965942,14,13,0.01,1.1676533775670188,0.13037109375
5744,76.54176366329193,85,84,0.01,1.2102208414498496,0.514892578125
5745,36.70061880350113,40,39,0.01,1.1597645603120328,0.262451171875
5746,71.39644807577133,78,77,0.01,1.1799638101305716,0.822265625
5747,103.2153215110302,117,117,0.01,1.209256551714025,0.92578125
5748,59.34741413593292,65,64,0.01,1.0604243374787845,0.507080078125
5749,86.73631891608238,94,94,0.01,1.2515666887481163,0.908447265625
5750,94.41790644824505,124,124,0.01,1.2138128571452633,0.94970703125
5751,80.22719949483871,87,86,0.01,1.1200165498530728,0.629150390625
5752,108.75262369215488,134,134,0.01,1.199104219675064,0.953125
5753,33.79004842042923,37,36,0.01,1.155733212425902,0.294677734375
5754,113.4923103004694,130,130,0.01,1.1858470274851873,0.97021484375
5755,34.72843688726425,38,37,0.01,1.21369542259919,0.322021484375
5756,89.0352915674448,105,105,0.01,1.1935845139480772,0.930908203125
5757,22.4793142080307,25,24,0.01,1.098183000087738,0.209228515625
5758,16.92715233564377,19,18,0.01,1.1560943158049333,0.09228515625
5759,119.231425344944,144,144,0.01,1.1107855871733692,0.939697265625
5760,75.15285229682922,84,83,0.01,1.1826174429484777,0.72900390625
5761,25.356443226337433,28,27,0.01,1.1466093574251448,0.280517578125
5762,114.00161252915859,140,140,0.01,1.1450430993522918,0.934814453125
5763,16.80998206138611,19,18,0.01,1.0921053008029336,0.1611328125
5764,64.79374742507935,73,73,0.01,1.1534538828346828,0.969970703125
5765,82.02256542444229,103,102,0.01,1.080560898317874,0.917236328125
5766,83.4034578204155,99,99,0.01,1.1851277468782482,0.93994140625
5767,-1.0,1,0,0.01,1.2410197257995605,0.0
5768,-1.0,1,0,0.01,0.9466426968574524,0.0
5769,28.966402411460876,32,31,0.01,1.2609471529722214,0.369873046875
5770,110.36480133235455,123,123,0.01,1.1055124944787684,0.972412109375
5771,-1.0,1,0,0.01,1.7919714450836182,0.0
5772,87.97434359788895,102,102,0.01,1.1353062699530638,0.967041015625
5773,77.13901989907026,96,96,0.01,1.190795975426833,0.946533203125
5774,39.26112657785416,43,42,0.01,1.166157336429108,0.438720703125
5775,90.33430109918118,136,136,0.01,1.179738912074005,0.943603515625
5776,2.0,4,3,0.01,0.9864571690559387,0.033447265625
5777,111.02337388694286,129,129,0.01,1.1968322959981224,0.9658203125
5778,67.55745446681976,75,74,0.01,1.1607392342885334,0.496826171875
5779,83.29419955611229,93,93,0.01,1.050624446522805,0.91064453125
5780,98.8454372882843,108,107,0.01,1.1491314142390534,0.728271484375
5781,62.803148210048676,71,70,0.01,1.1722521076739674,0.45361328125
5782,2.0,4,3,0.01,1.2797897458076477,0.0029296875
5783,99.79649794846773,122,122,0.01,1.153646852882182,0.948974609375
5784,74.99980741739273,82,81,0.01,1.1401672399625546,0.89794921875
5785,100.91406610608101,116,116,0.01,1.0640650232290398,0.88671875
5786,106.07577289640903,114,114,0.01,1.1306981648269452,0.97998046875
5787,79.30299731343985,95,95,0.01,1.070020497158954,0.956298828125
5788,11.941736996173859,14,13,0.01,1.0974793221269334,0.11669921875
5789,90.71757793426514,105,105,0.01,1.050981013263975,0.958251953125
5790,114.60919654369354,131,131,0.01,1.1024285040738928,0.95458984375
5791,25.234669148921967,28,27,0.01,1.1597267389297485,0.2041015625
5792,94.56314724683762,107,106,0.01,1.1210165703408073,0.65234375
5793,14.516466677188873,17,16,0.01,1.243104520966025,0.11767578125
5794,22.58762526512146,25,24,0.01,0.9366191673278809,0.205322265625
5795,50.80090689659119,54,53,0.01,1.048615628922427,0.37548828125
5796,35.97387719154358,39,38,0.01,1.0399696032206218,0.402099609375
5797,56.698105335235596,62,61,0.01,1.0582616742580169,0.4130859375
5798,90.07971411943436,104,103,0.01,1.0212297534140258,0.894775390625
5799,40.18402975797653,44,43,0.01,1.0006353177807548,0.451416015625
5800,9.774608373641968,12,11,0.01,1.0375487208366394,0.068359375
5801,24.265151977539062,27,26,0.01,1.0698251724243164,0.276123046875
5802,71.34642761945724,77,76,0.01,1.0683636994330914,0.605224609375
5803,105.12912234663963,124,124,0.01,1.0196106493953736,0.954833984375
5804,97.32918712496758,116,116,0.01,0.994267925620079,0.95458984375
5805,103.5725560337305,123,123,0.01,1.016549730930871,0.9736328125
5806,90.20796685665846,112,112,0.01,1.0405096800199576,0.94873046875
5807,38.87150174379349,42,41,0.01,0.9607390967153367,0.318115234375
5808,67.15908718109131,75,74,0.01,1.072660082578659,0.641357421875
5809,26.135565876960754,29,28,0.01,1.1656481150923104,0.17236328125
5810,92.18380053341389,115,115,0.01,1.0560124534627666,0.9765625
5811,70.46847097575665,86,86,0.01,0.9724083050738933,0.97021484375
5812,112.25635929405689,130,130,0.01,0.970122524866691,0.96142578125
5813,11.754647672176361,14,13,0.01,0.9785435327461788,0.151123046875
5814,70.44626301527023,78,77,0.01,1.011602053275475,0.61962890625
5815,80.12026607990265,97,97,0.01,1.0100659230320723,0.938720703125
5816,102.60188495367765,143,143,0.01,1.043945504026813,0.906494140625
5817,92.06682754307985,115,115,0.01,1.0291072240342265,0.94287109375
5818,91.95908765494823,110,110,0.01,1.0411718983541836,0.94287109375
5819,71.44644230604172,84,83,0.01,1.1012205658924012,0.762451171875
5820,-1.0,1,0,0.01,0.549041748046875,0.0
5821,93.77552419900894,124,124,0.01,1.160420433648171,0.930908203125
5822,125.40371544659138,144,144,0.01,1.1518309722758002,0.9755859375
5823,94.38851296901703,104,104,0.01,1.129085073963954,0.9208984375
5824,82.8733531832695,92,91,0.01,1.1528087964524394,0.647705078125
5825,101.4525249004364,124,124,0.01,1.0851173249463881,0.968994140625
5826,18.198673486709595,21,20,0.01,1.1772863637833368,0.242919921875
5827,99.79610121250153,121,121,0.01,1.1633151717915022,0.950439453125
5828,113.81001469492912,131,131,0.01,1.1076400769120864,0.894775390625
5829,21.541968643665314,24,23,0.01,1.1952616671721141,0.19921875
5830,81.1996796131134,89,88,0.01,1.2083600133322598,0.634033203125
5831,98.73685862123966,113,113,0.01,1.1526971599169538,0.9453125
5832,38.709321677684784,42,41,0.01,1.1564058157659711,0.27978515625
5833,16.754060089588165,19,18,0.01,1.1866838241878308,0.110595703125
5834,34.57278215885162,40,39,0.01,1.068888110667467,0.191650390625
5835,90.42114847898483,104,104,0.01,1.1551214654285173,0.947998046875
5836,107.48354452848434,127,127,0.01,1.153131338789707,0.969482421875
5837,62.634046733379364,68,67,0.01,1.0827728531816427,0.442138671875
5838,78.54315820336342,85,85,0.01,1.183118663815891,0.93798828125
5839,3.0,5,4,0.01,1.1619085788726806,0.101806640625
5840,110.43072186410427,128,128,0.01,1.1402216986753047,0.978515625
5841,104.51259926706553,144,144,0.01,1.1474526650789711,0.948486328125
5842,65.89238691329956,70,69,0.01,1.1319668991225107,0.5361328125
5843,89.40893042087555,99,99,0.01,1.1910896478879331,0.896484375
5844,13.755856454372406,16,15,0.01,0.9128988832235336,0.116455078125
5845,31.592905282974243,34,33,0.01,1.1086604533826603,0.183349609375
5846,31.854530692100525,35,34,0.01,1.2453824205057962,0.271484375
5847,104.77396509051323,129,129,0.01,1.0962085192517717,0.97314453125
5848,60.40642184019089,68,67,0.01,1.0644391345627167,0.599609375
5849,34.50475162267685,37,36,0.01,1.1998191806110177,0.413818359375
5850,57.6369531750679,62,61,0.01,1.0591900343856504,0.375
5851,87.49965813755989,103,103,0.01,1.0963672292463988,0.938720703125
5852,78.7199485450983,93,93,0.01,1.133557375400297,0.968994140625
5853,10.587792992591858,13,12,0.01,0.956257157600843,0.145751953125
5854,92.79702973365784,102,102,0.01,1.0849774237356933,0.923828125
5855,96.77779443562031,112,112,0.01,1.0886372702994518,0.9775390625
5856,45.66517782211304,50,49,0.01,1.161998227238655,0.38818359375
5857,61.954197227954865,69,68,0.01,1.1462406762268231,0.57763671875
5858,108.85490767657757,125,125,0.01,1.079927173614502,0.92236328125
5859,103.90464298427105,126,126,0.01,1.0825751166022013,0.91748046875
5860,81.10549440979958,92,91,0.01,1.125271360187427,0.81689453125
5861,52.910151183605194,59,58,0.01,1.064443388732813,0.40087890625
5862,81.79107484221458,94,94,0.01,1.08201760973068,0.9443359375
5863,99.32989374548197,125,125,0.01,1.0780046856403351,0.932861328125
5864,92.22257700562477,114,114,0.01,1.1383129891596342,0.97021484375
5865,95.65635147690773,116,115,0.01,1.1156165874723731,0.855224609375
5866,93.71070539951324,109,108,0.01,1.1081640375863522,0.8173828125
5867,57.948667109012604,65,64,0.01,1.0166176300782424,0.49072265625
5868,78.05537784099579,85,84,0.01,1.0752598075305715,0.5576171875
5869,101.98081655800343,121,121,0.01,1.0569847849282352,0.939697265625
5870,109.01762846112251,146,146,0.01,1.1034984228341547,0.95458984375
5871,100.32507330924273,129,129,0.01,1.1481525736261708,0.950439453125
5872,-1.0,1,0,0.01,1.4078176021575928,0.0
5873,130.8474129885435,153,153,0.01,1.168822772849619,0.957275390625
5874,78.52918976545334,86,85,0.01,1.120128171908301,0.718505859375
5875,108.98547973483801,136,136,0.01,1.155673727612285,0.9443359375
5876,6.826361298561096,9,8,0.01,1.01298016972012,0.1015625
5877,103.85515057295561,124,124,0.01,1.1547216970113017,0.962890625
5878,32.02052229642868,35,34,0.01,1.1586919452462878,0.294189453125
5879,6.833637475967407,9,8,0.01,1.041932178868188,0.04541015625
5880,16.60275912284851,19,18,0.01,1.13107787778503,0.11474609375
5881,108.22096827626228,128,128,0.01,1.1492850247304887,0.955810546875
5882,20.751388132572174,23,22,0.01,1.3081631349480671,0.129150390625
5883,101.22668195515871,117,117,0.01,1.2305987390697513,0.981689453125
5884,68.65364354848862,75,74,0.01,1.0953343113263447,0.6435546875
5885,84.8985697478056,98,98,0.01,1.2080891418213746,0.968017578125
5886,96.4250857681036,123,123,0.01,1.1562233310404832,0.960693359375
5887,89.45529581606388,100,100,0.01,1.2167180213332176,0.955078125
5888,73.00745369493961,89,88,0.01,1.188025350985902,0.91845703125
5889,89.02354815974832,124,124,0.01,1.1550068622154575,0.971435546875
5890,36.02039271593094,39,38,0.01,1.1272271810433803,0.44091796875
5891,47.698994398117065,53,52,0.01,1.1656383995739918,0.40283203125
5892,95.0195906162262,108,107,0.01,1.23782403435972,0.806884765625
5893,95.78325992822647,109,108,0.01,1.262222070212758,0.7734375
5894,102.3282455354929,122,122,0.01,1.1843174573827961,0.93408203125
5895,82.0739169716835,91,91,0.01,1.1768467937197005,0.930419921875
5896,77.1012778878212,90,90,0.01,1.2979263842105866,0.958251953125
5897,88.85786747932434,105,104,0.01,1.1480707713535854,0.907958984375
5898,41.477726459503174,47,46,0.01,1.23688413171058,0.288818359375
5899,99.82604052126408,115,115,0.01,1.1361891819083172,0.95458984375
5900,75.49689769744873,86,85,0.01,1.2150882250347803,0.75439453125
5901,54.56306040287018,60,59,0.01,1.1492215688029925,0.38134765625
5902,92.9377903342247,110,109,0.01,1.103574241562323,0.94873046875
5903,1.0,3,2,0.01,1.2615019083023071,0.03369140625
5904,106.97649432718754,125,125,0.01,1.1393406143188476,0.908447265625
5905,86.61268702894449,113,113,0.01,1.0560336664187169,0.966552734375
5906,17.769278705120087,20,19,0.01,1.2277730017900468,0.09716796875
5907,92.17436377704144,106,106,0.01,1.178948291911269,0.9365234375
5908,52.01841026544571,58,57,0.01,1.080377687154145,0.572998046875
5909,45.472275733947754,49,48,0.01,1.260025075503758,0.499267578125
5910,53.160995841026306,58,57,0.01,1.154384732246399,0.391357421875
5911,96.74788026511669,111,111,0.01,1.1273135473062326,0.960205078125
5912,69.5399671047926,89,89,0.01,1.1933877849846743,0.952392578125
5913,93.2715354859829,104,104,0.01,1.215964240523485,0.98828125
5914,91.26047697663307,104,104,0.01,1.153960024508146,0.963623046875
5915,110.13328598439693,127,127,0.01,1.2284315202649183,0.969970703125
5916,10.929535686969757,13,12,0.01,1.1868796348571777,0.049560546875
5917,84.02096211910248,96,95,0.01,1.2386169852688909,0.814697265625
5918,10.932302594184875,13,12,0.01,1.1276433926362257,0.075927734375
5919,-1.0,1,0,0.01,1.1480395793914795,0.0
5920,43.033067524433136,47,46,0.01,1.11230583584055,0.251708984375
5921,78.54862695932388,89,88,0.01,1.1488234745652488,0.568603515625
5922,102.12934440374374,114,113,0.01,1.239959156304075,0.704345703125
5923,87.85025534033775,100,100,0.01,1.1691876676678659,0.96435546875
5924,8.818316042423248,11,10,0.01,1.3480170098218052,0.065185546875
5925,94.40030124783516,127,126,0.01,1.2532744374800855,0.759033203125
5926,57.94336086511612,62,61,0.01,1.2813911851375335,0.6923828125
5927,92.17999728024006,109,109,0.01,1.1726567622171629,0.911865234375
5928,14.916507005691528,17,16,0.01,1.1798949206576628,0.219482421875
5929,91.7867037653923,101,100,0.01,1.1693306102020906,0.652587890625
5930,94.88041196763515,117,117,0.01,1.3386025245373065,0.933837890625
5931,95.97828304767609,111,110,0.01,1.1216248104701172,0.848876953125
5932,74.89317302405834,87,87,0.01,1.2572854544924594,0.909423828125
5933,106.26630204916,119,119,0.01,1.24371766568232,0.95263671875
5934,28.719775915145874,31,30,0.01,1.1092893846573368,0.263671875
5935,46.32270401716232,51,50,0.01,1.120855009438945,0.348388671875
5936,108.08003282546997,119,119,0.01,1.1536922722804446,0.917724609375
5937,16.0,18,17,0.01,1.1327893651194043,0.125732421875
5938,5.0,7,6,0.01,1.2209076625960213,0.071533203125
5939,21.623850107192993,24,23,0.01,1.2448264819880326,0.240234375
5940,1.0,3,2,0.01,1.4964665571848552,0.0
5941,6.898405492305756,9,8,0.01,1.2164611220359802,0.02490234375
5942,5.935210227966309,8,7,0.01,1.239935539662838,0.0263671875
5943,88.4064634591341,100,100,0.01,1.1239315962791443,0.9619140625
5944,-1.0,1,0,0.01,0.9605070352554321,0.0
5945,118.50517220050097,138,138,0.01,1.169216078908547,0.968505859375
5946,78.27636510133743,96,96,0.01,1.1047075962026913,0.9072265625
5947,98.79250520467758,116,115,0.01,1.0359188629121616,0.92724609375
5948,78.87708848714828,92,92,0.01,1.1374991539379824,0.9560546875
5949,14.80569577217102,17,16,0.01,1.15440731364138,0.132080078125
5950,86.61781319975853,97,97,0.01,1.1348063918118625,0.958740234375
5951,8.814591348171234,11,10,0.01,1.2607551488009365,0.0908203125
5952,100.7764572352171,113,113,0.01,1.0926660781940527,0.970947265625
5953,93.0992711931467,109,109,0.01,1.0708910189910765,0.967041015625
5954,-1.0,1,0,0.01,0.8881019949913025,0.0
5955,72.39088426530361,89,89,0.01,1.1653483376074374,0.974365234375
5956,6.0,8,7,0.01,0.9896701946854591,0.06005859375
5957,73.30887349694967,93,93,0.01,1.0112450635561379,0.936279296875
5958,108.49685506522655,125,125,0.01,1.0584435808658599,0.986572265625
5959,90.90703696757555,111,111,0.01,1.146378752079096,0.944580078125
5960,74.16592139005661,85,84,0.01,1.1176576617886038,0.775146484375
5961,29.317884385585785,32,31,0.01,0.9939311509951949,0.267822265625
5962,107.1367276608944,134,134,0.01,1.0723690197094162,0.93994140625
5963,90.75315664708614,106,106,0.01,1.1156321907380842,0.958740234375
5964,1.0,3,2,0.01,1.374450961748759,0.03125
5965,105.45547512173653,121,121,0.01,1.090796767680113,0.963623046875
5966,65.57046151161194,70,69,0.01,1.0549779764243534,0.5009765625
5967,98.34396281838417,122,122,0.01,1.1805142024989987,0.951171875
5968,18.593425273895264,21,20,0.01,1.3117324284144811,0.12548828125
5969,78.1220805644989,90,90,0.01,1.1260140240192413,0.98046875
5970,91.02526816725731,105,105,0.01,1.10617160428138,0.935791015625
5971,92.59449696540833,113,113,0.01,1.181481300729566,0.9375
5972,14.74791705608368,17,16,0.01,1.0658398410853218,0.15966796875
5973,80.49035578966141,90,89,0.01,1.1403937694099215,0.862548828125
5974,77.69976621866226,86,85,0.01,1.086878620954447,0.75634765625
5975,117.50603507459164,134,134,0.01,1.0358072072267532,0.92333984375
5976,69.24754053354263,76,75,0.01,1.0157590167302835,0.56494140625
5977,113.58251953125,133,132,0.01,1.0900082520972518,0.911376953125
5978,96.13818173110485,121,121,0.01,1.024103376983611,0.950439453125
5979,66.03638017177582,73,72,0.01,1.132510873961122,0.52294921875
5980,23.50821602344513,26,25,0.01,1.1415087248270328,0.200927734375
5981,49.6845982670784,53,52,0.01,0.9958952822775211,0.464599609375
5982,85.6922921538353,99,99,0.01,1.1351203165873132,0.87890625
5983,97.29329605400562,115,115,0.01,1.1180078871872114,0.939697265625
5984,103.10067594051361,117,117,0.01,1.031376267854984,0.932861328125
5985,27.386773228645325,30,29,0.01,1.1719374756018321,0.173828125
5986,83.91287434101105,93,92,0.01,1.0615647233301593,0.7099609375
5987,9.930174589157104,12,11,0.01,0.9514955853422483,0.046142578125
5988,80.04356956481934,104,104,0.01,1.0490843435892692,0.953369140625
5989,97.38949716091156,114,113,0.01,1.1291047593480663,0.952392578125
5990,79.38431519269943,89,88,0.01,1.0220521952998771,0.706298828125
5991,134.58635280281305,155,155,0.01,1.0857226017021364,0.946533203125
5992,9.466571688652039,12,11,0.01,0.9248816668987274,0.04296875
5993,2.0,4,3,0.01,1.3472588509321213,0.025390625
5994,40.04384005069733,43,42,0.01,1.0726769968520764,0.24365234375
5995,96.08368387818336,136,136,0.01,1.1024591953438871,0.929443359375
5996,81.41845692694187,98,98,0.01,1.1765237775992374,0.9072265625
5997,98.46837832033634,119,119,0.01,1.0946716303084076,0.978515625
5998,6.9370375871658325,9,8,0.01,1.0875101817978754,0.03173828125
5999,122.08045969903469,157,157,0.01,1.0937009011484256,0.93798828125
6000,98.85266859084368,121,121,0.01,1.1220492267411601,0.93212890625
6001,85.89790560305119,102,102,0.01,1.0534682297239117,0.936767578125
6002,49.84242230653763,53,52,0.01,1.1677958515455138,0.460693359375
6003,46.13302266597748,50,49,0.01,1.0483614766597749,0.555419921875
6004,126.9926298558712,159,158,0.01,1.1161898700696118,0.940673828125
6005,66.4118627756834,84,84,0.01,1.151840780817327,0.942626953125
6006,91.9674419760704,106,105,0.01,1.1054995667259648,0.866455078125
6007,13.595263421535492,16,15,0.01,1.0978941097855568,0.181396484375
6008,94.73609027266502,114,114,0.01,1.1458741067010059,0.959228515625
6009,-1.0,1,0,0.01,0.7090691328048706,0.0
6010,110.11622995138168,126,126,0.01,1.141536854325779,0.929931640625
6011,90.25964979827404,104,104,0.01,1.1757968096778944,0.967529296875
6012,42.951658725738525,48,47,0.01,1.115590977172057,0.359375
6013,55.54551786184311,61,60,0.01,1.2087124078000178,0.557861328125
6014,84.99322646856308,102,101,0.01,1.148587752791012,0.780517578125
6015,59.78630214929581,64,63,0.01,1.141030102968216,0.52685546875
6016,16.432092308998108,19,18,0.01,1.1107161672491777,0.19921875
6017,61.98552280664444,67,66,0.01,1.1848917679110569,0.546142578125
6018,97.38495944440365,122,122,0.01,1.0884566802958973,0.939453125
6019,113.63977116346359,133,133,0.01,1.1401635280677251,0.91162109375
6020,40.652784645557404,44,43,0.01,1.071805433116176,0.28662109375
6021,79.69611202180386,91,90,0.01,1.1054488165037972,0.970703125
6022,107.36178171634674,126,126,0.01,1.1223286437609838,0.81005859375
6023,29.497036337852478,33,32,0.01,1.1590116972273046,0.306396484375
6024,23.755849540233612,26,25,0.01,1.2371757947481596,0.134521484375
6025,94.22246225178242,112,112,0.01,1.1571115093039614,0.89794921875
6026,9.884015500545502,12,11,0.01,1.00673458725214,0.115966796875
6027,34.97109138965607,39,38,0.01,1.1365193950060086,0.29345703125
6028,13.771337330341339,16,15,0.01,1.0746841710060835,0.050048828125
6029,82.37229663133621,96,96,0.01,1.1093015366544325,0.90576171875
6030,41.04331213235855,48,47,0.01,1.03666933439672,0.333984375
6031,110.13530987501144,135,135,0.01,1.1682544856159776,0.938720703125
6032,94.34560118615627,114,114,0.01,1.1861861737673742,0.92529296875
6033,80.98272138834,90,89,0.01,1.1607281515995662,0.7275390625
6034,19.51257163286209,22,21,0.01,1.4202461418780414,0.17919921875
6035,95.07055315375328,121,121,0.01,1.1823429815040147,0.963134765625
6036,100.94713877141476,119,119,0.01,1.1374296032581008,0.973876953125
6037,90.39140167832375,111,111,0.01,1.142415911764712,0.94677734375
6038,113.55298805981874,138,138,0.01,1.0974016282437504,0.960693359375
6039,84.4314095377922,117,117,0.01,1.1753237237278213,0.931396484375
6040,7.93276435136795,10,9,0.01,1.277665901184082,0.01318359375
6041,3.972777485847473,6,5,0.01,1.1472368836402893,0.027099609375
6042,5.990140378475189,8,7,0.01,1.087479405105114,0.063720703125
6043,90.28593860566616,105,105,0.01,1.1494390768664224,0.95458984375
6044,94.75768178701401,103,103,0.01,1.1634069944469674,0.92626953125
6045,55.89707171916962,60,59,0.01,1.1680419787764549,0.435302734375
6046,81.24315977841616,99,99,0.01,1.1339846611625017,0.964111328125
6047,106.40198795497417,127,127,0.01,1.239865042093232,0.968017578125
6048,108.96417333185673,138,138,0.01,1.1640149703708247,0.931640625
6049,93.20012986660004,114,114,0.01,1.2306353993583143,0.962890625
6050,76.32774102687836,86,86,0.01,1.1501321889633356,0.930908203125
6051,78.07314085960388,86,85,0.01,1.131626234498135,0.52978515625
6052,92.27912721037865,112,112,0.01,1.2191306498966046,0.939453125
6053,114.09449400007725,142,142,0.01,1.2023018466334947,0.9619140625
6054,115.21278201043606,128,128,0.01,1.2632493297569454,0.966064453125
6055,108.74083222448826,131,131,0.01,1.1922050825967134,0.963134765625
6056,100.8466384857893,116,116,0.01,1.173243097960949,0.966552734375
6057,109.66929564625025,129,129,0.01,1.2228926565758018,0.94384765625
6058,83.9236530661583,104,104,0.01,1.19686343979377,0.894775390625
6059,98.25063502788544,118,117,0.01,1.1748565766265837,0.8974609375
6060,44.00732547044754,48,47,0.01,1.19319259809951,0.33544921875
6061,32.943623661994934,36,35,0.01,1.2393438385592566,0.18798828125
6062,58.35511767864227,64,63,0.01,1.3291982877999544,0.472900390625
6063,8.909277200698853,11,10,0.01,1.138430267572403,0.102783203125
6064,20.84637099504471,24,23,0.01,1.2463850875695546,0.094970703125
6065,105.56032557785511,119,118,0.01,1.222544107116571,0.960693359375
6066,23.351158559322357,26,25,0.01,1.1576456691210086,0.33056640625
6067,92.69727531820536,122,121,0.01,1.1284620038798598,0.91455078125
6068,99.9908289834857,127,127,0.01,1.244792199510289,0.912841796875
6069,35.680112063884735,39,38,0.01,1.192685176164676,0.1865234375
6070,0.0,2,1,0.01,1.2022807896137238,0.0
6071,23.779480934143066,26,25,0.01,1.2440698146820068,0.189453125
6072,58.2395094037056,62,61,0.01,1.1860844146820806,0.56689453125
6073,96.26080294698477,117,117,0.01,1.2327198773367791,0.956787109375
6074,81.50875169038773,98,98,0.01,1.285248082511279,0.94482421875
6075,98.29514423012733,115,115,0.01,1.2572362656178682,0.95947265625
6076,103.68979024887085,118,117,0.01,1.1797700165692022,0.7080078125
6077,87.90522322803736,107,107,0.01,1.2072675684902157,0.982666015625
6078,96.59970788657665,118,118,0.01,1.27310801638385,0.9697265625
6079,107.76340215653181,124,124,0.01,1.2591417811570629,0.943115234375
6080,34.248824536800385,37,36,0.01,1.305815703160054,0.268798828125
6081,99.43694026768208,116,116,0.01,1.276698430807426,0.93603515625
6082,76.97525680065155,86,85,0.01,1.1982772138922713,0.726806640625
6083,0.0,2,1,0.01,1.3719717264175415,0.009033203125
6084,105.5850528627634,131,131,0.01,1.281185054369555,0.937255859375
6085,57.919288992881775,62,61,0.01,1.1935068162218216,0.513916015625
6086,103.55657172203064,122,122,0.01,1.180242132945139,0.963134765625
6087,45.59422838687897,49,48,0.01,1.1400579743239345,0.409912109375
6088,87.21545783430338,106,106,0.01,1.1998515704049255,0.9482421875
6089,88.9921979829669,113,113,0.01,1.2908761654279928,0.936279296875
6090,1.0,3,2,0.01,1.248441716035207,0.0
6091,14.900250434875488,17,16,0.01,1.3431092746117537,0.131591796875
6092,97.66433376073837,121,121,0.01,1.238466346805746,0.9365234375
6093,76.7257573902607,85,85,0.01,1.2871249805478489,0.92919921875
6094,98.02879302203655,127,127,0.01,1.2365882406084556,0.9619140625
6095,11.947106659412384,14,13,0.01,1.4572188300745827,0.113525390625
6096,37.999563813209534,41,40,0.01,1.3522909051034508,0.303466796875
6097,89.08050778508186,109,109,0.01,1.2473078501333885,0.95654296875
6098,47.251518070697784,52,51,0.01,1.3280293058890562,0.444580078125
6099,124.4492915943265,158,158,0.01,1.2576864642810217,0.91845703125
6100,99.64575646817684,133,132,0.01,1.326686977219761,0.920654296875
6101,46.078879952430725,51,50,0.01,1.3619959295964708,0.507080078125
6102,102.02545842528343,121,121,0.01,1.3740105146218922,0.937744140625
6103,40.41157287359238,44,43,0.01,1.324724818495187,0.301025390625
6104,102.97574919462204,109,109,0.01,1.2891866258524973,0.982666015625
6105,58.84004998207092,64,63,0.01,1.2654056367464364,0.36279296875
6106,102.54782490432262,118,118,0.01,1.377716983273878,0.920654296875
6107,54.630788683891296,58,57,0.01,1.5162627959045871,0.42529296875
6108,80.85305067151785,99,99,0.01,1.279173217939608,0.96240234375
6109,34.51617270708084,37,36,0.01,1.3528937552426312,0.310546875
6110,106.51673293113708,120,120,0.01,1.274530474593242,0.98486328125
6111,82.18285578489304,90,89,0.01,1.2813153392738765,0.630126953125
6112,62.939097225666046,68,67,0.01,1.195012764457394,0.462158203125
6113,59.27903527021408,63,62,0.01,1.2408131692144606,0.509033203125
6114,92.8573762178421,109,109,0.01,1.2829678733961298,0.97802734375
6115,35.23359555006027,38,37,0.01,1.2731763877366717,0.30908203125
6116,81.51876629889011,97,97,0.01,1.2504581037870388,0.96728515625
6117,17.803288996219635,20,19,0.01,1.412123876810074,0.182373046875
6118,28.587492644786835,31,30,0.01,1.3120456020678244,0.3134765625
6119,24.34076291322708,27,26,0.01,1.0793623074337289,0.22802734375
6120,101.92599917948246,121,121,0.01,1.265599309412901,0.968505859375
6121,89.1959552615881,105,105,0.01,1.2333655567396256,0.92333984375
6122,106.5023679509759,120,120,0.01,1.2961429717640083,0.98388671875
6123,58.92349016666412,63,62,0.01,1.2424261622012607,0.46435546875
6124,97.53722958266735,120,120,0.01,1.1857746983567874,0.966796875
6125,96.44157092273235,122,122,0.01,1.247671087501479,0.952880859375
6126,6.873760223388672,9,8,0.01,0.9958371255132887,0.023193359375
6127,115.79984131455421,136,136,0.01,1.2000410999445354,0.980712890625
6128,105.85256306827068,140,140,0.01,1.164500162431172,0.947509765625
6129,76.54806365072727,90,89,0.01,1.24850162797504,0.962646484375
6130,96.0700908601284,111,111,0.01,1.2488806306778848,0.964111328125
6131,94.28767347335815,109,108,0.01,1.322642093951549,0.784423828125
6132,-1.0,1,0,0.01,1.091995358467102,0.0
6133,-1.0,1,0,0.01,2.050445795059204,0.0
6134,104.12639056146145,128,128,0.01,1.1670376432593912,0.941650390625
6135,101.08582358062267,120,120,0.01,1.179648610452811,0.95751953125
6136,112.37492058426142,131,131,0.01,1.2246888748562064,0.956787109375
6137,100.6158162355423,122,121,0.01,1.262138504962452,0.908447265625
6138,45.429846823215485,49,48,0.01,1.1811549481080503,0.352783203125
6139,41.03916996717453,45,44,0.01,1.1444173998302885,0.208984375
6140,48.05270916223526,53,52,0.01,1.2320695176439465,0.442138671875
6141,108.39788568019867,128,128,0.01,1.1896430712658912,0.96875
6142,89.93239682912827,103,103,0.01,1.1681630504362792,0.975830078125
6143,121.72653386741877,147,147,0.01,1.207835927605629,0.960205078125
6144,112.44697218388319,132,132,0.01,1.1468281718817623,0.956298828125
6145,102.99751722812653,126,126,0.01,1.1943681145471239,0.968505859375
6146,97.44329875707626,117,116,0.01,1.198260899537649,0.8681640625
6147,77.3077248185873,86,86,0.01,1.188971129960792,0.9755859375
6148,37.442927062511444,41,40,0.01,1.128403127193451,0.3662109375
6149,15.597792506217957,18,17,0.01,1.0688749849796295,0.146728515625
6150,15.793307483196259,18,17,0.01,1.2121379607253604,0.1005859375
6151,55.76402860879898,60,59,0.01,1.232645175854365,0.36083984375
6152,58.34999990463257,65,64,0.01,1.078536672775562,0.570068359375
6153,103.80813428759575,127,127,0.01,1.1952114175623796,0.938232421875
6154,17.27964746952057,20,19,0.01,1.064089822769165,0.1826171875
6155,108.06871665269136,143,143,0.01,1.1872757312717972,0.9560546875
6156,76.62260311841965,94,94,0.01,1.1110847275307838,0.947265625
6157,100.77213352918625,115,115,0.01,1.1688642185667286,0.931396484375
6158,69.11279296875,77,76,0.01,1.1298292379874688,0.769775390625
6159,76.64137679338455,82,81,0.01,1.1459436231270068,0.76611328125
6160,100.2915602773428,131,131,0.01,1.0784657128894601,0.9287109375
6161,98.05810633301735,125,125,0.01,1.2277309036254882,0.94580078125
6162,125.18407079577446,141,141,0.01,1.154782071392587,0.95361328125
6163,95.1848718225956,114,114,0.01,1.1221479174860738,0.8837890625
6164,94.34512555599213,105,105,0.01,1.1379565216246106,0.87939453125
6165,57.74164295196533,62,61,0.01,1.0935078027748293,0.50390625
6166,87.32911136746407,103,103,0.01,1.0968336298049075,0.929931640625
6167,23.773076117038727,26,25,0.01,1.060945627781061,0.228759765625
6168,80.86472234129906,101,101,0.01,1.173634165141842,0.9736328125
6169,111.40967971086502,131,130,0.01,1.1111529954062163,0.7802734375
6170,102.90324108302593,118,118,0.01,1.1528242710283247,0.9482421875
6171,88.72511321306229,116,116,0.01,1.1452615368982841,0.95947265625
6172,107.83027011156082,134,134,0.01,1.1914413026464519,0.914794921875
6173,41.520925760269165,45,44,0.01,1.2182620333300695,0.288330078125
6174,83.17103911936283,104,104,0.01,1.1567024708940432,0.950927734375
6175,9.981303691864014,12,11,0.01,0.9875372673074404,0.06494140625
6176,107.07202468812466,131,131,0.01,1.145362819651611,0.935546875
6177,115.98764903843403,149,148,0.01,1.1193327279698928,0.91845703125
6178,100.94841742515564,127,127,0.01,1.175795550773463,0.931396484375
6179,24.579492688179016,27,26,0.01,1.103634693004467,0.213623046875
6180,28.52881169319153,32,31,0.01,1.182398515753448,0.26708984375
6181,72.8453518152237,79,78,0.01,1.1761571689497066,0.659912109375
6182,24.883856773376465,28,27,0.01,1.223061008112771,0.163818359375
6183,14.497577726840973,17,16,0.01,1.1963675758417915,0.142333984375
6184,18.608115255832672,21,20,0.01,1.3259448125248863,0.1875
6185,73.73356533050537,79,78,0.01,1.1941546009311192,0.581787109375
6186,98.82181958854198,118,118,0.01,1.189572418645277,0.95068359375
6187,21.517654836177826,24,23,0.01,1.1749521667758624,0.284423828125
6188,104.64828729629517,120,120,0.01,1.151131884753704,0.965576171875
6189,99.38059934973717,115,115,0.01,1.130900218953257,0.97314453125
6190,94.88336932659149,105,104,0.01,1.1020831826187316,0.8046875
6191,90.9773373901844,111,111,0.01,1.197868449730916,0.900634765625
6192,99.55495834350586,119,119,0.01,1.129617551670355,0.921142578125
6193,41.16730332374573,44,43,0.01,1.19990277629007,0.394287109375
6194,88.23995789885521,109,108,0.01,1.2232054819207672,0.824951171875
6195,89.14262855798006,113,113,0.01,1.1403172638563983,0.941650390625
6196,26.459225356578827,29,28,0.01,1.1285509395188298,0.1669921875
6197,109.89201158285141,130,130,0.01,1.2135579045002276,0.96875
6198,105.83667492866516,115,115,0.01,1.1676822530186695,0.911865234375
6199,30.871960401535034,35,34,0.01,1.1595996482031685,0.23291015625
6200,70.48561632633209,81,80,0.01,1.144817653261585,0.851806640625
6201,28.443971037864685,31,30,0.01,1.1845290756994677,0.1767578125
6202,115.82227469980717,133,133,0.01,1.122877207465638,0.965087890625
6203,96.50833097100258,118,117,0.01,1.1522448153819067,0.927734375
6204,85.42543667554855,98,98,0.01,1.1134408152833277,0.983642578125
6205,100.3738015294075,119,119,0.01,1.1952564445864253,0.84423828125
6206,43.13024389743805,46,45,0.01,1.094817531497582,0.48974609375
6207,91.0199039131403,112,112,0.01,1.1087584351854665,0.830810546875
6208,88.35706444084644,105,105,0.01,1.0639734435649144,0.968017578125
6209,114.89922840893269,142,142,0.01,1.0935465117365541,0.965576171875
6210,74.74709242582321,86,85,0.01,1.2002514451742172,0.755859375
6211,94.0969777405262,101,101,0.01,1.0902950512890768,0.928955078125
6212,102.66080492734909,115,115,0.01,1.1050949922074442,0.891357421875
6213,98.92838008701801,122,122,0.01,1.0459328433040713,0.954345703125
6214,106.19035758078098,125,125,0.01,1.0863641238212585,0.896484375
6215,80.26414081454277,113,113,0.01,1.0912294374630513,0.941650390625
6216,115.18353053927422,132,132,0.01,1.1331829302238696,0.96728515625
6217,4.0,6,5,0.01,0.8990797698497772,0.0
6218,1.0,3,2,0.01,1.759611964225769,0.015625
6219,82.9446397870779,115,115,0.01,1.0755811794944432,0.9443359375
6220,91.8105999827385,106,105,0.01,1.1275240823907673,0.7802734375
6221,85.24840371310711,100,100,0.01,1.2172783586382865,0.916015625
6222,100.33786385506392,118,118,0.01,1.1158437946085202,0.978759765625
6223,108.48624388873577,127,127,0.01,1.158272931894918,0.9677734375
6224,21.68212193250656,24,23,0.01,1.203447550535202,0.2392578125
6225,74.36046802997589,81,80,0.01,1.0662171995198284,0.5126953125
6226,4.87340772151947,7,6,0.01,1.043917519705636,0.046630859375
6227,107.1456308811903,127,127,0.01,1.1382422531683614,0.976318359375
6228,110.71265139430761,135,135,0.01,1.1174552592966291,0.949951171875
6229,40.0098677277565,44,43,0.01,1.1676153540611267,0.436279296875
6230,114.16611820459366,131,131,0.01,1.1066903838219533,0.956298828125
6231,98.72956934571266,124,123,0.01,1.175060322688472,0.962158203125
6232,-1.0,1,0,0.01,1.03268563747406,0.0
6233,103.64009934663773,119,119,0.01,1.084184532656389,0.902587890625
6234,27.55498296022415,30,29,0.01,1.1725458522637686,0.30126953125
6235,23.23659735918045,26,25,0.01,0.9810723582139382,0.21142578125
6236,101.13927982002497,114,114,0.01,1.1770567695299785,0.96533203125
6237,107.81257662177086,126,126,0.01,1.0415320292351737,0.8828125
6238,93.3071411177516,116,116,0.01,1.1302319608371834,0.94775390625
6239,72.5087626054883,84,84,0.01,1.1528183842698734,0.93701171875
6240,69.49755531549454,76,75,0.01,1.0675241723656654,0.586181640625
6241,13.910261869430542,16,15,0.01,1.017700720578432,0.10107421875
6242,42.2819749712944,46,45,0.01,1.1168208562809487,0.351318359375
6243,99.00611813366413,116,116,0.01,1.0588711990878499,0.948486328125
6244,89.36180214583874,100,100,0.01,1.04353784263134,0.968017578125
6245,106.13718830049038,123,123,0.01,1.0870928856415478,0.974853515625
6246,55.51138216257095,63,62,0.01,1.0099060790879386,0.549560546875
6247,101.68392493575811,130,130,0.01,1.0461675412379778,0.962890625
6248,91.87879195809364,101,100,0.01,1.0523795559264646,0.879638671875
6249,88.03135123848915,107,107,0.01,0.994322078250279,0.948974609375
6250,97.841752409935,112,111,0.01,1.0575452917920691,0.674560546875
6251,59.59129101037979,66,65,0.01,1.0773948995452938,0.578125
6252,1.0,3,2,0.01,1.3125987847646077,0.052001953125
6253,93.61232843995094,116,116,0.01,1.0454545778961017,0.95458984375
6254,85.04656989872456,109,109,0.01,1.0441218088252828,0.934326171875
6255,24.37890249490738,27,26,0.01,1.1489023720776592,0.22509765625
6256,102.0155361816287,123,123,0.01,1.0925379116845324,0.964111328125
6257,94.06463957577944,111,111,0.01,1.0923114151836515,0.96435546875
6258,73.36011028289795,81,80,0.01,1.0007740119357167,0.8525390625
6259,58.44756257534027,65,64,0.01,1.0991706288777865,0.559326171875
6260,102.6392288506031,113,113,0.01,1.1301710431554677,0.843994140625
6261,94.72274968028069,108,108,0.01,1.0919400904741552,0.953125
6262,45.65746557712555,49,48,0.01,1.1057355762744436,0.34814453125
6263,43.63449954986572,46,45,0.01,1.0403729767903038,0.349609375
6264,87.70803666114807,104,104,0.01,1.1221438153431966,0.937744140625
6265,101.83843129128218,126,126,0.01,1.052123999548337,0.967529296875
6266,104.26600322127342,119,119,0.01,1.1136985336031233,0.93994140625
6267,103.5728303194046,117,117,0.01,1.1583924349556622,0.98388671875
6268,4.994031369686127,7,6,0.01,0.8785234349114555,0.021240234375
6269,0.0,2,1,0.01,0.6701669245958328,0.0
6270,67.87276923656464,74,73,0.01,1.1710311814739898,0.483642578125
6271,90.36715234816074,104,104,0.01,1.083767745930415,0.930908203125
6272,86.05311417579651,94,93,0.01,1.1130939766447594,0.794921875
6273,44.14507442712784,48,47,0.01,1.152245257049799,0.3203125
6274,32.39057219028473,35,34,0.01,1.036958474772317,0.212158203125
6275,89.06861984729767,100,100,0.01,1.0884253427386283,0.827392578125
6276,100.30287957936525,131,131,0.01,1.1215092280438839,0.952880859375
6277,86.55310808122158,99,99,0.01,1.0847055707315,0.951904296875
6278,-1.0,1,0,0.01,1.543025016784668,0.0
6279,40.18946295976639,43,42,0.01,1.1006140695061795,0.55517578125
6280,94.66550749540329,120,120,0.01,1.1003726350764433,0.93798828125
6281,101.65646429359913,118,118,0.01,1.0618879928932352,0.925048828125
6282,85.15536895394325,108,108,0.01,1.086313177038122,0.938720703125
6283,58.619619250297546,66,65,0.01,0.9730864695527337,0.572021484375
6284,35.13072007894516,38,37,0.01,1.0918192471328534,0.262451171875
6285,98.62857729196548,111,110,0.01,1.1176059063490447,0.779296875
6286,92.02022203803062,108,108,0.01,1.0343951102760103,0.9462890625
6287,30.47717982530594,33,32,0.01,1.0662901112527559,0.193115234375
6288,24.788207590579987,28,27,0.01,1.0809652571167265,0.27978515625
6289,103.10747790336609,113,113,0.01,1.0766514241695404,0.972412109375
6290,98.40358686447144,115,114,0.01,1.0658965533194336,0.871826171875
6291,21.795686185359955,24,23,0.01,1.0968174015482266,0.115478515625
6292,117.92348439246416,148,148,0.01,1.0954310844677526,0.966552734375
6293,114.3703403249383,144,144,0.01,1.041855496664842,0.9658203125
6294,109.81748236715794,134,134,0.01,1.0072136105441336,0.9423828125
6295,76.35728476941586,87,87,0.01,1.019478840389471,0.93310546875
6296,86.43229512870312,113,113,0.01,1.0246191544342884,0.921630859375
6297,79.04864831268787,92,92,0.01,1.0932741278539533,0.969970703125
6298,79.21061819791794,95,94,0.01,1.0882706485296552,0.893798828125
6299,53.49459230899811,62,61,0.01,1.0466593950986862,0.455322265625
6300,48.57672554254532,55,54,0.01,1.0579192318699577,0.49169921875
6301,118.7210177257657,134,134,0.01,1.009400559227858,0.97021484375
6302,72.0326611995697,80,79,0.01,1.0020992131903768,0.73046875
6303,15.056531965732574,18,17,0.01,1.1245094852315054,0.15234375
6304,89.28467547893524,117,117,0.01,1.0281479791698294,0.902587890625
6305,61.75482177734375,70,69,0.01,1.026503811138017,0.54345703125
6306,81.23480774462223,114,114,0.01,1.0672806970644415,0.946044921875
6307,103.72132273763418,129,129,0.01,1.102087363485218,0.95458984375
6308,101.80775848031044,124,124,0.01,1.0473420603140708,0.96142578125
6309,35.563644886016846,38,37,0.01,1.2103357840525477,0.463623046875
6310,15.916179537773132,18,17,0.01,1.0736043254534404,0.156494140625
6311,51.449324548244476,56,55,0.01,1.1380894016474485,0.3876953125
6312,55.857927322387695,61,60,0.01,1.0912197676838422,0.584228515625
6313,100.8182700574398,118,118,0.01,1.0284377985586555,0.942626953125
6314,84.71321374922991,112,112,0.01,1.1053196618865644,0.936279296875
6315,37.16224867105484,41,40,0.01,1.0874531523483555,0.31494140625
6316,33.75497704744339,37,36,0.01,1.0396024182036117,0.327392578125
6317,48.770977556705475,55,54,0.01,1.0135210519487208,0.5361328125
6318,105.99186696112156,120,120,0.01,1.088853942602873,0.943359375
6319,89.79214695841074,111,111,0.01,1.0519507865648012,0.944580078125
6320,7.920815289020538,10,9,0.01,1.1162969648838044,0.099853515625
6321,84.43072497844696,97,96,0.01,1.0857217431682902,0.832275390625
6322,99.96057599782944,120,120,0.01,1.1423406951129436,0.970947265625
6323,34.750054121017456,38,37,0.01,1.1836140163634952,0.2333984375
6324,18.797074139118195,22,21,0.01,1.1700545061718335,0.206298828125
6325,73.0183692574501,79,78,0.01,1.1306050174598452,0.59228515625
6326,83.58362474292517,104,104,0.01,0.960216135216447,0.968505859375
6327,51.6704318523407,57,56,0.01,1.1406610330991578,0.376708984375
6328,61.303064465522766,68,67,0.01,1.045722036238979,0.46923828125
6329,79.19502666592598,97,97,0.01,1.121617693262002,0.8857421875
6330,98.61669713258743,120,120,0.01,1.0779018931090831,0.8974609375
6331,25.177185595035553,28,27,0.01,1.2522732189723425,0.1953125
6332,86.49835751950741,101,101,0.01,1.020542037369001,0.94384765625
6333,104.9453858435154,133,133,0.01,1.1404578141251902,0.956298828125
6334,89.47207317501307,114,114,0.01,1.1293424028053618,0.953857421875
6335,43.52602702379227,47,46,0.01,1.1705736987134243,0.365234375
6336,17.589571237564087,20,19,0.01,1.1814201951026917,0.212158203125
6337,103.72351461648941,114,114,0.01,1.0541131318661205,0.9814453125
6338,95.97902369499207,112,111,0.01,1.1094254704990558,0.948486328125
6339,20.68376487493515,23,22,0.01,0.9801980943783469,0.158935546875
6340,98.01998624950647,116,116,0.01,1.083056841944826,0.965576171875
6341,103.92596457898617,134,134,0.01,1.1692190626219137,0.916748046875
6342,118.76427792012691,133,133,0.01,1.093580269499829,0.947265625
6343,87.06896955519915,112,112,0.01,1.1984844239694732,0.947021484375
6344,67.142533659935,74,73,0.01,1.1380710722626866,0.61669921875
6345,116.01265698671341,130,130,0.01,1.1440763209874814,0.93408203125
6346,98.00542902946472,114,113,0.01,1.1307856660140188,0.808349609375
6347,13.62333869934082,16,15,0.01,1.206278769299388,0.12060546875
6348,128.9760234206915,152,152,0.01,1.1077550569255101,0.962158203125
6349,82.02478557825089,97,97,0.01,1.0953885353717607,0.869384765625
6350,97.41693536937237,112,112,0.01,1.1215392744966917,0.948486328125
6351,95.12821312248707,109,109,0.01,1.0929186423437312,0.962890625
6352,82.81288453936577,96,96,0.01,1.092375878089418,0.944091796875
6353,17.71772962808609,20,19,0.01,1.0526963263750075,0.118408203125
6354,103.42925251275301,131,131,0.01,1.093528228861685,0.96533203125
6355,4.937554597854614,7,6,0.01,1.4337655220712935,0.01123046875
6356,73.76222258806229,81,80,0.01,1.1054134328424194,0.4326171875
6357,6.864595353603363,9,8,0.01,0.9830908642874824,0.042724609375
6358,92.7269362360239,113,113,0.01,1.1863098869809008,0.953857421875
6359,98.11995343863964,114,114,0.01,1.1323129997441643,0.921630859375
6360,40.52431774139404,44,43,0.01,1.1796640814705328,0.3720703125
6361,88.20452450215816,104,104,0.01,1.0968297565212617,0.96630859375
6362,53.539268255233765,58,57,0.01,1.0721946641288955,0.474853515625
6363,89.22872887551785,108,108,0.01,1.1760714655673061,0.97265625
6364,0.0,2,1,0.01,1.0695969760417938,0.00341796875
6365,97.36250224709511,126,126,0.01,1.1953899257239842,0.974609375
6366,91.14372545480728,119,119,0.01,1.1817255030159188,0.933349609375
6367,2.0,4,3,0.01,1.2344516217708588,0.0361328125
6368,108.45374073833227,131,131,0.01,1.198702355832544,0.961181640625
6369,52.14646929502487,57,56,0.01,1.2822237192538746,0.490234375
6370,40.896562814712524,45,44,0.01,1.1970179855823517,0.39453125
6371,33.862844586372375,38,37,0.01,1.1230055383945767,0.420654296875
6372,99.5466801226139,124,124,0.01,1.2690084826561712,0.963134765625
6373,85.59704451262951,100,100,0.01,1.1181437323987484,0.94970703125
6374,93.60399731248617,117,117,0.01,1.2530176410308251,0.969970703125
6375,13.863800644874573,16,15,0.01,1.3211489766836166,0.102294921875
6376,98.20251990109682,135,135,0.01,1.222349888086319,0.93701171875
6377,102.86391782015562,126,126,0.01,1.3089484444686346,0.95556640625
6378,107.78827026486397,125,125,0.01,1.172599940776825,0.952880859375
6379,75.85234087705612,84,83,0.01,1.2880499263604481,0.615478515625
6380,111.23407685756683,127,126,0.01,1.1974129432768335,0.75390625
6381,85.56965227425098,109,109,0.01,1.260350111701073,0.92626953125
6382,96.91488077491522,130,130,0.01,1.299006745677728,0.948974609375
6383,21.88478648662567,24,23,0.01,1.221664650986592,0.262451171875
6384,69.70486891269684,79,78,0.01,1.3028258175789555,0.76318359375
6385,108.5971314534545,129,129,0.01,1.234288603298424,0.97119140625
6386,96.30170238018036,125,125,0.01,1.2485266513824462,0.922607421875
6387,36.37607342004776,39,38,0.01,1.347922688875443,0.37939453125
6388,26.60483330488205,29,28,0.01,1.3335785557483804,0.25634765625
6389,88.129827439785,101,101,0.01,1.2181062232149709,0.973388671875
6390,89.205292776227,113,113,0.01,1.2457664957088708,0.95556640625
6391,2.0,4,3,0.01,1.0112822502851486,0.0087890625
6392,101.01736456900835,123,123,0.01,1.355015975430729,0.959716796875
6393,18.957407593727112,21,20,0.01,1.125823207554363,0.25
6394,67.3821017742157,75,74,0.01,1.2818808956940968,0.5546875
6395,27.357568979263306,30,29,0.01,1.260192291935285,0.240478515625
6396,2.0,4,3,0.01,1.1969698816537857,0.052978515625
6397,90.114741563797,98,97,0.01,1.3210540173613294,0.779541015625
6398,89.46818056702614,106,106,0.01,1.2934194128468353,0.97509765625
6399,78.29066306352615,86,85,0.01,1.240862995039585,0.641845703125
6400,43.60990673303604,48,47,0.01,1.346481142565608,0.34228515625
6401,84.76004794239998,105,104,0.01,1.2928911311285836,0.912353515625
6402,86.58334231376648,95,94,0.01,1.2365093714312503,0.8154296875
6403,107.90937787294388,124,124,0.01,1.1283967177714072,0.940673828125
6404,25.41754674911499,28,27,0.01,1.284808981099299,0.26904296875
6405,104.38333262503147,119,118,0.01,1.3177106109987788,0.95703125
6406,100.44830277562141,123,123,0.01,1.254923978714439,0.961181640625
6407,29.192267954349518,32,31,0.01,1.2887278404086828,0.3046875
6408,11.830954790115356,14,13,0.01,1.5113547231469835,0.024658203125
6409,87.33276638388634,104,104,0.01,1.250573552141969,0.942626953125
6410,35.530810475349426,39,38,0.01,1.2876762793614314,0.301513671875
6411,11.88135540485382,14,13,0.01,1.2007685814585005,0.14697265625
6412,119.06641329824924,133,133,0.01,1.2376959346290817,0.961181640625
6413,8.993824064731598,11,10,0.01,1.1607707847248425,0.05419921875
6414,103.32915410399437,116,116,0.01,1.238176785152534,0.963623046875
6415,62.813928842544556,67,66,0.01,1.2196175669556233,0.468017578125
6416,84.38772851228714,100,100,0.01,1.2903766664862633,0.905029296875
6417,86.17268665134907,103,103,0.01,1.1522570084599615,0.95947265625
6418,27.364628195762634,30,29,0.01,1.2987074891726176,0.3134765625
6419,99.26201149821281,117,117,0.01,1.1791345436348875,0.976318359375
6420,91.3301894068718,116,116,0.01,1.2258601358224606,0.944580078125
6421,89.58869910240173,105,105,0.01,1.2213768581549327,0.954833984375
6422,104.68165764212608,127,126,0.01,1.165184311510071,0.945068359375
6423,95.74886494874954,128,128,0.01,1.2710438191425055,0.926025390625
6424,92.35187955200672,110,110,0.01,1.2094137785109607,0.931884765625
6425,98.36573854833841,118,118,0.01,1.3786469571671243,0.956298828125
6426,100.97659639269114,123,123,0.01,1.1698284248510997,0.96240234375
6427,91.87431487441063,106,105,0.01,1.2171185081297498,0.821533203125
6428,101.77719504386187,132,132,0.01,1.2759633897380396,0.976806640625
6429,88.25080101937056,103,103,0.01,1.2603318367189573,0.962890625
6430,43.10531681776047,46,45,0.01,1.2117776501437891,0.40234375
6431,74.28323423862457,81,80,0.01,1.1357471707426472,0.756103515625
6432,88.48227500915527,98,98,0.01,1.279016186996382,0.976318359375
6433,7.736408114433289,10,9,0.01,1.604503345489502,0.0234375
6434,91.4173032939434,105,105,0.01,1.2343513108435131,0.977783203125
6435,90.82168596982956,103,103,0.01,1.3140403593628152,0.94482421875
6436,38.851631343364716,42,41,0.01,1.2646236377102988,0.3779296875
6437,99.07554259896278,122,122,0.01,1.2750265749751544,0.96630859375
6438,92.58012253046036,111,111,0.01,1.3058112328116958,0.90234375
6439,9.946947276592255,12,11,0.01,1.0021778792142868,0.05224609375
6440,14.576762020587921,17,16,0.01,1.2170535343534805,0.09033203125
6441,83.09565126895905,96,96,0.01,1.2594432393088937,0.959716796875
6442,102.35284645855427,134,134,0.01,1.2982647505713933,0.89794921875
6443,93.88853381574154,111,111,0.01,1.3904426194526054,0.958740234375
6444,8.417695701122284,11,10,0.01,1.3477738066153093,0.077392578125
6445,105.44526141881943,126,126,0.01,1.3447901213925981,0.91015625
6446,69.4295933842659,77,76,0.01,1.3009472284224126,0.676025390625
6447,103.27431018650532,130,130,0.01,1.3968363301112101,0.94287109375
6448,109.33692874014378,148,148,0.01,1.325221418629627,0.89404296875
6449,105.11764134466648,127,127,0.01,1.3522754834862205,0.959228515625
6450,76.74819980561733,92,92,0.01,1.3105451788591302,0.94873046875
6451,91.43219584226608,103,102,0.01,1.2671703921938406,0.87646484375
6452,112.70641113817692,137,137,0.01,1.2577419972767796,0.9638671875
6453,101.96773624420166,124,124,0.01,1.304907915332625,0.953857421875
6454,113.04982224106789,131,131,0.01,1.3473021899925843,0.972900390625
6455,103.90774977207184,122,121,0.01,1.3819513494362596,0.828857421875
6456,87.32909415662289,100,100,0.01,1.2583173349499703,0.9677734375
6457,103.70651653409004,130,130,0.01,1.3350470955555256,0.97216796875
6458,36.635676205158234,40,39,0.01,1.140458418428898,0.33984375
6459,89.99516469240189,101,100,0.01,1.2850554349398848,0.7490234375
6460,11.381836235523224,14,13,0.01,1.1755237579345703,0.086669921875
6461,96.48910773545504,118,118,0.01,1.264615988832409,0.9443359375
6462,27.342878103256226,30,29,0.01,1.3312477191289267,0.228759765625
6463,92.30727279186249,104,103,0.01,1.2179220997943327,0.868408203125
6464,80.80608579516411,106,106,0.01,1.3213382752717666,0.9462890625
6465,5.924234092235565,8,7,0.01,1.6411858201026917,0.0556640625
6466,3.0,5,4,0.01,1.4799617171287536,0.0205078125
6467,115.37791383266449,131,131,0.01,1.301587153482073,0.9453125
6468,89.69057375192642,103,103,0.01,1.2330939538270524,0.948974609375
6469,81.67454475164413,89,88,0.01,1.2052759012479461,0.797119140625
6470,3.0,5,4,0.01,1.4002158284187316,0.04541015625
6471,48.46335828304291,52,51,0.01,1.3195042919654112,0.3583984375
6472,83.61584317684174,97,96,0.01,1.3367584814730378,0.8330078125
6473,106.38112207502127,133,133,0.01,1.3587121392103065,0.987548828125
6474,21.904533207416534,25,24,0.01,1.4499416184425353,0.20166015625
6475,20.670901894569397,23,22,0.01,1.1738776927408965,0.138427734375
6476,11.0,13,12,0.01,1.0575331953855662,0.0634765625
6477,50.734573781490326,54,53,0.01,1.1590128949394933,0.478271484375
6478,-1.0,1,0,0.01,2.0265722274780273,0.0
6479,94.79106640815735,108,108,0.01,1.1840366715634312,0.95849609375
6480,78.88503043353558,91,91,0.01,1.1555262935030592,0.90283203125
6481,86.8221457451582,107,107,0.01,1.2056731356081563,0.9833984375
6482,94.67300529778004,107,107,0.01,1.241429782080873,0.976318359375
6483,25.55323851108551,28,27,0.01,1.1569945812225342,0.25537109375
6484,8.0,10,9,0.01,1.0582563281059265,0.104248046875
6485,1.0,3,2,0.01,1.2774004141489665,0.00927734375
6486,109.73917815834284,130,130,0.01,1.271759580878111,0.9560546875
6487,15.709658443927765,18,17,0.01,1.3130549391110737,0.08837890625
6488,59.80496746301651,64,63,0.01,1.1839994289912283,0.473876953125
6489,85.94259402155876,101,101,0.01,1.1864263849093182,0.86962890625
6490,19.542989552021027,22,21,0.01,1.0420593944462864,0.09228515625
6491,101.2565310895443,121,121,0.01,1.1918337308178264,0.97119140625
6492,16.730754554271698,19,18,0.01,1.1051696962431858,0.0810546875
6493,74.54800659418106,87,86,0.01,1.1912744809156177,0.910888671875
6494,64.2473851442337,71,70,0.01,1.171172579829122,0.619873046875
6495,54.26615309715271,60,59,0.01,1.1034585490822792,0.44287109375
6496,69.25932294130325,76,75,0.01,1.1870757717835276,0.574951171875
6497,84.12027032673359,103,103,0.01,1.1749079302676673,0.940673828125
6498,98.52234035730362,122,122,0.01,1.2163432624007835,0.97216796875
6499,91.20787054300308,102,101,0.01,1.1360523239070295,0.69970703125
6500,103.59624689817429,122,122,0.01,1.165548323852117,0.946533203125
6501,5.0,7,6,0.01,1.2221560563359941,0.06884765625
6502,11.72670429944992,14,13,0.01,0.940637081861496,0.091552734375
6503,97.93337389826775,116,116,0.01,1.1771829845062618,0.962646484375
6504,73.02410209178925,87,87,0.01,1.085186362609096,0.90478515625
6505,91.34572611749172,103,103,0.01,1.1980400296669562,0.9658203125
6506,52.10144662857056,58,57,0.01,1.25176382989719,0.45703125
6507,107.41003146767616,125,124,0.01,1.1198880634307862,0.866455078125
6508,76.35827589035034,83,83,0.01,1.172516454415149,0.930908203125
6509,85.8663677573204,100,100,0.01,1.1411717554926872,0.96923828125
6510,39.89676797389984,43,42,0.01,1.0229265904703806,0.327392578125
6511,118.09085565805435,143,143,0.01,1.1362394905173696,0.9326171875
6512,40.73910182714462,44,43,0.01,1.1786478012800217,0.486328125
6513,89.1404230594635,106,106,0.01,1.135930358520094,0.93603515625
6514,14.706803262233734,17,16,0.01,1.1435839954544516,0.13232421875
6515,75.26248526573181,81,80,0.01,1.137781184764556,0.656494140625
6516,2.9554563164711,5,4,0.01,1.2827324867248535,0.046630859375
6517,87.09815073013306,100,100,0.01,1.2536363437771798,0.925048828125
6518,114.26741671562195,136,136,0.01,1.119002341566717,0.969482421875
6519,59.58505022525787,64,63,0.01,1.1035283510573208,0.508544921875
6520,105.35691420733929,122,122,0.01,1.1272867021502042,0.970458984375
6521,101.16161771118641,118,118,0.01,1.1143737996028642,0.928466796875
6522,57.37854439020157,63,62,0.01,1.105639786947341,0.506103515625
6523,21.424595296382904,24,23,0.01,1.0578921561439831,0.14111328125
6524,112.31414406374097,147,147,0.01,1.1038160881623118,0.96484375
6525,8.895339727401733,11,10,0.01,0.9305706132542003,0.107177734375
6526,115.66531034559011,140,140,0.01,1.1106292786342757,0.968994140625
6527,23.67776131629944,26,25,0.01,1.1889632034760256,0.22021484375
6528,96.1257667914033,135,135,0.01,1.1649007205609923,0.912109375
6529,33.08288210630417,36,35,0.01,1.2262548274464078,0.247802734375
6530,20.42549842596054,23,22,0.01,1.0308061682659646,0.142822265625
6531,34.87686175107956,38,37,0.01,1.1621702823199724,0.345458984375
6532,85.84843657910824,100,100,0.01,1.1525008887052537,0.947509765625
6533,63.24329763650894,69,68,0.01,1.230841791284257,0.64501953125
6534,11.959052741527557,14,13,0.01,1.3263710524354662,0.052978515625
6535,3.841209828853607,6,5,0.01,1.2089817126592,0.051025390625
6536,30.349603414535522,33,32,0.01,1.231195007309769,0.258056640625
6537,91.08425188064575,99,98,0.01,1.1441657085611363,0.653564453125
6538,93.5411707162857,104,103,0.01,1.1425703815542734,0.8525390625
6539,84.72594241797924,97,97,0.01,1.1619058441869992,0.960205078125
6540,26.43872594833374,29,28,0.01,1.219068133625491,0.267333984375
6541,27.08061009645462,30,29,0.01,1.0885809153318404,0.30517578125
6542,99.06542605161667,128,127,0.01,1.1551260438282043,0.909912109375
6543,103.61055691540241,134,134,0.01,1.1975976762486928,0.958740234375
6544,84.78132843971252,94,93,0.01,1.2028773458714181,0.650390625
6545,139.2555889263749,164,164,0.01,1.1248430439793482,0.9716796875
6546,34.732351779937744,39,38,0.01,1.1756217846503625,0.201904296875
6547,113.9924565255642,125,124,0.01,1.1890167963504792,0.860595703125
6548,1.9859128594398499,4,3,0.01,1.041980892419815,0.06005859375
6549,127.94861651957035,162,162,0.01,1.0842733278318688,0.90966796875
6550,96.40636509656906,108,107,0.01,1.1956171434786584,0.73779296875
6551,40.88071262836456,46,45,0.01,1.173973893341811,0.32666015625
6552,112.00899976491928,136,136,0.01,1.2395084715064835,0.955078125
6553,25.16213768720627,28,27,0.01,1.1960037925413676,0.158935546875
6554,11.0,13,12,0.01,1.3088002984340374,0.088623046875
6555,99.01374208927155,137,137,0.01,1.2073405158780788,0.92724609375
6556,84.65608370304108,98,97,0.01,1.275325429682829,0.808349609375
6557,83.78111596405506,102,102,0.01,1.15126267572244,0.943115234375
6558,80.08007633686066,88,87,0.01,1.1813795722343705,0.537353515625
6559,117.68623762577772,145,145,0.01,1.2483326285049834,0.952392578125
6560,105.44101841002703,134,134,0.01,1.1424077696987052,0.94091796875
6561,15.76734972000122,18,17,0.01,1.3035555415683322,0.12646484375
6562,96.47307097911835,115,115,0.01,1.182385997409406,0.928955078125
6563,74.02515491843224,90,90,0.01,1.2971542961067624,0.9501953125
6564,105.37419751286507,122,122,0.01,1.259462422279061,0.903564453125
6565,118.66156367957592,138,138,0.01,1.2558257683463718,0.933837890625
6566,86.12175633013248,101,101,0.01,1.2371440621295777,0.960693359375
6567,110.85430400073528,123,123,0.01,1.1939731657020445,0.9794921875
6568,85.65832254290581,105,105,0.01,1.1270608723163604,0.8837890625
6569,21.296155035495758,24,23,0.01,1.125535720338424,0.10546875
6570,91.316176623106,109,109,0.01,1.1996221151373803,0.9443359375
6571,88.46076865494251,111,111,0.01,1.1838282534668036,0.966552734375
6572,88.45902460813522,110,109,0.01,1.1848183165897022,0.8525390625
6573,-1.0,1,0,0.01,0.8026509284973145,0.0
6574,104.4541967511177,120,120,0.01,1.2251548734803994,0.884521484375
6575,70.09527802467346,78,77,0.01,1.2143217619412985,0.639404296875
6576,80.969602458179,109,109,0.01,1.2225803082142401,0.972900390625
6577,75.57121622562408,87,86,0.01,1.221311652797392,0.818115234375
6578,96.08910030126572,125,125,0.01,1.107332665681839,0.9541015625
6579,53.395468950271606,58,57,0.01,1.2345096648767078,0.40771484375
6580,9.74383795261383,12,11,0.01,1.1315651734670003,0.206787109375
6581,102.10272796452045,119,119,0.01,1.1379906850702621,0.966064453125
6582,110.95495674014091,130,130,0.01,1.1929702245272122,0.84521484375
6583,34.241714656353,37,36,0.01,1.2475806998239982,0.178955078125
6584,58.4619756937027,63,62,0.01,1.0613539852793255,0.51171875
6585,82.88613432645798,111,111,0.01,1.163514286816657,0.931884765625
6586,115.10908827185631,136,136,0.01,1.2326862976393278,0.96240234375
6587,61.18091177940369,66,65,0.01,1.2364334789189426,0.628662109375
6588,96.6598973274231,108,107,0.01,1.262638258713263,0.6669921875
6589,88.48192831128836,106,106,0.01,1.2845958364459704,0.976318359375
6590,0.0,2,1,0.01,1.4499260783195496,0.0
6591,30.877993941307068,34,33,0.01,1.1351057711769552,0.174560546875
6592,85.5664030611515,94,94,0.01,1.1950324304560398,0.931884765625
6593,111.58871704339981,126,126,0.01,1.2183656809585435,0.9658203125
6594,44.16996616125107,47,46,0.01,1.0829760229333918,0.356201171875
6595,42.0618371963501,45,44,0.01,1.130298450258043,0.52734375
6596,31.347069084644318,34,33,0.01,1.318791876820957,0.248046875
6597,94.02108779549599,109,109,0.01,1.1753985277556498,0.947998046875
6598,43.716999769210815,51,50,0.01,1.1639679074287415,0.4111328125
6599,73.951795399189,80,79,0.01,1.2723293997347356,0.5615234375
6600,-1.0,1,0,0.01,1.2973096370697021,0.0
6601,99.9850730150938,130,130,0.01,1.265890215910398,0.8798828125
6602,83.79196918010712,93,93,0.01,1.19574281220795,0.975830078125
6603,98.15624858438969,116,116,0.01,1.2043573763863793,0.97314453125
6604,97.61455848813057,112,112,0.01,1.212560951443655,0.97802734375
6605,86.25577606260777,103,103,0.01,1.147518092278138,0.92529296875
6606,98.27353797852993,119,119,0.01,1.2693485885608096,0.9638671875
6607,53.21756982803345,59,58,0.01,1.2210661991167877,0.49169921875
6608,1.0,3,2,0.01,0.8042247295379639,0.00146484375
6609,95.59064016491175,127,127,0.01,1.204099236980198,0.948486328125
6610,74.07940576225519,96,96,0.01,1.3004916477948427,0.95703125
6611,109.70514346659184,131,131,0.01,1.273845107955787,0.960693359375
6612,85.03956511616707,101,101,0.01,1.3654846333631194,0.9443359375
6613,49.82426291704178,54,53,0.01,1.2714941446427945,0.385986328125
6614,105.17277329415083,125,125,0.01,1.2532261934280395,0.940185546875
6615,101.73466628789902,116,115,0.01,1.2533352557441284,0.8662109375
6616,22.578576147556305,25,24,0.01,1.2281825208663941,0.196044921875
6617,54.33581507205963,59,58,0.01,1.2773491795790397,0.429443359375
6618,102.37887391448021,115,115,0.01,1.2399442685687023,0.964111328125
6619,29.316706895828247,33,32,0.01,1.2624010037292133,0.138916015625
6620,8.917245209217072,11,10,0.01,1.1942979910156943,0.05908203125
6621,93.7823737859726,108,107,0.01,1.2069309389701597,0.866455078125
6622,106.6798769235611,124,124,0.01,1.2614249731263807,0.951416015625
6623,104.59267245233059,118,118,0.01,1.3196066938719506,0.912353515625
6624,18.9334579706192,21,20,0.01,1.1749756236871083,0.235107421875
6625,101.67210103571415,120,119,0.01,1.256667390714089,0.920166015625
6626,91.37700936198235,112,112,0.01,1.2492758139435733,0.923583984375
6627,22.5727676153183,25,24,0.01,1.37008220911026,0.247314453125
6628,105.65050661563873,127,127,0.01,1.2483296589119228,0.958984375
6629,13.879452884197235,16,15,0.01,1.2349009420722723,0.10205078125
6630,112.71606850624084,134,134,0.01,1.2514943863028911,0.89794921875
6631,21.23023247718811,24,23,0.01,1.1527296751737595,0.16943359375
6632,107.762771114707,124,124,0.01,1.2313153368811454,0.974609375
6633,102.35895109176636,124,124,0.01,1.2595264524702103,0.952392578125
6634,85.10125175118446,105,105,0.01,1.24165187392916,0.9287109375
6635,90.35532796382904,107,107,0.01,1.2340271879579419,0.951904296875
6636,111.97462099790573,138,138,0.01,1.190544739149619,0.95849609375
6637,103.97126546502113,123,123,0.01,1.242856763242706,0.941650390625
6638,55.91844058036804,61,60,0.01,1.2510067019306246,0.456787109375
6639,39.375743091106415,43,42,0.01,1.3791283854218417,0.437255859375
6640,43.05532747507095,46,45,0.01,1.1404209402592287,0.401123046875
6641,64.22296166419983,71,70,0.01,1.249096219388532,0.671630859375
6642,90.04774105548859,104,104,0.01,1.1452133992257028,0.9521484375
6643,49.58539420366287,59,58,0.01,1.3165737703695135,0.503662109375
6644,22.134693205356598,25,24,0.01,1.3952804374694825,0.1611328125
6645,97.46478860080242,125,125,0.01,1.2761416642665864,0.9482421875
6646,106.32175604999065,123,123,0.01,1.2311793129618576,0.97119140625
6647,55.96908509731293,60,59,0.01,1.2278932129343352,0.467041015625
6648,13.416696786880493,16,15,0.01,1.1375076826661825,0.207763671875
6649,86.64925087988377,111,110,0.01,1.1589056331295151,0.92724609375
6650,99.21754804253578,121,121,0.01,1.2380924520413739,0.95458984375
6651,95.4053003191948,128,128,0.01,1.2597316019237041,0.949951171875
6652,49.50533550977707,56,55,0.01,1.1785995273717813,0.3583984375
6653,1.9663898348808289,4,3,0.01,1.2488252222537994,0.058837890625
6654,82.34138923883438,90,89,0.01,1.1774655865298378,0.662353515625
6655,14.723925352096558,17,16,0.01,1.343972409472746,0.149658203125
6656,109.49105705320835,130,130,0.01,1.253715788744963,0.951171875
6657,108.90440940856934,125,125,0.01,1.30965935754776,0.984619140625
6658,78.55851705372334,100,100,0.01,1.2213804084062576,0.953125
6659,68.60668283700943,74,73,0.01,1.3661188310062564,0.515869140625
6660,100.50968937575817,131,131,0.01,1.2850402375213972,0.952880859375
6661,113.25355571508408,128,128,0.01,1.247518748510629,0.9501953125
6662,108.19244297593832,126,126,0.01,1.191793846469077,0.96923828125
6663,85.53562016785145,97,97,0.01,1.2871815353324734,0.9482421875
6664,2.0,4,3,0.01,1.1062793880701065,0.012451171875
6665,122.02086952328682,149,149,0.01,1.2526307508049395,0.94775390625
6666,82.83789438009262,103,102,0.01,1.3531041700863145,0.813720703125
6667,114.18287733197212,141,141,0.01,1.3148783257244328,0.9462890625
6668,100.77502629160881,124,124,0.01,1.245556216326452,0.956787109375
6669,81.9602299630642,93,93,0.01,1.2906496460719774,0.95751953125
6670,71.07685244083405,80,79,0.01,1.2814041800796985,0.509765625
6671,96.00689129531384,123,123,0.01,1.2374064733342427,0.918212890625
6672,91.4208746701479,126,126,0.01,1.3478975641349005,0.939697265625
6673,33.44507998228073,37,36,0.01,1.242700718544625,0.2939453125
6674,78.61298008263111,94,94,0.01,1.299716757015979,0.939697265625
6675,79.21497343480587,99,99,0.01,1.1919755408860215,0.75439453125
6676,65.6452004313469,73,72,0.01,1.2711505204030913,0.512939453125
6677,93.33936248719692,108,108,0.01,1.289527394981296,0.9404296875
6678,88.37628568708897,105,105,0.01,1.2453982523509435,0.95703125
6679,54.57989352941513,60,59,0.01,1.1298975467681884,0.4267578125
6680,99.12756197154522,120,120,0.01,1.328336058308681,0.926513671875
6681,85.41107389330864,94,94,0.01,1.2798123052145571,0.942626953125
6682,82.55136677622795,114,114,0.01,1.3584858484958346,0.9150390625
6683,114.51701630651951,153,153,0.01,1.2172916738036412,0.939208984375
6684,100.01672502607107,122,122,0.01,1.246152039434089,0.934326171875
6685,55.054958283901215,60,59,0.01,1.1996396819750468,0.440185546875
6686,78.28215266764164,99,99,0.01,1.2833645581597029,0.93212890625
6687,89.88621163368225,104,103,0.01,1.2272977271618752,0.7841796875
6688,25.718269288539886,30,29,0.01,1.2791079521179198,0.28369140625
6689,33.41034120321274,37,36,0.01,1.268494567355594,0.188720703125
6690,8.912467360496521,11,10,0.01,1.217230580069802,0.068359375
6691,22.44973850250244,25,24,0.01,1.2927401328086854,0.20166015625
6692,110.22925043851137,136,136,0.01,1.201683428576764,0.953369140625
6693,105.30859044194221,118,118,0.01,1.259049439581774,0.978515625
6694,96.21423786878586,109,109,0.01,1.2710976297155432,0.9619140625
6695,114.87549018859863,125,125,0.01,1.258248549103737,0.9423828125
6696,102.04337646067142,113,113,0.01,1.2119059747299261,0.975341796875
6697,71.81390428543091,79,78,0.01,1.1075274125684667,0.503173828125
6698,43.78839087486267,47,46,0.01,1.2722061466663441,0.3310546875
6699,67.53673255443573,73,72,0.01,1.260423967283066,0.561767578125
6700,20.274968802928925,23,22,0.01,1.155615552611973,0.334716796875
6701,96.09922990202904,109,109,0.01,1.1956874304408327,0.960693359375
6702,123.76021549105644,150,150,0.01,1.1929336268703143,0.954345703125
6703,95.44455686211586,113,113,0.01,1.352498832529625,0.930908203125
6704,88.1383888348937,113,113,0.01,1.1295859481381103,0.948974609375
6705,12.925571858882904,15,14,0.01,1.2684327681859335,0.14697265625
6706,42.35929536819458,46,45,0.01,1.2723808275616688,0.357177734375
6707,123.39517039060593,143,143,0.01,1.2338221018964595,0.958740234375
6708,83.61706876754761,99,99,0.01,1.254667233036022,0.96240234375
6709,63.143682062625885,74,73,0.01,1.2810861798557076,0.447265625
6710,103.97518709301949,122,122,0.01,1.2330335229635239,0.9697265625
6711,41.36459410190582,44,43,0.01,1.2715022618120366,0.44580078125
6712,83.00226241350174,98,98,0.01,1.2203907279335722,0.975341796875
6713,108.10387070477009,133,133,0.01,1.2898115670322476,0.97021484375
6714,89.65366888046265,99,98,0.01,1.1747796803411812,0.586181640625
6715,97.98775942623615,120,120,0.01,1.1746022686362267,0.95556640625
6716,102.00518372654915,112,112,0.01,1.292814839631319,0.947509765625
6717,93.31534890830517,110,110,0.01,1.27245967279781,0.9443359375
6718,104.70482341945171,139,139,0.01,1.1277809471106357,0.959716796875
6719,99.60346968472004,117,117,0.01,1.1119847604606905,0.97412109375
6720,53.27680200338364,58,57,0.01,1.2976909649783168,0.442626953125
6721,43.91908669471741,46,45,0.01,1.1295319400403812,0.58837890625
6722,119.04864309728146,140,140,0.01,1.2136712127498217,0.94970703125
6723,100.2312335819006,119,119,0.01,1.1982297338858372,0.9619140625
6724,103.8472467660904,125,125,0.01,1.2466026520729065,0.968505859375
6725,102.31890691071749,131,131,0.01,1.226533634517029,0.95849609375
6726,102.45216436684132,120,120,0.01,1.258820020655791,0.8779296875
6727,77.92947369813919,92,92,0.01,1.152402087074259,0.833740234375
6728,89.75012150406837,116,116,0.01,1.1752106326407399,0.953857421875
6729,108.56960716843605,129,129,0.01,1.2797209303970485,0.966064453125
6730,79.17272013425827,85,84,0.01,1.2655800731743083,0.607666015625
6731,27.617707312107086,31,30,0.01,1.1599878418830134,0.35400390625
6732,112.87074464559555,119,119,0.01,1.234607503193767,0.968994140625
6733,106.95246734470129,132,132,0.01,1.1876814053817228,0.94580078125
6734,118.53080757707357,153,153,0.01,1.2561800109794716,0.94921875
6735,79.94428844749928,99,98,0.01,1.263818181524373,0.9345703125
6736,29.418594360351562,32,31,0.01,1.3564097490161657,0.33349609375
6737,111.52046453207731,130,130,0.01,1.269935142306181,0.970458984375
6738,19.695899546146393,22,21,0.01,1.5793730968778783,0.18408203125
6739,11.0,13,12,0.01,1.4359536056335156,0.1064453125
6740,78.31222796440125,93,92,0.01,1.3258847116783101,0.783447265625
6741,120.52960558235645,136,136,0.01,1.2495379000902176,0.969482421875
6742,1.0,3,2,0.01,1.0472055474917095,0.0048828125
6743,93.03856012225151,106,106,0.01,1.275617723195058,0.944091796875
6744,65.84418165683746,70,69,0.01,1.3238870177950177,0.6044921875
6745,29.123597145080566,32,31,0.01,1.1178708113729954,0.2724609375
6746,23.32970368862152,26,25,0.01,1.3871050637501936,0.182373046875
6747,62.79637175798416,69,68,0.01,1.2588858716729758,0.51953125
6748,8.951403558254242,11,10,0.01,1.1396618756380947,0.119384765625
6749,28.312612771987915,31,30,0.01,1.2256501408353928,0.234130859375
6750,108.70410159230232,125,125,0.01,1.2880231428146363,0.957763671875
6751,90.70385122299194,105,104,0.01,1.2254019620872678,0.783935546875
6752,109.07168109714985,127,127,0.01,1.199526559884154,0.91357421875
6753,61.53925770521164,68,67,0.01,1.2374837924452389,0.6318359375
6754,86.08218928426504,108,108,0.01,1.2500638884526711,0.965087890625
6755,85.52411444485188,109,109,0.01,1.2333454153406511,0.9619140625
6756,82.7172299027443,90,89,0.01,1.2346184651056926,0.584228515625
6757,44.56763345003128,49,48,0.01,1.1691861329030018,0.276611328125
6758,21.6270569562912,24,23,0.01,1.2753098532557487,0.140625
6759,95.72199767827988,110,110,0.01,1.291686937212944,0.98291015625
6760,6.971308767795563,9,8,0.01,0.8803568647967445,0.0810546875
6761,13.803990721702576,16,15,0.01,1.3012038357555866,0.06494140625
6762,25.068062365055084,29,28,0.01,1.2967001364148896,0.179443359375
6763,103.26261314749718,119,119,0.01,1.2987990251609258,0.97998046875
6764,0.0,2,1,0.01,1.2753703594207764,0.008056640625
6765,111.09265257418156,134,134,0.01,1.2434567880274645,0.944580078125
6766,116.37769912183285,140,140,0.01,1.1912850531084196,0.958984375
6767,69.92287517338991,83,83,0.01,1.1667797382337501,0.98046875
6768,81.35707169771194,102,102,0.01,1.2227307476249396,0.97607421875
6769,80.64271377027035,97,97,0.01,1.2257384393633026,0.85693359375
6770,100.21615235507488,119,119,0.01,1.1063549904262318,0.970703125
6771,104.3453867956996,121,121,0.01,1.2281580966366223,0.956298828125
6772,30.241561830043793,33,32,0.01,1.3191300142895093,0.281982421875
6773,103.10308247804642,119,119,0.01,1.1644225588866643,0.927978515625
6774,22.479184925556183,25,24,0.01,1.2244020783901215,0.209228515625
6775,83.26663979887962,90,90,0.01,1.2275852276219261,0.9189453125
6776,62.33346211910248,67,66,0.01,1.261235149493858,0.6748046875
6777,90.21994489431381,111,111,0.01,1.2888331305873286,0.97021484375
6778,62.897861540317535,71,70,0.01,1.1452828536570911,0.675048828125
6779,82.66705912351608,97,97,0.01,1.1902569225153972,0.9716796875
6780,89.13679198920727,100,100,0.01,1.159614453613758,0.9736328125
6781,111.60943269729614,137,137,0.01,1.116902874334015,0.9580078125
6782,12.888212382793427,15,14,0.01,1.185062301158905,0.12744140625
6783,96.80980291217566,120,120,0.01,1.203973330805699,0.936279296875
6784,104.44773352146149,128,128,0.01,1.2157757391687483,0.94970703125
6785,86.6553738117218,94,94,0.01,1.119996412954432,0.990478515625
6786,97.38525688648224,117,117,0.01,1.0543583830197651,0.970947265625
6787,86.45707124471664,97,96,0.01,1.2240989862643565,0.7978515625
6788,82.67141449451447,89,88,0.01,1.1062961555598827,0.633056640625
6789,36.10808712244034,40,39,0.01,1.0180069342255593,0.299560546875
6790,89.0372045263648,109,109,0.01,1.198806251817887,0.974365234375
6791,96.0964186489582,115,115,0.01,1.1052079386037328,0.96044921875
6792,73.99377202987671,84,83,0.01,1.0792160474118733,0.8994140625
6793,84.18403244018555,96,96,0.01,1.1377206691540778,0.939697265625
6794,103.4929164648056,131,131,0.01,1.139931892165701,0.927734375
6795,100.46150144934654,123,123,0.01,1.0725830565623151,0.95703125
6796,81.52467016875744,100,100,0.01,1.098684431910515,0.95556640625
6797,95.11601155996323,104,103,0.01,1.1068097506291592,0.794189453125
6798,89.10046423226595,118,118,0.01,1.1780070758472054,0.955810546875
6799,6.98609459400177,9,8,0.01,1.0833674271901448,0.05908203125
6800,20.85658037662506,23,22,0.01,1.120555667773537,0.12548828125
6801,77.11129182577133,98,98,0.01,1.1692660323211126,0.97509765625
6802,94.51015289127827,114,114,0.01,1.162425624173984,0.9638671875
6803,92.79639859497547,107,107,0.01,1.1544507984246049,0.957275390625
6804,57.86473870277405,65,64,0.01,1.149638123695667,0.78125
6805,85.585175588727,96,96,0.01,1.1355665875598788,0.978759765625
6806,3.0,5,4,0.01,1.1425732851028443,0.02685546875
6807,103.71237006038427,124,124,0.01,1.1425302098354986,0.93115234375
6808,12.0,14,13,0.01,1.1059892858777727,0.1171875
6809,78.72041782736778,96,96,0.01,1.2063123177116115,0.961669921875
6810,46.25549429655075,50,49,0.01,1.2073887693881988,0.462158203125
6811,101.00803425908089,121,121,0.01,1.1535747790139568,0.970947265625
6812,50.46119928359985,55,54,0.01,1.1265079200267791,0.468505859375
6813,12.798776268959045,15,14,0.01,1.0231792728106182,0.108642578125
6814,93.67073854804039,105,105,0.01,1.199600836634636,0.8935546875
6815,62.57132112979889,68,67,0.01,1.2342919269028831,0.49609375
6816,100.92699804902077,115,115,0.01,1.2029158343439517,0.95556640625
6817,84.32575723528862,95,95,0.01,1.2255419624479194,0.9794921875
6818,84.64997278153896,106,106,0.01,1.147875260631993,0.95263671875
6819,68.53299325704575,74,73,0.01,1.1845681768011402,0.563720703125
6820,81.47122083604336,104,104,0.01,1.1145198989946108,0.9365234375
6821,20.941624641418457,23,22,0.01,1.1870682252490001,0.11376953125
6822,54.01928961277008,59,58,0.01,1.160865717015024,0.594482421875
6823,94.85094529390335,111,111,0.01,1.2057030539254885,0.928955078125
6824,14.755957961082458,17,16,0.01,1.1245585592354046,0.156005859375
6825,44.751794159412384,49,48,0.01,1.2673143038944321,0.459228515625
6826,104.63364753872156,139,139,0.01,1.2251629876575882,0.895751953125
6827,107.66469320654869,129,129,0.01,1.128552178772845,0.921630859375
6828,105.93902184069157,123,123,0.01,1.2260634351552018,0.962890625
6829,42.40077841281891,46,45,0.01,1.2683720497981361,0.27734375
6830,106.78779980540276,124,123,0.01,1.1881767112401225,0.849365234375
6831,107.10018569976091,121,121,0.01,1.1922570659109384,0.978759765625
6832,81.62192809581757,101,101,0.01,1.2035045977866297,0.967529296875
6833,73.59331065416336,81,80,0.01,1.2222583676561898,0.5966796875
6834,36.164566218853,41,40,0.01,1.0711159182757866,0.4130859375
6835,96.70228835195303,116,115,0.01,1.1795607013949032,0.967529296875
6836,34.054754078388214,37,36,0.01,1.2340933132816005,0.3037109375
6837,13.648918986320496,16,15,0.01,1.2756033800542355,0.194091796875
6838,18.73035764694214,21,20,0.01,1.1489664968990145,0.288818359375
6839,101.88046081364155,127,127,0.01,1.1389011347622384,0.9462890625
6840,31.646775543689728,35,34,0.01,1.1343208747250693,0.232421875
6841,77.20226709544659,92,92,0.01,1.1915500734163367,0.954833984375
6842,49.71682280302048,54,53,0.01,1.069419194702749,0.501220703125
6843,11.95793342590332,14,13,0.01,1.0576898136309214,0.093505859375
6844,19.53639131784439,22,21,0.01,1.0557906465096907,0.233642578125
6845,88.03297061473131,110,110,0.01,1.0833052902059122,0.954345703125
6846,55.83163380622864,62,61,0.01,1.100367475421198,0.45556640625
6847,96.79936768114567,107,107,0.01,1.0947080826926454,0.9833984375
6848,65.02950191497803,71,70,0.01,1.122931357420666,0.53271484375
6849,92.15402795374393,105,104,0.01,1.0593901665437788,0.969970703125
6850,52.26035416126251,56,55,0.01,1.165550903550216,0.46044921875
6851,100.00391027331352,111,111,0.01,1.077422312788061,0.963623046875
6852,96.82704098522663,121,121,0.01,1.133322595564787,0.951171875
6853,31.922446250915527,35,34,0.01,1.1806546296392169,0.242919921875
6854,102.30891913175583,130,130,0.01,1.1217723832680628,0.92333984375
6855,65.63091295957565,72,71,0.01,1.0233402256336477,0.664306640625
6856,67.53609842061996,77,76,0.01,1.081164507122783,0.44775390625
6857,73.21101027727127,86,85,0.01,1.1533261395471042,0.527587890625
6858,68.96035104990005,74,73,0.01,1.0963933544384468,0.76025390625
6859,5.0,7,6,0.01,1.2062661051750183,0.03466796875
6860,66.51114374399185,73,72,0.01,1.2132658341976061,0.540283203125
6861,98.69570695608854,115,115,0.01,1.1452051979044209,0.982666015625
6862,101.41237019002438,122,122,0.01,1.1534570902585983,0.94287109375
6863,48.059063732624054,56,55,0.01,1.036402381424393,0.391845703125
6864,90.18203535676003,105,105,0.01,1.1272077129000708,0.937255859375
6865,105.90294992923737,121,120,0.01,1.146020847411195,0.74169921875
6866,99.69475751370192,128,128,0.01,1.130814773030579,0.94873046875
6867,109.24076640605927,135,135,0.01,1.1653775579399532,0.94140625
6868,92.46779415011406,103,102,0.01,1.109718707001325,0.938232421875
6869,104.79395799338818,128,128,0.01,1.0470569534227252,0.95654296875
6870,82.47274214029312,109,109,0.01,1.1038942353441081,0.958740234375
6871,92.53980505466461,113,112,0.01,1.1818610200312285,0.89208984375
6872,87.49380761384964,101,100,0.01,1.1264650892503192,0.89306640625
6873,67.61163383722305,76,75,0.01,1.1444817271671797,0.563232421875
6874,1.0,3,2,0.01,0.7464995384216309,0.0322265625
6875,99.46152156591415,122,121,0.01,1.0660871790080775,0.90869140625
6876,104.92934658378363,133,133,0.01,1.0876660102740265,0.971923828125
6877,11.965483605861664,14,13,0.01,1.3067592765603746,0.1025390625
6878,26.338827073574066,29,28,0.01,1.2658411932402645,0.3154296875
6879,98.55567122250795,130,130,0.01,1.1378002902636162,0.936279296875
6880,62.69229519367218,68,67,0.01,1.1166172974249895,0.47021484375
6881,87.33645594120026,108,108,0.01,1.0997526499408263,0.920166015625
6882,45.32142633199692,50,49,0.01,1.1129840305447578,0.252685546875
6883,30.490781128406525,35,34,0.01,1.141241717338562,0.210693359375
6884,43.431645929813385,48,47,0.01,1.2145402319729328,0.34765625
6885,53.507771730422974,59,58,0.01,1.0856058254080303,0.650634765625
6886,66.28845554590225,72,71,0.01,1.1141238638924227,0.52978515625
6887,108.77020531892776,136,136,0.01,1.0590777662308777,0.958740234375
6888,90.70624607801437,101,100,0.01,1.0820843807541498,0.83056640625
6889,14.760891675949097,17,16,0.01,0.996677477570141,0.1572265625
6890,68.66484844684601,76,75,0.01,1.1931256585215266,0.43115234375
6891,104.85188847780228,135,135,0.01,1.1295954651302762,0.961669921875
6892,97.82401843369007,125,125,0.01,1.1326488783359527,0.9404296875
6893,47.85792803764343,53,52,0.01,1.1006681278066814,0.2578125
6894,11.937672317028046,14,13,0.01,1.1938560051577431,0.1650390625
6895,45.3508785367012,49,48,0.01,1.1156413834922168,0.41943359375
6896,72.46498787403107,78,77,0.01,1.1451303897759852,0.545654296875
6897,42.89360499382019,46,45,0.01,1.167627839938454,0.45361328125
6898,113.51095780730247,136,136,0.01,1.1394853830775793,0.940185546875
6899,116.0499087870121,140,140,0.01,1.1111618564597199,0.952392578125
6900,63.36548000574112,69,68,0.01,1.0863456134346947,0.681640625
6901,4.9490050077438354,7,6,0.01,1.0940468226160323,0.035888671875
6902,120.88708548992872,151,151,0.01,1.127086727232333,0.962646484375
6903,115.3765614181757,131,131,0.01,1.1493022398639272,0.974609375
6904,108.882328748703,139,139,0.01,1.148814761381355,0.926513671875
6905,92.47073386609554,125,125,0.01,1.2135358748435974,0.96240234375
6906,76.56976972520351,91,91,0.01,1.15637291935119,0.977783203125
6907,111.8841940164566,127,127,0.01,1.183541737320855,0.96533203125
6908,80.8285396695137,101,101,0.01,1.1527933599335132,0.962158203125
6909,35.05694633722305,38,37,0.01,1.1201211810112,0.28466796875
6910,61.27853566408157,66,65,0.01,1.2046393964326743,0.419921875
6911,82.85935777425766,96,95,0.01,1.147903215450545,0.843017578125
6912,80.37290328741074,103,103,0.01,1.272096511519071,0.9697265625
6913,49.841366827487946,56,55,0.01,1.3016288056969643,0.39453125
6914,8.0,10,9,0.01,1.0349305868148804,0.0693359375
6915,101.40408615022898,122,122,0.01,1.2594158373406676,0.968505859375
6916,82.32211622595787,100,100,0.01,1.2324063023924827,0.946533203125
6917,34.487063109874725,37,36,0.01,1.2003569264669676,0.298828125
6918,78.12358057498932,93,92,0.01,1.1940596552305325,0.796875
6919,52.33845382928848,57,56,0.01,1.3097948060746778,0.47216796875
6920,61.44922810792923,69,68,0.01,1.150916922783506,0.472900390625
6921,32.36959022283554,35,34,0.01,1.16382138133049,0.281494140625
6922,83.4951776266098,97,96,0.01,1.3317008722074253,0.840576171875
6923,110.72158030420542,130,130,0.01,1.1688698796125558,0.963134765625
6924,17.709999442100525,20,19,0.01,1.3140725106000901,0.13525390625
6925,81.41249617934227,102,102,0.01,1.1136961722490835,0.945556640625
6926,93.59184864163399,108,108,0.01,1.2265689353700038,0.947509765625
6927,89.77608427405357,106,106,0.01,1.1375030461909637,0.969970703125
6928,97.18528264760971,118,118,0.01,1.176156325613038,0.91259765625
6929,54.19323229789734,59,58,0.01,1.075838309223369,0.4208984375
6930,93.57732245326042,117,117,0.01,1.2329287653804843,0.960693359375
6931,11.804771602153778,14,13,0.01,1.1120289691856928,0.067626953125
6932,91.58404708653688,113,113,0.01,1.1019293515555626,0.962158203125
6933,60.4167355298996,66,65,0.01,1.1150694173393827,0.50390625
6934,103.79523772001266,134,134,0.01,1.1689908477797437,0.937744140625
6935,91.77121295034885,105,105,0.01,1.136191483338674,0.9423828125
6936,86.44920539855957,100,100,0.01,1.1238657408952712,0.965087890625
6937,16.82532447576523,19,18,0.01,1.0790586832322573,0.072998046875
6938,53.540975987911224,58,57,0.01,1.2812208975183552,0.768798828125
6939,59.26208035647869,75,75,0.01,1.1615315411488216,0.979248046875
6940,30.99636447429657,34,33,0.01,1.3476962026427775,0.344970703125
6941,61.438557624816895,68,67,0.01,1.0769340842962265,0.713134765625
6942,87.76345060765743,104,104,0.01,1.1358531885422194,0.953125
6943,69.31860655546188,75,74,0.01,1.2071734472115834,0.523681640625
6944,101.35304741561413,117,117,0.01,1.1537261773378422,0.943603515625
6945,100.17201328277588,128,128,0.01,1.1562007040483877,0.968994140625
6946,88.10767602920532,100,99,0.01,1.086014920771122,0.670166015625
6947,106.33444100618362,133,132,0.01,1.1412102506124884,0.8642578125
6948,17.56879150867462,20,19,0.01,1.407430949807167,0.153564453125
6949,92.86980167776346,120,120,0.01,1.0966177836060524,0.970703125
6950,93.24077242612839,109,109,0.01,1.196207034205078,0.902099609375
6951,59.61909192800522,65,64,0.01,1.259526556271773,0.672119140625
6952,53.11757409572601,56,55,0.01,1.1450961727116789,0.478759765625
6953,84.74668663740158,94,93,0.01,1.1673539020913712,0.716552734375
6954,4.0,6,5,0.01,0.9143774807453156,0.05517578125
6955,4.936060905456543,7,6,0.01,1.1012025730950492,0.06689453125
6956,21.829979956150055,24,23,0.01,0.8936487895747026,0.185791015625
6957,65.21748727560043,71,70,0.01,1.1736271249156602,0.51123046875
6958,6.963110327720642,9,8,0.01,0.9367778168784248,0.0458984375
6959,78.19095689058304,88,87,0.01,1.1139340905303305,0.57666015625
6960,34.706662595272064,37,36,0.01,1.1173050596907332,0.260986328125
6961,83.93387912213802,111,111,0.01,1.1469356514312126,0.9189453125
6962,28.396574914455414,31,30,0.01,1.1136799166279454,0.215087890625
6963,64.1897776722908,69,68,0.01,1.1557382418625597,0.610107421875
6964,-1.0,1,0,0.01,1.1746795177459717,0.0
6965,1.0,3,2,0.01,1.0180367231369019,0.0068359375
6966,88.42253508418798,108,108,0.01,1.1966068239675627,0.954345703125
6967,77.09068131446838,85,84,0.01,1.2331813608898836,0.84423828125
6968,99.36279802024364,110,110,0.01,1.169574730775573,0.956298828125
6969,84.61536347866058,105,105,0.01,1.109262572583698,0.958251953125
6970,28.169935703277588,31,30,0.01,1.2476584449891122,0.241455078125
6971,44.71860092878342,50,49,0.01,1.0948570609092712,0.310302734375
6972,96.5970361828804,108,107,0.01,1.1277236541112263,0.82080078125
6973,97.58568449318409,115,115,0.01,1.2434068215929943,0.936767578125
6974,11.982868790626526,14,13,0.01,1.1114412205559867,0.112060546875
6975,112.93019580841064,131,131,0.01,1.1518549031883705,0.968017578125
6976,23.447212159633636,26,25,0.01,1.1126370899952376,0.178466796875
6977,99.98881787061691,126,126,0.01,1.2269859687676505,0.961669921875
6978,106.98550599068403,120,120,0.01,1.176147239903609,0.980224609375
6979,88.49224373698235,105,105,0.01,1.1909147197291965,0.90625
6980,90.80894581973553,110,110,0.01,1.2367479343305934,0.95166015625
6981,93.19486118853092,115,115,0.01,1.0791337653346684,0.93310546875
6982,93.55276471376419,101,100,0.01,1.087349393875292,0.83642578125
6983,95.16680660843849,107,107,0.01,1.1934218696344678,0.961669921875
6984,101.92912147939205,129,129,0.01,1.1646190137826196,0.96875
6985,62.94280254840851,69,68,0.01,1.1307758179263792,0.505859375
6986,9.0,11,10,0.01,0.9287399676713076,0.14697265625
6987,93.78705090284348,114,114,0.01,1.202944162383414,0.953857421875
6988,100.85763952881098,124,124,0.01,1.1615476166048357,0.976806640625
6989,94.34772568941116,123,123,0.01,1.0993029480058003,0.94580078125
6990,98.7725788205862,113,113,0.01,1.2018598405133307,0.970947265625
6991,10.0,12,11,0.01,1.2173251509666443,0.1328125
6992,81.31921136379242,95,95,0.01,1.1408026456832885,0.906982421875
6993,58.85885626077652,66,65,0.01,1.1471404758366672,0.546630859375
6994,103.89366168528795,118,118,0.01,1.2260865763587467,0.968994140625
6995,96.22815358638763,118,118,0.01,1.1343798298956984,0.954345703125
6996,92.98164385557175,100,99,0.01,1.1431855764985084,0.778076171875
6997,-1.0,1,0,0.01,0.7560060024261475,0.0
6998,95.09516969323158,115,115,0.01,1.1509509931439939,0.938232421875
6999,115.39879214763641,137,137,0.01,1.1521888101187936,0.939453125
7000,105.03430134057999,122,121,0.01,1.1554267482190836,0.833740234375
7001,89.95864596962929,102,102,0.01,1.1346609729762172,0.943115234375
7002,0.8996918201446533,3,2,0.01,1.3453906774520874,0.01806640625
7003,109.67766836285591,136,135,0.01,1.1212111783816534,0.883056640625
7004,34.09037792682648,38,37,0.01,1.1055101736595756,0.267822265625
7005,96.03881992399693,114,114,0.01,1.0422105755199467,0.96533203125
7006,79.52009384334087,96,96,0.01,1.2190119633451104,0.90283203125
7007,48.99676841497421,54,53,0.01,1.157621321854768,0.446044921875
7008,15.590413093566895,18,17,0.01,1.035737681719992,0.2060546875
7009,70.66978991031647,76,75,0.01,1.2213855009329946,0.69482421875
7010,94.37859880924225,114,114,0.01,1.1177517267172796,0.94384765625
7011,103.43318980932236,124,123,0.01,1.1850601047758134,0.84521484375
7012,91.57061202824116,109,109,0.01,1.1086498113400345,0.969970703125
7013,111.30171995609999,154,154,0.01,1.1624816334866859,0.9716796875
7014,79.96386313438416,95,95,0.01,1.2493071653340992,0.961181640625
7015,101.87905013561249,129,128,0.01,1.140802791183309,0.907958984375
7016,91.49596351385117,105,105,0.01,1.1973632168202173,0.975830078125
7017,25.81194442510605,29,28,0.01,1.3127889838711968,0.240234375
7018,13.88829481601715,16,15,0.01,1.1324150022119284,0.074951171875
7019,15.628055155277252,18,17,0.01,1.1797074245082007,0.0908203125
7020,19.896813929080963,22,21,0.01,1.1236282072284005,0.270751953125
7021,106.31032513827085,134,134,0.01,1.1480437397067227,0.966796875
7022,102.96231119334698,124,124,0.01,1.1555901393294334,0.968505859375
7023,28.90723341703415,32,31,0.01,1.2540131583809853,0.276611328125
7024,86.42577809095383,103,103,0.01,1.2496159756646572,0.9404296875
7025,80.30943602323532,100,100,0.01,1.1614159300923348,0.876953125
7026,115.71696469187737,136,136,0.01,1.2091276095632244,0.9560546875
7027,92.41728013753891,101,100,0.01,1.2787720720366675,0.794189453125
7028,94.26131094992161,107,107,0.01,1.1980935700028856,0.9541015625
7029,87.516531214118,99,99,0.01,1.1028642338333707,0.974853515625
7030,88.53566211462021,100,99,0.01,1.1532231023907662,0.57861328125
7031,13.746504664421082,16,15,0.01,1.1172571927309036,0.13720703125
7032,98.12750855833292,125,125,0.01,1.2308960916996001,0.95849609375
7033,43.01230937242508,46,45,0.01,1.132388785481453,0.35302734375
7034,70.3026379942894,87,86,0.01,1.1824915004872727,0.6865234375
7035,2.0,4,3,0.01,1.33660888671875,0.024169921875
7036,79.93843388557434,87,86,0.01,1.2195797548896965,0.61328125
7037,45.35053735971451,50,49,0.01,1.1688021355867386,0.354736328125
7038,83.89357191324234,104,104,0.01,1.1299277833448007,0.958740234375
7039,7.8090105056762695,10,9,0.01,1.3154043972492218,0.1640625
7040,45.59561800956726,49,48,0.01,1.107422678446283,0.272705078125
7041,99.82114242017269,112,112,0.01,1.214989559724927,0.9541015625
7042,97.34647904336452,111,111,0.01,1.149378987582954,0.969970703125
7043,114.17274158447981,144,144,0.01,1.1904191318899393,0.967041015625
7044,85.9186610430479,102,102,0.01,1.1258772585321875,0.95654296875
7045,35.67659521102905,38,37,0.01,1.184059003466054,0.248291015625
7046,101.31405088305473,115,115,0.01,1.04549244357192,0.94580078125
7047,87.11974242329597,100,100,0.01,1.1358446010947227,0.969970703125
7048,30.97265976667404,35,34,0.01,1.2188240221568516,0.26123046875
7049,4.0,6,5,0.01,1.3226486543814342,0.038818359375
7050,28.036021053791046,31,30,0.01,1.1674247451366917,0.282470703125
7051,80.80441814661026,96,95,0.01,1.1157140973955393,0.769775390625
7052,54.29747349023819,61,60,0.01,1.213969238468858,0.428955078125
7053,0.9408493041992188,3,2,0.01,1.3182131052017212,0.015625
7054,20.85366451740265,23,22,0.01,1.2194613399712935,0.11865234375
7055,26.873213231563568,30,29,0.01,1.115390873948733,0.2265625
7056,13.707389652729034,16,15,0.01,1.0434859227389097,0.09619140625
7057,88.90994419902563,113,113,0.01,1.1443318381773686,0.9423828125
7058,90.44395841658115,118,118,0.01,1.1939149362556005,0.93359375
7059,95.78229324519634,115,115,0.01,1.1785126465818156,0.9775390625
7060,97.58321207761765,112,112,0.01,1.1723664669053895,0.96630859375
7061,44.81985026597977,48,47,0.01,1.2575880140066147,0.334716796875
7062,81.80940735340118,100,99,0.01,1.129377800822258,0.906494140625
7063,95.53670516610146,115,115,0.01,1.1981026014556055,0.96337890625
7064,89.49223996698856,129,129,0.01,1.2108515656964725,0.933837890625
7065,106.73315751552582,119,118,0.01,1.1836443756307875,0.724609375
7066,116.32601730525494,132,132,0.01,1.2328063335382577,0.9248046875
7067,25.17111086845398,28,27,0.01,1.114459101642881,0.22900390625
7068,94.52186426520348,123,123,0.01,1.3047494759889153,0.955810546875
7069,56.642581045627594,64,63,0.01,1.2461764821782708,0.38525390625
7070,26.509380042552948,29,28,0.01,1.2913993648413955,0.250244140625
7071,90.04954746365547,113,113,0.01,1.1521222135134503,0.937744140625
7072,24.542602717876434,27,26,0.01,1.4058752788437738,0.185302734375
7073,79.054228246212,87,86,0.01,1.2214626954204735,0.631591796875
7074,74.72867798805237,81,80,0.01,1.1197675308327617,0.731689453125
7075,103.0229070931673,119,119,0.01,1.20028656019884,0.940673828125
7076,89.49113734066486,105,105,0.01,1.114020869561604,0.927490234375
7077,8.892405211925507,11,10,0.01,1.0600513084368273,0.073974609375
7078,106.97998890280724,128,128,0.01,1.2373662369791418,0.952880859375
7079,87.8335957750678,109,109,0.01,1.1471525263895683,0.95361328125
7080,80.80189695954323,94,94,0.01,1.259257028711603,0.979248046875
7081,4.933803200721741,7,6,0.01,1.2447963101523263,0.02197265625
7082,8.0,10,9,0.01,1.424643149971962,0.124755859375
7083,61.89067888259888,70,69,0.01,1.179483963762011,0.5888671875
7084,86.09296455979347,99,99,0.01,1.1216045533767853,0.938720703125
7085,19.593211352825165,22,21,0.01,1.0799072222276167,0.134765625
7086,59.90272742509842,64,63,0.01,1.2350761825218797,0.55810546875
7087,62.75566637516022,68,67,0.01,1.137390690691331,0.579345703125
7088,92.08781073242426,114,114,0.01,1.1252017274760364,0.9248046875
7089,41.656147837638855,45,44,0.01,1.1334809250301785,0.199951171875
7090,86.09509434551,114,114,0.01,1.285879380086012,0.932861328125
7091,1.0,3,2,0.01,1.5409580667813618,0.004150390625
7092,40.09202563762665,43,42,0.01,1.0953916886518167,0.31298828125
7093,72.23435890674591,98,98,0.01,1.2905255458792861,0.96435546875
7094,83.77492505311966,98,98,0.01,1.2288193070158666,0.940673828125
7095,82.67012774944305,90,89,0.01,1.262211491829819,0.595947265625
7096,94.88418954610825,111,110,0.01,1.1835706467564042,0.6337890625
7097,91.55279324948788,117,117,0.01,1.2002729513706305,0.9287109375
7098,18.95795875787735,22,21,0.01,1.2404302155429667,0.143798828125
7099,30.682073533535004,33,32,0.01,1.24268130551685,0.232666015625
7100,103.02237737178802,119,118,0.01,1.1673236379102498,0.843505859375
7101,96.2199285775423,119,119,0.01,1.1697900833702888,0.915771484375
7102,93.20267015695572,116,116,0.01,1.2741936023893028,0.97216796875
7103,107.45668877661228,130,130,0.01,1.2071247659050501,0.95166015625
7104,83.9700627475977,98,98,0.01,1.1823373217971958,0.924072265625
7105,80.32846260070801,100,100,0.01,1.2985204261541368,0.945068359375
7106,91.09151616692543,109,109,0.01,1.21615232267511,0.931640625
7107,91.75205594301224,100,99,0.01,1.24683568328619,0.689697265625
7108,39.82495445013046,43,42,0.01,1.2895347725513369,0.412353515625
7109,27.65672606229782,31,30,0.01,1.20952981902707,0.199462890625
7110,98.52116980403662,119,119,0.01,1.2101488519115609,0.9638671875
7111,93.81880134344101,107,107,0.01,1.2201921822868775,0.937255859375
7112,64.52719706296921,78,77,0.01,1.1519528337014027,0.7080078125
7113,2.0,4,3,0.01,1.1336572766304016,0.02978515625
7114,41.72252303361893,44,43,0.01,1.2813583849505945,0.40087890625
7115,96.95392858982086,111,111,0.01,1.2612949827232875,0.941162109375
7116,98.93774873018265,113,113,0.01,1.2044961267867975,0.97216796875
7117,24.234275460243225,27,26,0.01,1.1691366301642523,0.19189453125
7118,65.14502465724945,71,70,0.01,1.2467012951071834,0.493408203125
7119,70.06578293442726,87,86,0.01,1.2467978761113923,0.95166015625
7120,33.969703018665314,38,37,0.01,1.2209461237254895,0.317626953125
7121,5.0,7,6,0.01,1.0603569746017456,0.03515625
7122,94.01781313866377,121,121,0.01,1.2191880973410014,0.9580078125
7123,84.56964837759733,114,114,0.01,1.1699912171614797,0.9541015625
7124,13.716795921325684,16,15,0.01,1.049108985811472,0.087646484375
7125,36.97443687915802,40,39,0.01,1.1604904040694237,0.217529296875
7126,81.79022504389286,101,101,0.01,1.1136033756308037,0.921142578125
7127,94.43272675573826,114,114,0.01,1.194606687677534,0.941650390625
7128,85.96709274500608,107,107,0.01,1.1090702339310512,0.94580078125
7129,101.96216416358948,117,116,0.01,1.1770197176016295,0.77783203125
7130,94.26107406616211,114,114,0.01,1.2341555393578714,0.822509765625
7131,5.0,7,6,0.01,1.596074836594718,0.00634765625
7132,47.32245761156082,52,51,0.01,1.07641728165058,0.38916015625
7133,123.14122396707535,151,151,0.01,1.2199787132392657,0.955810546875
7134,3.9446622729301453,6,5,0.01,1.01902736723423,0.046875
7135,23.549269139766693,26,25,0.01,1.233209185875379,0.214111328125
7136,101.20871536433697,124,124,0.01,1.1754722967743874,0.9462890625
7137,106.34944204241037,136,136,0.01,1.2202367285156952,0.906005859375
7138,98.94926458597183,112,112,0.01,1.2632727878434318,0.92236328125
7139,91.23439221084118,105,105,0.01,1.3265179784525007,0.968505859375
7140,17.442406058311462,20,19,0.01,1.3702324688434602,0.138671875
7141,93.72029260545969,118,118,0.01,1.1506134008957167,0.96044921875
7142,21.612178206443787,24,23,0.01,1.1441795739034812,0.12890625
7143,88.9153767824173,110,109,0.01,1.2771883644840933,0.93994140625
7144,27.333159029483795,30,29,0.01,1.0883976290623347,0.195068359375
7145,114.68157366663218,140,140,0.01,1.2874263090746743,0.9521484375
7146,99.41018632054329,112,112,0.01,1.2402369191071816,0.9404296875
7147,79.45272725820541,110,110,0.01,1.2132921794598752,0.918701171875
7148,82.62998303771019,101,101,0.01,1.2934502923842703,0.926025390625
7149,108.1648964509368,160,160,0.01,1.301877973228693,0.955078125
7150,99.76749438047409,111,110,0.01,1.2572373763934985,0.843505859375
7151,90.2451391145587,120,119,0.01,1.2652978055179118,0.93115234375
7152,100.16038490086794,128,128,0.01,1.2970533049665391,0.94140625
7153,91.37094765901566,119,119,0.01,1.3197704776495445,0.898681640625
7154,104.74656483530998,125,125,0.01,1.377003093600273,0.932373046875
7155,117.45693475008011,136,136,0.01,1.3103004959138,0.92626953125
7156,24.331024289131165,27,26,0.01,1.2482703427473705,0.260009765625
7157,77.62318813800812,86,85,0.01,1.3167585248863973,0.724853515625
7158,44.7684383392334,49,48,0.01,1.3062659854791603,0.480224609375
7159,56.63563793897629,61,60,0.01,1.302996773700245,0.531982421875
7160,89.71632945537567,101,100,0.01,1.307736056275887,0.832275390625
7161,92.12419064342976,110,110,0.01,1.268389475887472,0.948974609375
7162,101.94492061436176,113,113,0.01,1.3862857604976249,0.97705078125
7163,51.422415137290955,57,56,0.01,1.2514253854751587,0.416259765625
7164,74.97730189561844,84,83,0.01,1.359576114941211,0.65283203125
7165,45.64074510335922,49,48,0.01,1.3172901576879072,0.3349609375
7166,64.00010341405869,70,69,0.01,1.309188266311373,0.7041015625
7167,84.3343463987112,95,95,0.01,1.3229247733166343,0.9736328125
7168,89.18668726831675,118,118,0.01,1.3192585103087506,0.95458984375
7169,102.8588091135025,117,117,0.01,1.278596997515768,0.91259765625
7170,120.57013746351004,160,160,0.01,1.3034130189567805,0.93994140625
7171,24.63442301750183,27,26,0.01,1.3555990545837968,0.179931640625
7172,2.0,4,3,0.01,1.7145759761333466,0.00830078125
7173,76.76570861041546,99,99,0.01,1.428387432989448,0.914306640625
7174,5.969550430774689,8,7,0.01,1.3632346913218498,0.052734375
7175,82.5803085565567,102,102,0.01,1.4988535893898385,0.90673828125
7176,73.86816620826721,83,82,0.01,1.416022964270718,0.657470703125
7177,100.0956199169159,117,117,0.01,1.4023894178561676,0.958251953125
7178,97.76084424555302,116,116,0.01,1.4018754789541508,0.968505859375
7179,100.4352707862854,117,117,0.01,1.2608853307289956,0.9462890625
7180,77.92565310001373,86,85,0.01,1.2987305837315182,0.64208984375
7181,75.2388417571783,93,93,0.01,1.3584074932400898,0.912353515625
7182,92.93007799237967,111,111,0.01,1.3142760879284627,0.934814453125
7183,19.5240159034729,22,21,0.01,1.3964209854602814,0.18310546875
7184,47.78390562534332,53,52,0.01,1.2763088896589458,0.31884765625
7185,55.98203980922699,60,59,0.01,1.278365541001161,0.618408203125
7186,98.91405357420444,122,122,0.01,1.3264558916209175,0.950927734375
7187,51.15287667512894,56,55,0.01,1.3627536914178304,0.632080078125
7188,11.859638512134552,14,13,0.01,1.3951079632554735,0.08349609375
7189,101.37482649087906,134,134,0.01,1.3658595701206977,0.875244140625
7190,60.451263546943665,65,64,0.01,1.4729243306013253,0.548583984375
7191,15.646556198596954,18,17,0.01,1.3719574875301785,0.113037109375
7192,73.75876227021217,91,90,0.01,1.3031812460867913,0.908447265625
7193,2.0,4,3,0.01,1.2688477635383606,0.0107421875
7194,6.974007427692413,9,8,0.01,1.6641443769137065,0.071044921875
7195,102.32629766315222,125,125,0.01,1.3445833525657653,0.968017578125
7196,90.3592169880867,104,104,0.01,1.3430996600251932,0.93310546875
7197,110.61544620990753,130,130,0.01,1.4119053258345677,0.88232421875
7198,96.82507638633251,117,117,0.01,1.3621759931755881,0.957275390625
7199,90.30749001353979,113,113,0.01,1.2814403946420787,0.958740234375
7200,102.12118846178055,128,128,0.01,1.5268204621970654,0.9716796875
7201,105.69108393788338,129,129,0.01,1.364139652760454,0.94580078125
7202,102.35403650999069,121,121,0.01,1.4414989123167086,0.9541015625
7203,62.545025289058685,68,67,0.01,1.3933073413722656,0.373046875
7204,41.14762890338898,46,45,0.01,1.4691439620826556,0.334716796875
7205,53.53933537006378,57,56,0.01,1.3596601433921278,0.602294921875
7206,88.93995577096939,106,106,0.01,1.3700873095471904,0.933349609375
7207,88.58786676079035,111,111,0.01,1.4026608649674837,0.944091796875
7208,33.687549233436584,37,36,0.01,1.4709292690496187,0.391357421875
7209,94.96232259273529,108,108,0.01,1.352184328492041,0.9716796875
7210,94.48175533115864,122,122,0.01,1.3726107461042092,0.93310546875
7211,44.004204869270325,49,48,0.01,1.378850519657135,0.3583984375
7212,-1.0,1,0,0.01,1.7445957660675049,0.0
7213,7.942846834659576,10,9,0.01,1.4332431972026825,0.058837890625
7214,109.55238851904869,124,124,0.01,1.352724289701831,0.9150390625
7215,66.81404787302017,75,74,0.01,1.3862914482752482,0.58935546875
7216,106.91909100115299,131,131,0.01,1.3029873716922207,0.95361328125
7217,111.16848739981651,130,130,0.01,1.3776435453158158,0.9716796875
7218,86.99179181456566,108,108,0.01,1.3117869016196992,0.937744140625
7219,8.856025516986847,11,10,0.01,1.2996104793115095,0.086181640625
7220,103.08861193060875,126,126,0.01,1.3674775884738044,0.942138671875
7221,61.773069858551025,68,67,0.01,1.3582105662892847,0.447509765625
7222,126.02171656489372,156,156,0.01,1.3688957458123183,0.954833984375
7223,84.19222748279572,92,91,0.01,1.492142172611278,0.640869140625
7224,90.53662417829037,111,111,0.01,1.4158260577970796,0.91015625
7225,110.46426556259394,131,131,0.01,1.456297385783596,0.97509765625
7226,109.7840465977788,130,130,0.01,1.4226542234420776,0.95263671875
7227,88.97032889723778,106,106,0.01,1.3966707559126728,0.955322265625
7228,79.08593213558197,97,97,0.01,1.3093414460260844,0.9248046875
7229,33.61311990022659,36,35,0.01,1.4086842685937881,0.23193359375
7230,88.99071860313416,111,111,0.01,1.3572057635934502,0.969482421875
7231,14.747749090194702,17,16,0.01,1.7516175999360926,0.078369140625
7232,99.16566260904074,121,121,0.01,1.2730728496204724,0.961181640625
7233,101.24167290329933,116,116,0.01,1.3309828387252216,0.962890625
7234,10.910999059677124,13,12,0.01,1.2531118117845976,0.07666015625
7235,102.05836842954159,122,122,0.01,1.3405851682678598,0.94580078125
7236,98.41299885511398,110,110,0.01,1.343968729539351,0.96826171875
7237,7.903656959533691,10,9,0.01,1.2236062645912171,0.07763671875
7238,102.8089100420475,128,128,0.01,1.3534905170090497,0.97216796875
7239,27.524897277355194,30,29,0.01,1.2149732093016306,0.2607421875
7240,98.78583123534918,122,122,0.01,1.3424507068073164,0.9541015625
7241,98.98859363794327,117,117,0.01,1.3046874829337127,0.951416015625
7242,112.6224037706852,128,128,0.01,1.436799670336768,0.918701171875
7243,84.3102670609951,102,102,0.01,1.3335773281606973,0.965087890625
7244,105.84216453135014,127,127,0.01,1.3424052011778975,0.939208984375
7245,117.47043596580625,152,152,0.01,1.3669993559780873,0.9716796875
7246,50.16627824306488,54,53,0.01,1.3091682317080322,0.431884765625
7247,97.70556609332561,119,119,0.01,1.4189730456897192,0.927001953125
7248,74.4416651725769,82,81,0.01,1.4641950472099026,0.544921875
7249,86.2168847322464,107,107,0.01,1.2666695805910593,0.961669921875
7250,92.16200709342957,124,124,0.01,1.3780857252497827,0.953369140625
7251,104.83223339170218,129,129,0.01,1.3433934135954508,0.95849609375
7252,103.97632086277008,118,118,0.01,1.3503902748984806,0.96142578125
7253,109.1101311147213,125,125,0.01,1.3692960619926453,0.932373046875
7254,43.45568400621414,47,46,0.01,1.395284632419018,0.3330078125
7255,114.37034080922604,142,142,0.01,1.3693721554648708,0.959716796875
7256,96.2084047794342,107,106,0.01,1.314597178285367,0.772216796875
7257,100.63430541753769,122,122,0.01,1.4061288985072589,0.973876953125
7258,20.624209940433502,23,22,0.01,1.441700992376908,0.180908203125
7259,102.53522056341171,119,119,0.01,1.3214199292559583,0.9814453125
7260,105.87302994728088,116,115,0.01,1.2738566223917336,0.854736328125
7261,34.36666113138199,37,36,0.01,1.3629414149232812,0.30029296875
7262,125.24521268904209,152,152,0.01,1.2850547781900357,0.96142578125
7263,92.7066203802824,127,127,0.01,1.2342322954512017,0.9384765625
7264,57.44099485874176,62,61,0.01,1.2358697450930072,0.447509765625
7265,60.440704107284546,66,65,0.01,1.2100956358692863,0.5830078125
7266,16.742702960968018,19,18,0.01,1.3701653260933726,0.3212890625
7267,94.9134959205985,123,123,0.01,1.244598595107474,0.966064453125
7268,46.59202617406845,52,51,0.01,1.2977379308297083,0.614013671875
7269,101.87297121435404,122,122,0.01,1.2382013069801643,0.93017578125
7270,102.45938032865524,127,127,0.01,1.2674576785620741,0.93798828125
7271,88.17664970457554,114,114,0.01,1.2907531839190869,0.94189453125
7272,77.64046508073807,85,84,0.01,1.302086189213921,0.70166015625
7273,59.6797091960907,64,63,0.01,1.2007575738243759,0.444091796875
7274,118.31598448753357,138,138,0.01,1.2189586140971254,0.966796875
7275,98.00149917602539,124,124,0.01,1.2198307225781102,0.92333984375
7276,26.371612012386322,29,28,0.01,1.200453690413771,0.3115234375
7277,13.90962016582489,16,15,0.01,1.3103371933102608,0.14697265625
7278,32.296930849552155,35,34,0.01,1.2186232992580959,0.278076171875
7279,3.9709560871124268,6,5,0.01,1.1695596774419148,0.081787109375
7280,93.08449506759644,103,102,0.01,1.376498628877899,0.68310546875
7281,102.30993437021971,126,126,0.01,1.2931299753605374,0.974365234375
7282,78.09120464324951,85,84,0.01,1.3292214043000166,0.6875
7283,79.76345704495907,98,98,0.01,1.233842714100468,0.935546875
7284,42.32383447885513,45,44,0.01,1.2564432587888505,0.3330078125
7285,112.28389738500118,129,129,0.01,1.2988682423913203,0.963623046875
7286,-1.0,1,0,0.01,1.7195935249328613,0.0
7287,101.86651112139225,124,124,0.01,1.1479021926080026,0.966552734375
7288,107.89530052989721,137,137,0.01,1.1726559504975367,0.946533203125
7289,41.61525857448578,45,44,0.01,1.2680542323324415,0.271728515625
7290,95.79268026351929,109,108,0.01,1.2490078262779691,0.804931640625
7291,109.31276343762875,134,134,0.01,1.2248170820634756,0.939697265625
7292,94.78249146044254,115,115,0.01,1.1910877450652744,0.961181640625
7293,95.60462345182896,113,113,0.01,1.1997655556265232,0.943359375
7294,109.38238550722599,134,134,0.01,1.2266421024479084,0.936279296875
7295,64.96112555265427,72,71,0.01,1.1162716307573848,0.470703125
7296,97.32435984909534,134,134,0.01,1.181863479872248,0.9140625
7297,38.16691768169403,42,41,0.01,1.1825752765649842,0.31982421875
7298,83.20146667957306,90,89,0.01,1.2830164876249102,0.6787109375
7299,90.52985557168722,105,105,0.01,1.3079084981055487,0.97607421875
7300,30.626615941524506,33,32,0.01,1.2331194945357062,0.468505859375
7301,23.58424073457718,27,26,0.01,1.114293364463029,0.21435546875
7302,85.56509940326214,102,102,0.01,1.2233673205562667,0.886962890625
7303,67.76922899484634,74,73,0.01,1.2820336887159862,0.7724609375
7304,82.1202853769064,102,102,0.01,1.1520565435582517,0.902099609375
7305,61.882047057151794,69,68,0.01,1.3464597014413364,0.51416015625
7306,108.2309758067131,131,131,0.01,1.2377699390622496,0.962158203125
7307,101.76513204723597,125,125,0.01,1.3004009289741516,0.957763671875
7308,33.409182131290436,36,35,0.01,1.289580363366339,0.235107421875
7309,67.96313655376434,75,74,0.01,1.2787407632668812,0.60693359375
7310,64.68461245298386,74,73,0.01,1.3134316125431575,0.719970703125
7311,97.38124127686024,112,112,0.01,1.1620572887893235,0.946044921875
7312,112.04521089792252,131,131,0.01,1.1637850801908334,0.97021484375
7313,97.77621968835592,118,118,0.01,1.2016979258949474,0.95947265625
7314,99.30125416815281,126,126,0.01,1.236863051615064,0.94287109375
7315,91.0855298191309,102,102,0.01,1.2325421174367268,0.984375
7316,108.25326051563025,124,124,0.01,1.2833980035877997,0.97509765625
7317,95.11089989542961,114,114,0.01,1.145679883528174,0.92236328125
7318,115.47435831278563,141,141,0.01,1.2024875803196684,0.963623046875
7319,34.000952899456024,37,36,0.01,1.241154222875028,0.392333984375
7320,79.24145578593016,98,98,0.01,1.2721807485332295,0.924072265625
7321,73.94643545150757,81,80,0.01,1.2511370535250064,0.6220703125
7322,100.11743223667145,117,117,0.01,1.2908290604240873,0.938720703125
7323,88.29195955395699,109,109,0.01,1.2356693460306991,0.95654296875
7324,94.0429455935955,111,110,0.01,1.2516012036048614,0.886962890625
7325,71.4983462691307,77,76,0.01,1.240935905026151,0.61669921875
7326,58.1812618970871,63,62,0.01,1.169629991054535,0.50537109375
7327,67.78984087705612,78,77,0.01,1.2637560230035048,0.684326171875
7328,78.69379955530167,88,87,0.01,1.1932561651549556,0.678955078125
7329,50.986920177936554,57,56,0.01,1.2045437724966752,0.427734375
7330,102.48024622350931,127,127,0.01,1.1849064554755144,0.951904296875
7331,97.25733457505703,124,124,0.01,1.1929063179319905,0.92236328125
7332,98.98418061435223,122,122,0.01,1.2355886780824819,0.920654296875
7333,52.96408450603485,60,59,0.01,1.27317420343558,0.360107421875
7334,15.880500376224518,18,17,0.01,1.3609280188878377,0.165283203125
7335,119.36703746765852,152,152,0.01,1.1413565117277598,0.965087890625
7336,92.1401717364788,109,109,0.01,1.2380110063684096,0.857421875
7337,81.63486307859421,97,97,0.01,1.2157754649206536,0.915771484375
7338,94.93910904228687,111,111,0.01,1.2410690207202155,0.977294921875
7339,99.37735277414322,114,114,0.01,1.2060083835794215,0.940673828125
7340,71.54240703582764,80,79,0.01,1.1601223196834325,0.734130859375
7341,95.13301584124565,112,112,0.01,1.2370600886642933,0.91796875
7342,70.88350860774517,86,86,0.01,1.2219166710626248,0.974609375
7343,97.00584518909454,109,108,0.01,1.3086699873482415,0.732177734375
7344,86.88010467588902,104,104,0.01,1.196924672390406,0.972900390625
7345,103.32087016105652,116,115,0.01,1.2723104606928497,0.814208984375
7346,85.81871694326401,93,92,0.01,1.186808882541554,0.70068359375
7347,95.30287915468216,110,109,0.01,1.248524205793034,0.87646484375
7348,66.85238605737686,73,72,0.01,1.2322341113874358,0.646484375
7349,95.07704262435436,111,111,0.01,1.1963030400576893,0.923095703125
7350,0.0,2,1,0.01,1.6461479663848877,0.0
7351,114.07427188754082,140,140,0.01,1.2178861830915724,0.922119140625
7352,103.07285711169243,118,118,0.01,1.209902072104357,0.909423828125
7353,23.56795310974121,26,25,0.01,1.2142872718664317,0.298095703125
7354,0.0,2,1,0.01,1.593711793422699,0.005126953125
7355,101.16300691664219,113,113,0.01,1.1940490977954021,0.974853515625
7356,97.35620777308941,118,117,0.01,1.1740265112307111,0.9609375
7357,15.857329726219177,18,17,0.01,1.370456685622533,0.101806640625
7358,107.87728264182806,129,129,0.01,1.226286107948584,0.951904296875
7359,117.99636699259281,134,134,0.01,1.1905668942785974,0.967041015625
7360,56.13716781139374,60,59,0.01,1.2901656384269395,0.531005859375
7361,32.18470495939255,35,34,0.01,1.0762785860470363,0.283203125
7362,100.46520686149597,120,120,0.01,1.149859263499578,0.909912109375
7363,106.99410083889961,132,132,0.01,1.2345541426629731,0.960693359375
7364,90.12933403253555,108,108,0.01,1.2023010013831987,0.857666015625
7365,104.52200403809547,122,122,0.01,1.1850064328459442,0.94580078125
7366,104.00972259044647,123,123,0.01,1.2331631828129777,0.97509765625
7367,103.32817854732275,126,126,0.01,1.1970777577824063,0.963623046875
7368,101.5848839879036,114,113,0.01,1.258228801582989,0.767578125
7369,7.0,9,8,0.01,1.1965670386950176,0.0693359375
7370,92.2736269980669,102,102,0.01,1.2543592131605334,0.9560546875
7371,100.53807216882706,126,126,0.01,1.1803574228570575,0.904052734375
7372,104.86292660981417,132,132,0.01,1.1956285086996628,0.93798828125
7373,33.261726558208466,36,35,0.01,1.268326759338379,0.426513671875
7374,106.3899642676115,123,123,0.01,1.3503735935300347,0.961669921875
7375,18.741508901119232,21,20,0.01,1.2509823171865373,0.07861328125
7376,2.9948940873146057,5,4,0.01,1.7323853254318238,0.046142578125
7377,114.27769596874714,132,132,0.01,1.2226729067889126,0.973876953125
7378,107.45448850095272,124,124,0.01,1.2267721432351297,0.96240234375
7379,53.842424392700195,59,58,0.01,1.2104350232471854,0.716064453125
7380,24.611822843551636,27,26,0.01,1.3114127318064372,0.196533203125
7381,57.74268752336502,63,62,0.01,1.1635124815834894,0.484619140625
7382,93.08596554398537,117,117,0.01,1.180835985729837,0.96484375
7383,52.8719516992569,57,56,0.01,1.2566596405547963,0.39013671875
7384,14.0,16,15,0.01,1.3263497576117516,0.153564453125
7385,50.44042652845383,54,53,0.01,1.0271864665879145,0.394775390625
7386,104.55712966620922,128,128,0.01,1.1874492401257157,0.9658203125
7387,92.94017021358013,121,121,0.01,1.18628400933644,0.9599609375
7388,99.99259528517723,114,114,0.01,1.230682342460281,0.96923828125
7389,106.24558016657829,126,126,0.01,1.2512834438728908,0.91650390625
7390,39.989730060100555,43,42,0.01,1.123641362023908,0.30908203125
7391,67.19653218984604,73,72,0.01,1.1578930395923248,0.548828125
7392,107.32129991054535,132,132,0.01,1.2281814663473405,0.95654296875
7393,94.80853451788425,114,114,0.01,1.131071526753275,0.96533203125
7394,88.08144184947014,109,109,0.01,1.2152244128765317,0.94287109375
7395,107.30849534273148,123,123,0.01,1.251574698623603,0.951416015625
7396,98.28371241688728,112,112,0.01,1.172019004555685,0.961181640625
7397,68.89962273836136,74,73,0.01,1.2434282351184536,0.47607421875
7398,115.49321372807026,144,144,0.01,1.2487466769913833,0.95361328125
7399,109.80956208705902,122,122,0.01,1.2002235162453574,0.937255859375
7400,74.55251591652632,106,106,0.01,1.1773243682845584,0.970703125
7401,81.38433177769184,97,97,0.01,1.2793446026512028,0.965576171875
7402,99.46588291227818,120,120,0.01,1.2829234222571055,0.88720703125
7403,60.97721087932587,67,66,0.01,1.2728799314641241,0.56640625
7404,105.5701108649373,121,121,0.01,1.1850279074562482,0.97802734375
7405,101.77865178883076,115,115,0.01,1.2106917593790136,0.972412109375
7406,2.0,4,3,0.01,0.9747022539377213,0.042724609375
7407,24.283289313316345,27,26,0.01,1.2719992288836726,0.234619140625
7408,88.90568853914738,115,115,0.01,1.2467485057271046,0.939453125
7409,26.290688812732697,31,30,0.01,1.264841712290241,0.24560546875
7410,99.55695363879204,126,126,0.01,1.1933034469210912,0.959228515625
7411,118.75023850798607,127,127,0.01,1.2000698015445799,0.966552734375
7412,30.614202737808228,34,33,0.01,1.1969052053549711,0.227783203125
7413,61.05982756614685,67,66,0.01,1.2323710664884369,0.64208984375
7414,96.55607722699642,110,110,0.01,1.2326997851783579,0.97705078125
7415,11.942367494106293,14,13,0.01,1.3340127255235399,0.119873046875
7416,22.184646427631378,25,24,0.01,1.2212688422203064,0.1845703125
7417,89.92293520271778,110,110,0.01,1.2672965488650583,0.932373046875
7418,85.2243877351284,99,99,0.01,1.2482834166348582,0.959716796875
7419,-1.0,1,0,0.01,1.0110036134719849,0.0
7420,104.34629030525684,125,125,0.01,1.2144510630369187,0.95654296875
7421,2.0,4,3,0.01,1.1716085076332092,0.020263671875
7422,95.16972410678864,113,113,0.01,1.2271123483645177,0.94482421875
7423,110.71374681591988,133,133,0.01,1.2055128819512246,0.9501953125
7424,56.46358221769333,61,60,0.01,1.2459923444224186,0.42138671875
7425,87.81012804806232,104,104,0.01,1.2419945176404257,0.940673828125
7426,90.50057744979858,100,100,0.01,1.1688719642162324,0.900634765625
7427,53.45919978618622,60,59,0.01,1.2500073249141375,0.48095703125
7428,77.64793743938208,97,97,0.01,1.14764573739976,0.96484375
7429,12.441432476043701,15,14,0.01,1.2800772786140442,0.123046875
7430,42.65104651451111,47,46,0.01,1.0965409659324807,0.392578125
7431,78.52284660190344,93,93,0.01,1.2682672636483305,0.97412109375
7432,79.69890928268433,87,86,0.01,1.1440821690806027,0.709716796875
7433,90.03802442550659,100,99,0.01,1.2767709317803382,0.655029296875
7434,70.34585180133581,93,93,0.01,1.2702714297720181,0.952392578125
7435,62.04955595731735,72,71,0.01,1.223961588823133,0.746337890625
7436,57.31418335437775,61,60,0.01,1.2274825074633613,0.3837890625
7437,79.77112567424774,90,90,0.01,1.1894900762372547,0.928955078125
7438,50.34089797735214,54,53,0.01,1.2413448062207963,0.346435546875
7439,4.993914842605591,7,6,0.01,1.026352150099618,0.0400390625
7440,52.65905398130417,57,56,0.01,1.2394431439930933,0.510986328125
7441,81.48056542873383,91,90,0.01,1.2079713023625887,0.6455078125
7442,94.08781896531582,111,111,0.01,1.2032006286286019,0.922119140625
7443,97.09504118561745,111,111,0.01,1.2418368453378077,0.957763671875
7444,100.94148123264313,121,121,0.01,1.279355177209397,0.927734375
7445,105.7787010744214,124,124,0.01,1.2615380438585435,0.978271484375
7446,86.89670051634312,110,109,0.01,1.232881811261177,0.8779296875
7447,98.60046142339706,118,118,0.01,1.1982974993475413,0.93212890625
7448,46.56190085411072,50,49,0.01,1.207935312986374,0.41015625
7449,15.827191054821014,18,17,0.01,1.11461830801434,0.130615234375
7450,27.186128318309784,30,29,0.01,1.213111517826716,0.224853515625
7451,9.705461025238037,12,11,0.01,1.2081996848185856,0.0712890625
7452,105.49846132844687,124,124,0.01,1.2814392469102336,0.960205078125
7453,23.159213185310364,26,25,0.01,1.2667148480048547,0.1884765625
7454,90.95374947786331,113,113,0.01,1.2524428639264233,0.939697265625
7455,86.47204864025116,103,102,0.01,1.1448333315478945,0.525390625
7456,79.7559779882431,94,93,0.01,1.2297227766285552,0.68310546875
7457,93.52613858878613,122,122,0.01,1.3495296237410093,0.95703125
7458,90.94222956895828,104,103,0.01,1.2681023358152463,0.801025390625
7459,102.26539212465286,122,122,0.01,1.3120337714914416,0.881591796875
7460,71.13199466466904,84,84,0.01,1.338751029755388,0.8984375
7461,84.64518976211548,96,95,0.01,1.3070292898143332,0.865234375
7462,29.690323650836945,32,31,0.01,1.312895381823182,0.274169921875
7463,113.33502243459225,133,133,0.01,1.2591134020708556,0.973388671875
7464,31.353002667427063,34,33,0.01,1.3669995805796455,0.34521484375
7465,66.83710235357285,73,73,0.01,1.1882893336962348,0.9052734375
7466,4.985457122325897,7,6,0.01,1.4389406612941198,0.033447265625
7467,90.02531632781029,113,113,0.01,1.2956879524003089,0.94873046875
7468,107.83231402933598,125,125,0.01,1.3110583655834198,0.916748046875
7469,3.0,5,4,0.01,1.470936393737793,0.03515625
7470,16.250970542430878,19,18,0.01,1.2727691186101813,0.047119140625
7471,18.688754200935364,21,20,0.01,1.37307604153951,0.177734375
7472,93.20888191461563,107,107,0.01,1.2992660873961226,0.91455078125
7473,21.371798634529114,24,23,0.01,1.426264892021815,0.14892578125
7474,97.45716992020607,108,108,0.01,1.2580458808828283,0.9599609375
7475,-1.0,1,0,0.01,1.6755319833755493,0.0
7476,74.06717669963837,81,80,0.01,1.0890550760575284,0.686279296875
7477,104.18715691566467,123,123,0.01,1.2818245504929768,0.911376953125
7478,76.11447060108185,85,85,0.01,1.200527164515327,0.958740234375
7479,32.85370069742203,36,35,0.01,1.0781595499979124,0.268798828125
7480,114.09440191090107,135,135,0.01,1.257423958071956,0.959228515625
7481,25.42869508266449,28,27,0.01,1.2472919481141227,0.298095703125
7482,70.09769243001938,76,75,0.01,1.1885877286917286,0.59716796875
7483,14.85959792137146,17,16,0.01,1.2611798258388744,0.106689453125
7484,92.7519981265068,109,109,0.01,1.1860275440806642,0.9384765625
7485,83.72212048619986,109,109,0.01,1.261155802722371,0.9755859375
7486,100.24243119359016,113,113,0.01,1.3013025332341153,0.966064453125
7487,109.68024232983589,133,133,0.01,1.2149207535991096,0.941650390625
7488,12.825923681259155,15,14,0.01,1.113565496603648,0.087158203125
7489,2.92801171541214,5,4,0.01,1.351066029071808,0.025634765625
7490,73.37082141637802,79,78,0.01,1.2030506301907045,0.636474609375
7491,107.11054456233978,124,124,0.01,1.2691901249270285,0.968994140625
7492,84.1813473701477,96,95,0.01,1.2477792523180444,0.957763671875
7493,89.37126702070236,104,104,0.01,1.2615836062110388,0.95703125
7494,110.2006398588419,133,133,0.01,1.2313075643733031,0.9443359375
7495,22.5608092546463,25,24,0.01,1.2246573972702026,0.12255859375
7496,93.25897333025932,106,106,0.01,1.1687727570533752,0.94384765625
7497,71.1721340417862,78,77,0.01,1.1393128434816997,0.63232421875
7498,83.78212779760361,100,100,0.01,1.2424332672357559,0.963623046875
7499,92.98892885446548,103,102,0.01,1.2143185364389883,0.695556640625
7500,53.58700120449066,59,58,0.01,1.123962094218044,0.3759765625
7501,85.37233692407608,92,91,0.01,1.2065974749300792,0.58154296875
7502,21.2505903840065,24,23,0.01,1.3048416500290234,0.147705078125
7503,37.56378072500229,41,40,0.01,1.058219677064477,0.287353515625
7504,5.970327734947205,8,7,0.01,1.1332609206438065,0.04736328125
7505,77.73467323184013,97,96,0.01,1.1623116369099962,0.87451171875
7506,103.1222606152296,126,126,0.01,1.2542666841357473,0.9443359375
7507,52.00207585096359,55,54,0.01,1.239697219025005,0.53662109375
7508,102.5357497036457,117,117,0.01,1.2357573274873261,0.972900390625
7509,74.94933608174324,93,93,0.01,1.178948123288411,0.91357421875
7510,120.44971193373203,145,145,0.01,1.2200134158134461,0.933349609375
7511,42.139725029468536,45,44,0.01,1.2818483922216628,0.25341796875
7512,78.26907430589199,97,97,0.01,1.196816079702574,0.904052734375
7513,72.29361590743065,94,93,0.01,1.262341652461823,0.72509765625
7514,102.20474129915237,117,117,0.01,1.2555992379147782,0.96044921875
7515,98.47451147437096,117,117,0.01,1.2199517676972935,0.915283203125
7516,96.7872120141983,118,118,0.01,1.2726229739896322,0.94140625
7517,3.0,5,4,0.01,1.5949140071868897,0.016845703125
7518,96.38218569755554,119,119,0.01,1.3025979109171058,0.936767578125
7519,5.0,7,6,0.01,1.0855186155864172,0.057861328125
7520,106.76203766465187,136,136,0.01,1.2825354120748884,0.939697265625
7521,26.449086606502533,29,28,0.01,1.1967483101219967,0.251708984375
7522,96.04107964038849,117,117,0.01,1.2074376714025807,0.963623046875
7523,104.69097980111837,123,123,0.01,1.3112190162263266,0.974365234375
7524,96.39259438961744,115,115,0.01,1.2775199060854705,0.936767578125
7525,86.41034716367722,102,102,0.01,1.3354629847933264,0.939208984375
7526,75.62927347421646,86,85,0.01,1.2252619044725286,0.721923828125
7527,87.61555580794811,110,110,0.01,1.2205356280912052,0.968017578125
7528,40.40843975543976,44,43,0.01,1.2529588490724564,0.32080078125
7529,99.83261513710022,114,114,0.01,1.188970369727988,0.94921875
7530,65.14397937059402,72,71,0.01,1.256520946820577,0.507080078125
7531,87.01730750501156,102,102,0.01,1.2734242657236023,0.931396484375
7532,106.72483113408089,124,124,0.01,1.2183572104380977,0.955322265625
7533,26.89668583869934,29,28,0.01,1.2367452413871372,0.204345703125
7534,97.69203007221222,118,118,0.01,1.2704065096075252,0.964111328125
7535,72.29032611846924,83,82,0.01,1.1402744801647693,0.764892578125
7536,69.35962462425232,78,78,0.01,1.1820313319181786,0.949462890625
7537,95.2747006714344,112,112,0.01,1.303838076069951,0.965576171875
7538,54.47009062767029,63,62,0.01,1.2400822648926386,0.5341796875
7539,104.189807087183,126,126,0.01,1.242313387138503,0.921875
7540,59.791687309741974,65,64,0.01,1.324295992576159,0.559814453125
7541,117.11767202615738,155,155,0.01,1.2989755711247843,0.941162109375
7542,60.344300508499146,67,66,0.01,1.2526647097139216,0.420166015625
7543,67.96229988336563,76,75,0.01,1.4478271478100826,0.37646484375
7544,98.15925446897745,122,121,0.01,1.2479859972830678,0.959716796875
7545,72.94688004255295,81,80,0.01,1.2519311752216316,0.742431640625
7546,85.91404986381531,94,93,0.01,1.3761314892388405,0.6640625
7547,67.46510815620422,76,75,0.01,1.2351006179263717,0.773193359375
7548,105.74086353182793,121,121,0.01,1.386434099644669,0.97119140625
7549,23.998179733753204,27,26,0.01,1.2013444944664284,0.19189453125
7550,80.77295178174973,89,88,0.01,1.3210771847307012,0.5947265625
7551,98.17630915343761,116,116,0.01,1.255431424954842,0.958251953125
7552,101.76330943405628,123,123,0.01,1.3400429925782893,0.958740234375
7553,34.148587346076965,37,36,0.01,1.2928284116693445,0.265380859375
7554,86.10687869787216,111,111,0.01,1.3256501748755172,0.955322265625
7555,83.21021974086761,99,99,0.01,1.3581870357797603,0.904052734375
7556,91.37562093138695,111,111,0.01,1.2402938478164844,0.953125
7557,99.07142369449139,123,123,0.01,1.3490624074044266,0.919189453125
7558,-1.0,1,0,0.01,0.6575793027877808,0.0
7559,93.85535717010498,115,115,0.01,1.2620355067045792,0.953369140625
7560,76.6358492448926,91,91,0.01,1.3356257179281215,0.961181640625
7561,87.74683867394924,100,100,0.01,1.2749689781665803,0.952880859375
7562,5.923132419586182,8,7,0.01,1.3244364336133003,0.05078125
7563,104.40264351665974,126,126,0.01,1.3076707351775396,0.953857421875
7564,66.63534460961819,92,92,0.01,1.398830765615339,0.954833984375
7565,78.95745515823364,87,86,0.01,1.3517588411254444,0.689453125
7566,78.25895893573761,86,85,0.01,1.2388112122236297,0.582275390625
7567,78.15700191259384,86,85,0.01,1.3285841442817865,0.583740234375
7568,69.56917291879654,75,74,0.01,1.337351080973943,0.56591796875
7569,14.932344913482666,17,16,0.01,1.251842605717042,0.13671875
7570,52.907339215278625,56,55,0.01,1.277729899755546,0.61474609375
7571,96.85541224479675,107,107,0.01,1.2889066583642335,0.949951171875
7572,72.675775334239,90,90,0.01,1.2808518648147582,0.917236328125
7573,95.32071255147457,131,131,0.01,1.235095101230927,0.9521484375
7574,38.77817094326019,42,41,0.01,1.3376020931062245,0.227294921875
7575,41.66232132911682,45,44,0.01,1.241354493962394,0.455078125
7576,90.33503179252148,121,121,0.01,1.2501075853986188,0.958740234375
7577,91.26540844142437,107,107,0.01,1.2484438798137913,0.971923828125
7578,114.06012777984142,137,137,0.01,1.1981630125184999,0.922607421875
7579,15.803558349609375,18,17,0.01,1.2757121357652876,0.156005859375
7580,86.22490716725588,110,110,0.01,1.2285362514582547,0.964111328125
7581,94.18691259622574,113,113,0.01,1.2762445580642836,0.93408203125
7582,89.88469918072224,108,108,0.01,1.302555727461974,0.965576171875
7583,38.104842841625214,43,42,0.01,1.2573615811591925,0.20068359375
7584,92.26755720376968,102,101,0.01,1.3145274703993517,0.65234375
7585,93.8107064217329,128,128,0.01,1.2588258148171008,0.943603515625
7586,86.4357532337308,108,108,0.01,1.325117814872,0.974609375
7587,94.8339129537344,118,118,0.01,1.2988083862652213,0.958740234375
7588,71.66626757383347,79,78,0.01,1.3129377859302713,0.636962890625
7589,61.385444700717926,66,65,0.01,1.3928528915752063,0.447509765625
7590,100.5415126234293,119,119,0.01,1.237775751522609,0.967041015625
7591,16.833208203315735,19,18,0.01,1.3138898516956128,0.197021484375
7592,50.75229746103287,55,54,0.01,1.2826280425895344,0.391357421875
7593,16.651035130023956,19,18,0.01,1.2992895794542212,0.182373046875
7594,84.98946583271027,107,106,0.01,1.2278351555360811,0.9033203125
7595,113.3196972310543,141,141,0.01,1.3711958988338497,0.93408203125
7596,72.00016385316849,79,78,0.01,1.401372551540785,0.76025390625
7597,10.14400976896286,13,12,0.01,1.2719095120063195,0.1279296875
7598,110.9678125679493,134,133,0.01,1.3197431526522139,0.908447265625
7599,93.22812356054783,114,114,0.01,1.3125878318882824,0.93408203125
7600,98.98320579528809,122,122,0.01,1.3652476922410433,0.9833984375
7601,58.876422464847565,63,62,0.01,1.1966432981074802,0.7060546875
7602,90.66969759762287,131,131,0.01,1.301897381553213,0.935791015625
7603,115.56904315948486,137,137,0.01,1.3514914847638486,0.954345703125
7604,-1.0,1,0,0.01,1.483957052230835,0.0
7605,107.20009826123714,130,130,0.01,1.3562644504583798,0.955322265625
7606,43.59845244884491,47,46,0.01,1.2738211370529013,0.328369140625
7607,5.0,7,6,0.01,1.443646924836295,0.069091796875
7608,71.47870659083128,93,93,0.01,1.3605603578911032,0.962158203125
7609,88.19085500389338,117,117,0.01,1.3126428043230987,0.977783203125
7610,2.0,4,3,0.01,1.2935919761657715,0.036376953125
7611,93.2421044409275,118,118,0.01,1.384777582297891,0.946533203125
7612,108.47452744841576,135,134,0.01,1.3334802385833529,0.83935546875
7613,25.277524292469025,28,27,0.01,1.2973589961017882,0.241943359375
7614,32.0264738202095,35,34,0.01,1.3388496816158295,0.290283203125
7615,17.80449652671814,21,20,0.01,1.2874135744004023,0.08642578125
7616,85.61939106881618,104,104,0.01,1.3820028233413513,0.957275390625
7617,52.55701696872711,60,59,0.01,1.405711251993974,0.3720703125
7618,92.02151383459568,125,124,0.01,1.385097845554352,0.914794921875
7619,87.81491300463676,102,102,0.01,1.3431260170889836,0.926025390625
7620,70.18159636855125,82,81,0.01,1.4837295754653652,0.900390625
7621,9.84933865070343,12,11,0.01,1.3013197928667068,0.099853515625
7622,93.04410162568092,102,102,0.01,1.3414087447465635,0.952392578125
7623,110.3647400289774,131,131,0.01,1.374318252310498,0.955078125
7624,92.14870968461037,110,110,0.01,1.3347533017396926,0.855712890625
7625,91.01132573187351,110,110,0.01,1.3524571470238946,0.922119140625
7626,73.4874153137207,81,80,0.01,1.4244769818988847,0.738525390625
7627,109.8349015712738,133,133,0.01,1.3321835358340042,0.963623046875
7628,77.16360569000244,85,84,0.01,1.2985406121786902,0.865966796875
7629,9.761996507644653,12,11,0.01,1.4590423206488292,0.0751953125
7630,124.8871853351593,139,139,0.01,1.3124899092338067,0.972412109375
7631,61.05041807889938,66,65,0.01,1.2713096846233716,0.4287109375
7632,27.32129204273224,32,31,0.01,1.2136586792767048,0.372314453125
7633,100.03415507078171,120,120,0.01,1.2325814510385196,0.9541015625
7634,23.534441649913788,26,25,0.01,1.3113147306900759,0.278564453125
7635,31.678087174892426,34,33,0.01,1.1010486588758581,0.36279296875
7636,74.24612492322922,83,82,0.01,1.2908234510077052,0.58544921875
7637,6.0,8,7,0.01,1.1706920340657234,0.0576171875
7638,99.04815104603767,114,114,0.01,1.2279340423512877,0.968505859375
7639,89.07856194674969,109,109,0.01,1.266035592610683,0.946044921875
7640,1.0,3,2,0.01,1.1190780401229858,0.01708984375
7641,99.98428964614868,126,125,0.01,1.3189933321305685,0.939208984375
7642,82.03819135576487,103,103,0.01,1.3161534724883663,0.922119140625
7643,84.24120271205902,93,92,0.01,1.2468136558609624,0.82275390625
7644,108.22621248662472,130,130,0.01,1.2821604632414305,0.95654296875
7645,3.905641555786133,6,5,0.01,1.2055450876553853,0.130126953125
7646,67.09110663831234,80,80,0.01,1.2697020836174489,0.9501953125
7647,15.91092997789383,18,17,0.01,1.2893496255079906,0.144287109375
7648,72.84259063005447,83,82,0.01,1.3359819765550545,0.58740234375
7649,2.0,4,3,0.01,1.2454074174165726,0.0244140625
7650,30.251759886741638,33,32,0.01,1.3189535971843835,0.234375
7651,94.42822064459324,107,107,0.01,1.2773893158012462,0.96142578125
7652,92.03130657970905,113,113,0.01,1.2972344727115293,0.911865234375
7653,27.181433618068695,31,30,0.01,1.1908473901210292,0.268798828125
7654,18.660385012626648,21,20,0.01,1.2069500911803472,0.13720703125
7655,100.15833313763142,120,120,0.01,1.2995523028075695,0.9287109375
7656,20.774313986301422,23,22,0.01,1.3808633348216182,0.088134765625
7657,116.8113044500351,146,146,0.01,1.3023858205096361,0.933349609375
7658,95.52269610762596,117,117,0.01,1.3050777102128053,0.95458984375
7659,15.756293773651123,18,17,0.01,1.3812706851296954,0.14453125
7660,42.01704257726669,46,45,0.01,1.1607864784157795,0.42041015625
7661,98.39369033277035,116,116,0.01,1.1875460343114261,0.933349609375
7662,99.31158748269081,111,111,0.01,1.3039112799876444,0.945068359375
7663,90.68220319598913,107,107,0.01,1.162536491857511,0.975341796875
7664,2.0,4,3,0.01,1.5005481243133545,0.0029296875
7665,85.09351268410683,102,102,0.01,1.170549377214675,0.917724609375
7666,13.109122335910797,16,15,0.01,1.4654262401163578,0.0556640625
7667,81.12537395954132,87,86,0.01,1.3389571908561664,0.53564453125
7668,93.55535274744034,105,104,0.01,1.2356092208907719,0.882080078125
7669,14.878128826618195,17,16,0.01,1.2482853917514576,0.1435546875
7670,93.2102700471878,107,106,0.01,1.1948449617234347,0.733154296875
7671,55.0272159576416,60,59,0.01,1.2338110278050105,0.338134765625
7672,105.29602028429508,126,126,0.01,1.2364934548026039,0.951171875
7673,92.45190246403217,108,108,0.01,1.2873087972402573,0.956787109375
7674,93.31467939913273,117,117,0.01,1.1810524738751924,0.946044921875
7675,99.45177751779556,124,124,0.01,1.259259061467263,0.94775390625
7676,84.47134798765182,98,98,0.01,1.3133723373923982,0.98193359375
7677,84.06645262241364,98,97,0.01,1.219516275184495,0.8623046875
7678,11.753184854984283,14,13,0.01,1.3684289583138056,0.129638671875
7679,48.23725759983063,53,52,0.01,1.315256487648442,0.344970703125
7680,17.90331894159317,20,19,0.01,1.2084989964962005,0.13818359375
7681,99.67520290613174,120,120,0.01,1.2842866731186708,0.928466796875
7682,48.754138827323914,54,53,0.01,1.3496199901457187,0.44482421875
7683,100.5298618003726,129,129,0.01,1.2626536352227824,0.970458984375
7684,48.477626383304596,53,52,0.01,1.2536537084939345,0.47314453125
7685,87.2721308618784,103,103,0.01,1.2927169733255812,0.954833984375
7686,1.0,3,2,0.01,1.318734884262085,0.0078125
7687,89.43657703697681,109,109,0.01,1.1845998720291557,0.970947265625
7688,77.56052650511265,95,95,0.01,1.2385051347707448,0.975341796875
7689,81.87557375431061,90,89,0.01,1.1946567098299663,0.760009765625
7690,85.04085801541805,109,109,0.01,1.2940762141428956,0.94580078125
7691,36.7311509847641,41,40,0.01,1.353794672140261,0.311767578125
7692,110.65469231456518,126,126,0.01,1.2469680053847176,0.97119140625
7693,87.04602468013763,113,113,0.01,1.236551556175789,0.94580078125
7694,95.92568464577198,112,112,0.01,1.2389453098710095,0.931396484375
7695,82.26344288885593,114,114,0.01,1.2617604656700503,0.9521484375
7696,85.94780699908733,121,121,0.01,1.2815574998697958,0.9638671875
7697,35.26225125789642,39,38,0.01,1.1385692541415875,0.357666015625
7698,15.329832553863525,18,17,0.01,1.2402571737766266,0.07666015625
7699,4.994071185588837,7,6,0.01,1.4410129615238734,0.0146484375
7700,84.10299289226532,93,92,0.01,1.2893060016375717,0.77392578125
7701,49.093937277793884,53,52,0.01,1.3465467815129262,0.4423828125
7702,83.98615693300962,112,112,0.01,1.1950186105178935,0.951904296875
7703,80.69638654589653,88,88,0.01,1.315085811371153,0.900634765625
7704,47.08864736557007,52,51,0.01,1.3118322239472315,0.354736328125
7705,82.81874895840883,105,105,0.01,1.294733530566806,0.9296875
7706,42.74505680799484,46,45,0.01,1.3269161763398543,0.47607421875
7707,46.13053208589554,50,49,0.01,1.3153931504487992,0.355224609375
7708,89.53712487220764,110,110,0.01,1.2833947772329504,0.93505859375
7709,83.42349946498871,97,97,0.01,1.2799374098630296,0.9697265625
7710,24.969176292419434,28,27,0.01,1.3601074112313134,0.20361328125
7711,73.32239371538162,81,80,0.01,1.4015115823274777,0.61376953125
7712,110.66264593601227,128,128,0.01,1.3493662981782109,0.947265625
7713,80.58410948514938,94,94,0.01,1.286885881043495,0.947021484375
7714,102.14492309838533,138,138,0.01,1.2712247838144717,0.90234375
7715,109.98183884471655,134,134,0.01,1.2596390024939579,0.9306640625
7716,97.20793056488037,113,112,0.01,1.3449326555813308,0.778076171875
7717,95.26896367967129,111,111,0.01,1.3562059877692043,0.94921875
7718,95.60500490665436,124,123,0.01,1.3391712331964123,0.78466796875
7719,-1.0,1,0,0.01,1.4720427989959717,0.0
7720,86.62486367672682,107,107,0.01,1.2629037853156295,0.955322265625
7721,111.00266820192337,138,138,0.01,1.3026162448568621,0.95556640625
7722,82.18986055254936,98,98,0.01,1.3634508902929268,0.951416015625
7723,82.39251533150673,106,106,0.01,1.1960633318379241,0.928466796875
7724,98.24503761529922,114,113,0.01,1.3777750795870496,0.8798828125
7725,3.946219027042389,6,5,0.01,1.5022552112738292,0.10791015625
7726,60.25327271223068,68,67,0.01,1.3206365437192076,0.3984375
7727,68.24151825904846,75,74,0.01,1.4006409287452697,0.77197265625
7728,18.77251136302948,21,20,0.01,1.3809528010232108,0.166015625
7729,85.90131983160973,104,104,0.01,1.336465700601156,0.92578125
7730,42.743263244628906,46,45,0.01,1.2768813786299333,0.450927734375
7731,89.33442635834217,113,113,0.01,1.3394144190623698,0.9345703125
7732,89.02356055378914,107,107,0.01,1.3277658307663749,0.8916015625
7733,96.26459024846554,117,117,0.01,1.324709339783742,0.940673828125
7734,98.08697766065598,113,113,0.01,1.2932908875224864,0.96337890625
7735,0.0,2,1,0.01,1.8151397109031677,0.00634765625
7736,85.84562784433365,94,93,0.01,1.2781363617866597,0.80615234375
7737,-1.0,1,0,0.01,2.222036123275757,0.0
7738,108.74521450698376,136,136,0.01,1.2987126039669794,0.888671875
7739,6.982333540916443,9,8,0.01,1.0934591889381409,0.041259765625
7740,87.74427950382233,96,95,0.01,1.303196977203091,0.642333984375
7741,83.52294363826513,112,112,0.01,1.3106714926127876,0.9326171875
7742,72.72847217321396,82,81,0.01,1.2728651529405175,0.67138671875
7743,49.549680173397064,54,53,0.01,1.1667109507101554,0.55712890625
7744,0.0,2,1,0.01,0.8133848607540131,0.0
7745,37.16676062345505,40,39,0.01,1.2280684500932693,0.32373046875
7746,18.450633108615875,21,20,0.01,1.3982177348363967,0.101806640625
7747,75.11696417629719,90,90,0.01,1.2617193831337823,0.92724609375
7748,101.3526785671711,115,115,0.01,1.2839392281096915,0.9189453125
7749,86.67962554097176,111,111,0.01,1.323670714019655,0.96484375
7750,119.88179661333561,136,136,0.01,1.3147713366676779,0.951416015625
7751,26.05561453104019,29,28,0.01,1.2840031775934944,0.140625
7752,17.953010857105255,20,19,0.01,1.2890199065208434,0.280517578125
7753,68.01342648267746,78,77,0.01,1.2969877366454174,0.55908203125
7754,105.946073949337,123,123,0.01,1.2207142851217005,0.900146484375
7755,75.83332860469818,83,82,0.01,1.1923797676362187,0.6904296875
7756,20.8838329911232,24,23,0.01,1.2147301385800044,0.156982421875
7757,80.54572081565857,99,99,0.01,1.2734902215124382,0.943603515625
7758,80.63679540157318,89,88,0.01,1.3077299993359641,0.583984375
7759,99.96705760806799,119,119,0.01,1.3818053793506462,0.938720703125
7760,107.8481090515852,121,121,0.01,1.2885058044402067,0.95361328125
7761,7.941823899745941,10,9,0.01,1.070256206393242,0.05078125
7762,102.32296013832092,125,125,0.01,1.3140985977649688,0.885986328125
7763,49.46355319023132,53,52,0.01,1.2713169011304963,0.54541015625
7764,95.88562957942486,110,110,0.01,1.2846080032261935,0.943603515625
7765,30.498494625091553,35,34,0.01,1.3841253059250969,0.329833984375
7766,14.934371590614319,17,16,0.01,1.3865859192960404,0.0859375
7767,52.9318031668663,57,56,0.01,1.224558732488699,0.56494140625
7768,43.78255611658096,47,46,0.01,1.3101754480219903,0.30517578125
7769,105.00237599015236,120,119,0.01,1.3001213031510512,0.9560546875
7770,91.23705811798573,109,109,0.01,1.3279929081781194,0.94482421875
7771,105.58098327368498,134,134,0.01,1.3052502423524857,0.9609375
7772,94.17071437835693,109,109,0.01,1.2433352544220215,0.950927734375
7773,102.70357649028301,119,119,0.01,1.250420230652104,0.9130859375
7774,94.8998594135046,120,120,0.01,1.2325400148828825,0.931640625
7775,7.944046676158905,10,9,0.01,1.4618136048316956,0.066650390625
7776,68.24021655321121,76,75,0.01,1.1199098296071355,0.557373046875
7777,2.0,4,3,0.01,1.4724482297897339,0.026611328125
7778,101.16262775659561,115,114,0.01,1.2847422211066537,0.91455078125
7779,94.79105666279793,109,109,0.01,1.2686914848078281,0.95654296875
7780,99.24959073215723,129,129,0.01,1.2802811299645624,0.951416015625
7781,114.5455914363265,139,139,0.01,1.246410006456238,0.92724609375
7782,20.585472345352173,23,22,0.01,1.3469454438790032,0.1875
7783,84.87540239095688,94,93,0.01,1.1931158491271607,0.787353515625
7784,89.8184823691845,101,101,0.01,1.2844919367591934,0.9599609375
7785,9.90238606929779,12,11,0.01,1.3994891345500946,0.102783203125
7786,32.22708660364151,35,34,0.01,1.36888313634055,0.34521484375
7787,101.67464898526669,116,116,0.01,1.2328932912185275,0.941162109375
7788,88.45541071891785,110,109,0.01,1.2509528596292843,0.70654296875
7789,84.82980012893677,97,96,0.01,1.230194226060946,0.798095703125
7790,111.80769604444504,136,136,0.01,1.2908430178375805,0.947021484375
7791,72.4299505352974,80,79,0.01,1.3875581264495849,0.70263671875
7792,28.25727528333664,31,30,0.01,1.2008635228680027,0.2646484375
7793,81.51380029320717,93,93,0.01,1.2363805474453076,0.960693359375
7794,100.85848519206047,113,113,0.01,1.2286880037425894,0.9658203125
7795,99.91908571869135,135,135,0.01,1.1459789081856055,0.923583984375
7796,96.35967171937227,138,138,0.01,1.2707738291094268,0.960693359375
7797,48.51656073331833,53,52,0.01,1.3566122122530668,0.338134765625
7798,83.61591356992722,101,100,0.01,1.2994506335494542,0.87939453125
7799,1.0,3,2,0.01,1.2425885200500488,0.01513671875
7800,105.2695175409317,125,125,0.01,1.2504253735542297,0.97900390625
7801,1.0,3,2,0.01,1.5968435605367024,0.0
7802,20.396314680576324,23,22,0.01,1.4312581705010456,0.1650390625
7803,5.970303952693939,8,7,0.01,1.2103428468108177,0.029052734375
7804,89.5004455447197,99,98,0.01,1.2992518694713862,0.719482421875
7805,101.9153749793768,129,128,0.01,1.2845850508342418,0.955322265625
7806,11.637429654598236,14,13,0.01,1.1957865740571703,0.2080078125
7807,45.79618799686432,49,48,0.01,1.2267260229100987,0.324951171875
7808,90.86977833509445,106,106,0.01,1.268281123548184,0.969482421875
7809,81.19764377176762,93,93,0.01,1.3324410171918972,0.95849609375
7810,7.7832531332969666,10,9,0.01,1.2813404321670532,0.05224609375
7811,102.71956549584866,134,134,0.01,1.2211304215797738,0.951904296875
7812,88.69574338197708,103,102,0.01,1.3182181336926024,0.807861328125
7813,49.32965624332428,55,54,0.01,1.3465214946053246,0.667724609375
7814,97.84497898817062,106,106,0.01,1.2099485279254194,0.927734375
7815,55.666180193424225,59,58,0.01,1.2472594481403545,0.584716796875
7816,88.30686538666487,109,108,0.01,1.1597831563665233,0.972412109375
7817,22.571759343147278,25,24,0.01,1.2498989498615265,0.33056640625
7818,38.97145128250122,42,41,0.01,1.3093451758225758,0.379638671875
7819,56.02490335702896,60,59,0.01,1.1600517928600311,0.567626953125
7820,62.46379643678665,68,67,0.01,1.179963354678715,0.511474609375
7821,10.815348625183105,13,12,0.01,1.4067051318975596,0.108642578125
7822,42.64753371477127,46,45,0.01,1.29548386775929,0.21630859375
7823,104.30847465991974,114,113,0.01,1.131603124894594,0.807861328125
7824,5.932873070240021,8,7,0.01,1.3459446802735329,0.022705078125
7825,90.90708990395069,111,111,0.01,1.133296293181342,0.969482421875
7826,96.85560667514801,112,112,0.01,1.1827072743326426,0.9501953125
7827,48.219510197639465,53,52,0.01,1.1746584660602066,0.335205078125
7828,103.67269835621119,126,126,0.01,1.1368925798506964,0.965087890625
7829,103.934171885252,144,144,0.01,1.1568504112462203,0.927490234375
7830,78.83550417423248,87,86,0.01,1.1977045556594585,0.69873046875
7831,76.40121486783028,90,90,0.01,1.192031745115916,0.914306640625
7832,37.94770222902298,41,40,0.01,1.1325214112677224,0.351318359375
7833,99.3298599421978,120,120,0.01,1.108314358939727,0.899658203125
7834,119.28658815473318,143,143,0.01,1.2042431943900103,0.973876953125
7835,94.56318582594395,116,116,0.01,1.154501279623344,0.95458984375
7836,92.84666472673416,115,115,0.01,1.2247084913046464,0.944091796875
7837,93.02836510539055,110,110,0.01,1.1379315798932856,0.960205078125
7838,92.68318588286638,124,124,0.01,1.230973034135757,0.933837890625
7839,118.14717193692923,133,133,0.01,1.2045476127387886,0.956787109375
7840,12.634023010730743,15,14,0.01,1.0355578978856406,0.16259765625
7841,92.67273780703545,104,103,0.01,1.1352594239780536,0.9365234375
7842,95.42179328203201,114,114,0.01,1.1157400838115759,0.950927734375
7843,94.67694255709648,103,103,0.01,1.1834280812045903,0.8701171875
7844,86.85994158685207,104,104,0.01,1.2345271018835215,0.9296875
7845,111.70147982239723,135,135,0.01,1.163770310304783,0.975341796875
7846,126.35865977406502,152,152,0.01,1.1964680405431671,0.97412109375
7847,96.50389789789915,116,116,0.01,1.1881045568092117,0.927978515625
7848,52.028563261032104,58,57,0.01,1.2733400464057922,0.4111328125
7849,91.41861674189568,112,112,0.01,1.1747798100113869,0.94580078125
7850,126.25179144740105,150,150,0.01,1.1696756774187087,0.91650390625
7851,67.35504060983658,73,72,0.01,1.1682513748129753,0.58203125
7852,61.74732464551926,67,66,0.01,1.1929206256546192,0.525634765625
7853,29.57352924346924,32,31,0.01,1.0881942054256797,0.3056640625
7854,73.20497989654541,85,84,0.01,1.2135164944564596,0.776611328125
7855,7.947616338729858,10,9,0.01,1.1395548045635224,0.072021484375
7856,81.30178016424179,90,89,0.01,1.0963213155666987,0.780029296875
7857,6.0,8,7,0.01,0.8950576931238174,0.062255859375
7858,9.793210566043854,12,11,0.01,1.2681968907515209,0.07080078125
7859,65.99467462301254,74,73,0.01,1.1694746331588641,0.697998046875
7860,20.79955917596817,23,22,0.01,1.0671209045078442,0.193359375
7861,93.05771850794554,115,115,0.01,1.1258481489575427,0.962890625
7862,78.3369592577219,96,95,0.01,1.1042070655773084,0.9541015625
7863,101.91169182956219,125,124,0.01,1.185120453119278,0.944580078125
7864,91.43980892002583,112,111,0.01,1.1113299610359328,0.96484375
7865,90.11623191088438,120,120,0.01,1.2100337569912274,0.9619140625
7866,116.4069344997406,128,128,0.01,1.065677837934345,0.906982421875
7867,43.87436628341675,47,46,0.01,1.1671593918445262,0.4287109375
7868,78.29455196857452,88,87,0.01,1.05959993804043,0.736572265625
7869,101.86743269115686,130,130,0.01,1.1327360313672286,0.9580078125
7870,107.02161711454391,129,129,0.01,1.2726232689018397,0.977783203125
7871,93.75079587101936,109,109,0.01,1.1430638503590855,0.976806640625
7872,96.73703210800886,117,116,0.01,1.1713415439057553,0.969482421875
7873,44.64717388153076,48,47,0.01,1.186421586200595,0.46826171875
7874,98.65153941512108,113,113,0.01,1.2419057630859645,0.958984375
7875,90.376932695508,115,114,0.01,1.2218816710555036,0.932373046875
7876,85.42938347160816,106,106,0.01,1.187392903105268,0.951904296875
7877,10.805160284042358,13,12,0.01,1.2741944193840027,0.0498046875
7878,114.38801576197147,136,136,0.01,1.211120099924943,0.96240234375
7879,73.37831610441208,84,83,0.01,1.21604611015036,0.85302734375
7880,14.93845808506012,17,16,0.01,1.0993234410005457,0.0751953125
7881,13.936843693256378,16,15,0.01,1.0306936036795378,0.09521484375
7882,107.20416384190321,132,132,0.01,1.1949335022857694,0.93701171875
7883,109.42655772715807,137,137,0.01,1.2546517666238939,0.93603515625
7884,61.98806220293045,67,66,0.01,1.277861406554037,0.46044921875
7885,111.4078648686409,133,133,0.01,1.2933702049846936,0.840087890625
7886,98.98627357184887,117,117,0.01,1.2894284444996433,0.93896484375
7887,50.34067362546921,55,54,0.01,1.316457539254969,0.485595703125
7888,47.06668841838837,51,50,0.01,1.199760217292636,0.3232421875
7889,47.712394416332245,51,50,0.01,1.2538246652659248,0.232177734375
7890,104.81071117520332,124,124,0.01,1.2332487945114412,0.95654296875
7891,98.65655612200499,124,124,0.01,1.3317256276645968,0.969970703125
7892,98.29331700503826,119,118,0.01,1.3288325537152652,0.951171875
7893,13.919692397117615,16,15,0.01,1.6053134836256504,0.13330078125
7894,77.01114273071289,101,101,0.01,1.2390458389083938,0.952880859375
7895,100.87724936008453,122,121,0.01,1.3213171724413262,0.9521484375
7896,-1.0,1,0,0.01,1.306540846824646,0.0
7897,98.65762884914875,114,114,0.01,1.2780892198023044,0.94970703125
7898,37.02859836816788,40,39,0.01,1.4458898566663265,0.264404296875
7899,27.169648468494415,30,29,0.01,1.2643373320500055,0.290283203125
7900,40.02306771278381,43,42,0.01,1.3178120962409086,0.28515625
7901,28.25513768196106,31,30,0.01,1.2635381029498192,0.4013671875
7902,41.876744985580444,46,45,0.01,1.2596490473850914,0.36279296875
7903,96.70871995389462,123,122,0.01,1.2567657249245217,0.931396484375
7904,75.00595915317535,86,85,0.01,1.298172126675761,0.766357421875
7905,41.11536091566086,45,44,0.01,1.3028817852338155,0.377685546875
7906,113.00799569487572,133,133,0.01,1.2664118937979965,0.91357421875
7907,108.23624263703823,130,129,0.01,1.319541308283806,0.960693359375
7908,113.07282193005085,138,138,0.01,1.234033228262611,0.96240234375
7909,-1.0,1,0,0.01,0.695407509803772,0.0
7910,58.95806139707565,64,63,0.01,1.403944873251021,0.51806640625
7911,95.6140361726284,119,119,0.01,1.307491366853233,0.944580078125
7912,26.12101525068283,29,28,0.01,1.403358416310672,0.25927734375
7913,101.76039601117373,121,121,0.01,1.3042641629364864,0.953369140625
7914,13.571749329566956,16,15,0.01,1.2773813530802727,0.25146484375
7915,42.13742935657501,45,44,0.01,1.2071753952238296,0.4072265625
7916,96.13523922860622,116,116,0.01,1.3079531768272663,0.95751953125
7917,31.17550504207611,34,33,0.01,1.3268742561340332,0.384033203125
7918,85.87428825348616,117,117,0.01,1.2859273415345411,0.95703125
7919,7.94642436504364,10,9,0.01,1.2806751728057861,0.073974609375
7920,93.57540360093117,105,105,0.01,1.243151521966571,0.98193359375
7921,80.2290711402893,92,91,0.01,1.2565408582272737,0.897705078125
7922,49.64325171709061,55,54,0.01,1.2332199985330754,0.331298828125
7923,98.43318701535463,123,123,0.01,1.2908310715745135,0.926513671875
7924,87.45974055677652,129,129,0.01,1.2729814602423084,0.952880859375
7925,83.45976971834898,103,103,0.01,1.2449736676169831,0.95751953125
7926,31.7762930393219,36,35,0.01,1.2160656385951572,0.17626953125
7927,75.78330844640732,85,84,0.01,1.2952687032082502,0.70263671875
7928,29.366870522499084,32,31,0.01,1.282641975209117,0.380615234375
7929,68.92632019519806,75,74,0.01,1.3090051666895548,0.580078125
7930,42.43679291009903,48,47,0.01,1.3049752078950405,0.321044921875
7931,4.9728915095329285,7,6,0.01,0.9496101907321385,0.026611328125
7932,9.976841926574707,12,11,0.01,1.2749874939521153,0.1640625
7933,30.398859441280365,33,32,0.01,1.3233203598947236,0.180908203125
7934,99.10023683309555,115,115,0.01,1.213651015188383,0.953857421875
7935,111.81897685676813,143,143,0.01,1.2993957244016074,0.956787109375
7936,99.10208368301392,121,121,0.01,1.3021141371943734,0.942138671875
7937,50.606072664260864,56,55,0.01,1.297709516116551,0.499267578125
7938,43.288249135017395,47,46,0.01,1.3299825730475974,0.385009765625
7939,85.98660069704056,96,96,0.01,1.2621586006134748,0.90673828125
7940,96.62056115269661,109,108,0.01,1.3043576003214634,0.76904296875
7941,92.33552315831184,103,103,0.01,1.3376134732394542,0.92041015625
7942,110.57038396596909,138,138,0.01,1.3566220437271008,0.945556640625
7943,76.89382547140121,87,86,0.01,1.3444161963188785,0.699462890625
7944,95.59122684597969,121,121,0.01,1.39674146805913,0.935791015625
7945,112.53240898251534,129,129,0.01,1.3010891688655513,0.951904296875
7946,100.89822301268578,116,116,0.01,1.3256056272778018,0.91552734375
7947,1.9931758046150208,4,3,0.01,1.2711674571037292,0.001708984375
7948,99.0869637131691,110,110,0.01,1.3315950285304676,0.939208984375
7949,106.29741252958775,122,122,0.01,1.3233515073041446,0.934326171875
7950,87.98419958353043,107,107,0.01,1.330578864177811,0.9580078125
7951,97.15576013922691,120,120,0.01,1.321036972850561,0.95458984375
7952,113.49999666213989,128,128,0.01,1.2645253182854503,0.824462890625
7953,105.92169420421124,124,124,0.01,1.2748712755499347,0.882568359375
7954,36.09714597463608,39,38,0.01,1.251753331759037,0.2626953125
7955,2.9452471137046814,5,4,0.01,0.8341833710670471,0.015869140625
7956,82.41951820254326,99,99,0.01,1.284814484492697,0.927490234375
7957,85.50490081310272,97,97,0.01,1.182643470997663,0.95703125
7958,121.346719622612,136,135,0.01,1.2070685837636976,0.965087890625
7959,14.848307192325592,17,16,0.01,1.278077665497275,0.058837890625
7960,108.98105661571026,132,132,0.01,1.2339601044853528,0.9287109375
7961,1.0,3,2,0.01,0.9175618489583334,0.015869140625
7962,97.918363109231,115,114,0.01,1.139155876636505,0.965087890625
7963,15.829308569431305,18,17,0.01,1.2278301550282373,0.09130859375
7964,94.61148856580257,106,106,0.01,1.1981558079989452,0.9482421875
7965,122.39960898458958,135,135,0.01,1.237712005553422,0.9267578125
7966,45.895153284072876,49,48,0.01,1.1942792583485038,0.35986328125
7967,52.24054932594299,57,56,0.01,1.215972037691819,0.469970703125
7968,96.3509960025549,115,115,0.01,1.194072869549627,0.970703125
7969,82.14637629687786,104,104,0.01,1.1592783841949243,0.934814453125
7970,94.14078905433416,119,119,0.01,1.183568126013299,0.93603515625
7971,122.1967348754406,142,142,0.01,1.119475506141152,0.96826171875
7972,84.37978757917881,102,102,0.01,1.202318788451307,0.940673828125
7973,42.17063534259796,47,46,0.01,1.2313009589276416,0.220703125
7974,88.23287950456142,102,102,0.01,1.1666289667288463,0.9697265625
7975,57.50705277919769,62,61,0.01,1.166426386083326,0.3798828125
7976,106.63108053803444,128,128,0.01,1.2639976805076003,0.9443359375
7977,43.469381511211395,47,46,0.01,1.1247902277936326,0.51904296875
7978,84.14679434150457,107,106,0.01,1.2308544633544494,0.959716796875
7979,110.3679999858141,136,136,0.01,1.2071764007868135,0.96337890625
7980,1.0,3,2,0.01,1.1449839075406392,0.006591796875
7981,16.914710104465485,19,18,0.01,1.3231381099475057,0.1591796875
7982,42.599691927433014,46,45,0.01,1.1696287212164507,0.3193359375
7983,28.46183979511261,31,30,0.01,1.2693881575138337,0.33984375
7984,47.80386298894882,52,51,0.01,1.1234768778085709,0.50634765625
7985,74.46961295604706,80,79,0.01,1.1703488528728485,0.543212890625
7986,80.75997793674469,94,94,0.01,1.1866796194238867,0.962890625
7987,79.32334208488464,86,85,0.01,1.1553794287664945,0.740478515625
7988,28.756585955619812,31,30,0.01,1.0307677686214447,0.308349609375
7989,5.967601895332336,8,7,0.01,1.3367565013468266,0.042236328125
7990,85.16725334525108,98,98,0.01,1.1764080153436076,0.97607421875
7991,102.49172939360142,126,126,0.01,1.2059261491374365,0.9580078125
7992,96.25629717111588,117,117,0.01,1.1370477844507267,0.95849609375
7993,43.0761404633522,47,46,0.01,1.3021477777907189,0.382080078125
7994,94.61066964268684,115,114,0.01,1.2219202749107194,0.833251953125
7995,59.64321690797806,64,63,0.01,1.1976914573460817,0.477294921875
7996,42.80087113380432,46,45,0.01,1.243245529739753,0.388427734375
7997,77.39856404066086,84,83,0.01,1.2513542061760312,0.5703125
7998,71.6041384935379,79,78,0.01,1.194566487511502,0.60986328125
7999,1.0,3,2,0.01,0.8137141068776449,0.02099609375
8000,93.13294489681721,115,115,0.01,1.1915870044542396,0.966064453125
8001,28.381227731704712,31,30,0.01,1.2134305440610456,0.21630859375
8002,108.34157113730907,132,132,0.01,1.232573648293813,0.956787109375
8003,84.52549967169762,103,103,0.01,1.167653034178956,0.921875
8004,90.17184990644455,102,102,0.01,1.0787206867746277,0.96142578125
8005,50.70050275325775,55,54,0.01,1.1962351950732144,0.39990234375
8006,84.90890860557556,98,97,0.01,1.1531896834470787,0.9716796875
8007,43.042539954185486,46,45,0.01,1.0947049681259238,0.471923828125
8008,91.48311060667038,104,104,0.01,1.106756249299416,0.938232421875
8009,9.863028287887573,12,11,0.01,0.976449191570282,0.054443359375
8010,4.86789858341217,7,6,0.01,1.0070212249244963,0.072998046875
8011,94.64343199133873,113,113,0.01,1.2219804000538008,0.969970703125
8012,35.702668368816376,38,37,0.01,1.0916284934470528,0.404541015625
8013,87.64914992451668,105,105,0.01,1.0969634413719178,0.96337890625
8014,22.476604163646698,25,24,0.01,1.0766892480850219,0.30908203125
8015,108.14478000253439,141,140,0.01,1.1275666859133024,0.93408203125
8016,89.20247318595648,106,106,0.01,1.0948149862716783,0.94873046875
8017,97.16371373832226,124,123,0.01,1.1750867873910935,0.929931640625
8018,98.14995969086885,119,119,0.01,1.1145865498971539,0.9619140625
8019,12.938507199287415,15,14,0.01,1.0766023993492126,0.072998046875
8020,97.27844083309174,107,107,0.01,1.1671214017355553,0.94775390625
8021,17.120969653129578,20,19,0.01,1.0550084993243218,0.186767578125
8022,35.103165447711945,38,37,0.01,1.0798964892563068,0.2607421875
8023,100.90356682240963,124,124,0.01,1.1723182492198483,0.904296875
8024,97.65718667954206,119,119,0.01,1.2486690094991892,0.95166015625
8025,103.04949061572552,134,133,0.01,1.1031304998184317,0.944580078125
8026,102.42307987809181,127,126,0.01,1.1231036221417856,0.95849609375
8027,3.0,5,4,0.01,1.3170644760131835,0.046875
8028,100.47955898940563,124,123,0.01,1.2092131657465812,0.948974609375
8029,35.94290232658386,39,38,0.01,1.2823139818815084,0.312255859375
8030,20.980466604232788,25,24,0.01,1.3080246889591216,0.18359375
8031,11.839832842350006,14,13,0.01,1.1972359248570033,0.0703125
8032,108.9901759698987,126,126,0.01,1.1876513153787642,0.94775390625
8033,106.69180193543434,133,133,0.01,1.1677760356350948,0.8994140625
8034,42.153198301792145,45,44,0.01,1.11301645371649,0.31640625
8035,88.7736865580082,105,105,0.01,1.17420794850304,0.93310546875
8036,99.79418456554413,122,121,0.01,1.2196031965193201,0.944580078125
8037,60.61740958690643,65,64,0.01,1.1204248208266039,0.481201171875
8038,79.77734994888306,88,87,0.01,1.1880198154937138,0.634765625
8039,86.72048282623291,101,100,0.01,1.1586106992003942,0.9453125
8040,83.3507571220398,90,89,0.01,1.1226854897207683,0.740234375
8041,106.09576749801636,123,123,0.01,1.0848360790954372,0.969970703125
8042,45.006454050540924,50,49,0.01,1.0404266095161439,0.427734375
8043,79.88333790004253,89,89,0.01,1.0530506446120445,0.9560546875
8044,104.26806108653545,129,129,0.01,1.0706440737081129,0.923095703125
8045,61.78806012868881,67,66,0.01,1.0977165561113784,0.392578125
8046,95.05844387412071,113,113,0.01,1.0713806123332639,0.919677734375
8047,101.69253653287888,115,114,0.01,1.1246932825316553,0.921875
8048,19.52787947654724,22,21,0.01,1.191484416073019,0.240234375
8049,109.75115856528282,130,129,0.01,1.1083975374698638,0.970947265625
8050,91.13786351680756,100,100,0.01,1.0787200236320496,0.954345703125
8051,78.7173788100481,95,95,0.01,1.1845578486982145,0.957763671875
8052,85.44070637226105,91,90,0.01,1.0965521669649816,0.673828125
8053,30.543241441249847,33,32,0.01,1.210323068228635,0.280029296875
8054,35.51950544118881,38,37,0.01,1.1193694417413913,0.314697265625
8055,46.44517421722412,52,51,0.01,1.088423999456259,0.36376953125
8056,41.05120038986206,44,43,0.01,1.0790960903872142,0.38916015625
8057,72.71261762082577,90,89,0.01,1.1849755679567655,0.9482421875
8058,26.878412902355194,30,29,0.01,1.1491635163625082,0.184814453125
8059,96.18376184999943,117,117,0.01,1.1806144299160721,0.92822265625
8060,102.79217499494553,126,125,0.01,1.0678113693046192,0.96484375
8061,92.29094453155994,112,112,0.01,1.2589152481939112,0.900146484375
8062,95.40087675303221,121,121,0.01,1.2240975415411075,0.922607421875
8063,2.9945260286331177,5,4,0.01,1.0191550135612488,0.021484375
8064,95.6110190525651,121,121,0.01,1.1649744256961445,0.94384765625
8065,18.387851059436798,21,20,0.01,1.0451723393939791,0.191650390625
8066,96.94925154745579,115,114,0.01,1.1790889545627263,0.937255859375
8067,48.32825893163681,52,51,0.01,1.2455438593259225,0.4404296875
8068,114.18979200720787,150,150,0.01,1.1503836597998938,0.9228515625
8069,97.88425216078758,118,118,0.01,1.2424225837497387,0.921630859375
8070,80.9228003025055,94,93,0.01,1.191128783086513,0.6982421875
8071,105.09772536158562,120,120,0.01,1.065330052624146,0.93701171875
8072,106.61400879174471,137,137,0.01,1.1991034217559509,0.949951171875
8073,102.81667779386044,124,123,0.01,1.227609395259811,0.948486328125
8074,96.89346455037594,118,117,0.01,1.2161903570769197,0.9619140625
8075,103.04205912351608,137,137,0.01,1.1993379368834252,0.956298828125
8076,78.93618977069855,90,89,0.01,1.2776384757624732,0.645751953125
8077,113.48676765710115,136,136,0.01,1.2799315660753672,0.956298828125
8078,80.76483625173569,90,90,0.01,1.2930229620801077,0.90283203125
8079,46.68024444580078,50,49,0.01,1.298410209417343,0.307861328125
8080,90.33452322334051,103,103,0.01,1.25414373805222,0.96435546875
8081,82.76542660593987,106,106,0.01,1.2636977633777655,0.963134765625
8082,73.98089277744293,90,89,0.01,1.302989842494329,0.811279296875
8083,103.21986307948828,129,129,0.01,1.3067599333995996,0.940185546875
8084,6.82864910364151,9,8,0.01,1.3858143024974399,0.1220703125
8085,87.03812727332115,101,101,0.01,1.3471609554668464,0.947509765625
8086,25.726323425769806,29,28,0.01,1.3518791198730469,0.169921875
8087,44.837993025779724,48,47,0.01,1.4478636756539345,0.384521484375
8088,53.259891986846924,57,56,0.01,1.372824463927955,0.3623046875
8089,107.76285688579082,134,134,0.01,1.3101328640286602,0.955078125
8090,86.840057015419,109,109,0.01,1.2639417596366427,0.893798828125
8091,51.395197451114655,56,55,0.01,1.281493257199015,0.397705078125
8092,5.0,7,6,0.01,1.5087921874863761,0.068603515625
8093,15.89177417755127,18,17,0.01,1.291930377483368,0.195068359375
8094,107.05028867721558,119,119,0.01,1.3443688815381347,0.945556640625
8095,89.78743976354599,109,109,0.01,1.3788981497834583,0.930908203125
8096,92.1867211908102,117,117,0.01,1.3834973507457309,0.94482421875
8097,73.94008195400238,84,83,0.01,1.330703391205697,0.632080078125
8098,106.42918408662081,122,122,0.01,1.322207832922701,0.97021484375
8099,18.861657559871674,21,20,0.01,1.3425966813450767,0.234375
8100,75.88006165623665,89,89,0.01,1.2742132420620222,0.974609375
8101,98.64631883054972,121,121,0.01,1.3451709444365225,0.955322265625
8102,43.49479031562805,47,46,0.01,1.2802480446531417,0.44775390625
8103,73.36763843894005,84,83,0.01,1.2918525203352882,0.87890625
8104,92.2094194740057,101,101,0.01,1.294733510306566,0.96240234375
8105,41.88943374156952,49,48,0.01,1.2559303045272827,0.44775390625
8106,82.97467270493507,101,101,0.01,1.250734541085687,0.940673828125
8107,85.82250075042248,101,101,0.01,1.18765457343347,0.968505859375
8108,22.232031166553497,25,24,0.01,1.19002690076828,0.321533203125
8109,66.56971246004105,83,83,0.01,1.2990364245621555,0.950927734375
8110,90.43092975020409,120,120,0.01,1.212700144201517,0.970458984375
8111,21.168169915676117,24,23,0.01,1.2703446348508198,0.15283203125
8112,116.08023077249527,135,135,0.01,1.2137779809810496,0.95361328125
8113,81.16969013214111,92,91,0.01,1.2068067439224408,0.728271484375
8114,100.49976986646652,124,124,0.01,1.2217813453847362,0.937255859375
8115,79.92221963405609,90,89,0.01,1.1581939184003407,0.701416015625
8116,21.71238797903061,24,23,0.01,1.1476660370826721,0.302734375
8117,112.31414523720741,146,146,0.01,1.2044165712105084,0.963623046875
8118,78.0782128572464,91,90,0.01,1.1764848248644189,0.744873046875
8119,88.46577736735344,101,101,0.01,1.2971698202119015,0.96533203125
8120,27.387542009353638,30,29,0.01,1.1829914758602778,0.12890625
8121,40.38408547639847,46,45,0.01,1.224398315600727,0.39306640625
8122,99.72737754136324,124,124,0.01,1.2826181955395206,0.947509765625
8123,54.934754967689514,60,59,0.01,1.2319695447882018,0.40625
8124,27.401896238327026,31,30,0.01,1.2151197819940505,0.486328125
8125,74.70918715000153,89,88,0.01,1.186621595969361,0.874755859375
8126,100.08769053220749,112,111,0.01,1.1983703479969077,0.652587890625
8127,97.53476242721081,114,114,0.01,1.2502312022343016,0.94384765625
8128,67.66779261827469,75,74,0.01,1.311835341056188,0.431396484375
8129,102.06526843458414,122,122,0.01,1.308506674209579,0.955322265625
8130,107.61168813705444,120,119,0.01,1.276888020336628,0.7041015625
8131,119.42696563899517,144,144,0.01,1.1967384968366888,0.97119140625
8132,86.58920476585627,125,124,0.01,1.2498399333953858,0.917724609375
8133,60.11507326364517,66,65,0.01,1.2584833286025308,0.466552734375
8134,36.64142370223999,40,39,0.01,1.305551253259182,0.336181640625
8135,39.35721534490585,44,43,0.01,1.2344590709968046,0.412841796875
8136,18.77250075340271,21,20,0.01,1.2396158121881031,0.105224609375
8137,74.4640746563673,91,91,0.01,1.235467093003975,0.943359375
8138,108.97193011641502,137,137,0.01,1.2761469744417788,0.955322265625
8139,76.7088994383812,83,82,0.01,1.290930051401437,0.67236328125
8140,104.74308831989765,126,126,0.01,1.2598145204404043,0.93359375
8141,92.30049535632133,110,110,0.01,1.2661893923174252,0.94775390625
8142,16.780870139598846,19,18,0.01,1.3031808890794452,0.14990234375
8143,102.31822021305561,128,128,0.01,1.2850639000535011,0.947998046875
8144,28.012859523296356,31,30,0.01,1.240570031827496,0.180908203125
8145,76.31591802835464,88,88,0.01,1.1861989427019248,0.93994140625
8146,20.380085945129395,23,22,0.01,1.1521129141683164,0.18359375
8147,38.88831406831741,46,45,0.01,1.2368588292080422,0.453857421875
8148,108.5468230098486,127,127,0.01,1.290901552739106,0.955322265625
8149,67.33658504486084,72,71,0.01,1.2607172768976953,0.465576171875
8150,116.23185820877552,143,143,0.01,1.1615155118328708,0.95556640625
8151,116.19670528173447,140,140,0.01,1.1773329707128661,0.961669921875
8152,112.68619652092457,132,132,0.01,1.3065311579090175,0.953369140625
8153,104.78355317562819,126,125,0.01,1.2757121920585632,0.97119140625
8154,4.0,6,5,0.01,1.3164816896120708,0.043212890625
8155,38.181400775909424,41,40,0.01,1.4767162305552786,0.328857421875
8156,11.903999149799347,14,13,0.01,1.1631804874965124,0.11767578125
8157,67.04868912696838,72,71,0.01,1.227599922981527,0.47900390625
8158,78.56845644116402,88,87,0.01,1.2488530935211615,0.771728515625
8159,8.839104175567627,11,10,0.01,1.3879160610112278,0.2568359375
8160,8.933877944946289,11,10,0.01,1.150478102944114,0.0703125
8161,84.89804792404175,96,95,0.01,1.2579510621726513,0.806640625
8162,42.17140746116638,46,45,0.01,1.122132710788561,0.28662109375
8163,93.50915479660034,104,104,0.01,1.281129482560433,0.953369140625
8164,90.94056672602892,110,110,0.01,1.22348431809382,0.942138671875
8165,87.80181813240051,97,96,0.01,1.2314348061060167,0.764892578125
8166,6.980222702026367,9,8,0.01,1.030938122007582,0.0791015625
8167,97.90041169524193,115,115,0.01,1.2739253152971681,0.923095703125
8168,107.29551404714584,125,125,0.01,1.3034043819904328,0.952392578125
8169,119.14673640578985,151,151,0.01,1.2344213153747534,0.951904296875
8170,112.8053737282753,137,137,0.01,1.240349062167815,0.949951171875
8171,83.89807713031769,94,93,0.01,1.2461232641275892,0.73486328125
8172,93.50047799944878,120,120,0.01,1.2365902490913867,0.940185546875
8173,81.0955405831337,98,97,0.01,1.3076441120736453,0.891357421875
8174,87.32563185691833,106,105,0.01,1.2558216182690747,0.836181640625
8175,68.74226981401443,75,74,0.01,1.2268259799480439,0.72900390625
8176,83.4799265563488,112,112,0.01,1.3161169846675225,0.96044921875
8177,5.983148217201233,8,7,0.01,1.6366891264915466,0.037109375
8178,92.50676122307777,102,102,0.01,1.2711844444274902,0.918701171875
8179,35.857653737068176,39,38,0.01,1.2351739819233234,0.23583984375
8180,84.71508306264877,106,106,0.01,1.2433453761744049,0.949951171875
8181,98.85560229420662,116,116,0.01,1.2012589314374431,0.955810546875
8182,76.11178377270699,90,90,0.01,1.2510857750972113,0.96044921875
8183,92.3853158056736,106,106,0.01,1.2966429743002046,0.979248046875
8184,93.83167518675327,114,114,0.01,1.2727672290383725,0.93896484375
8185,36.748077154159546,40,39,0.01,1.2820564806461334,0.396484375
8186,71.90093789994717,88,88,0.01,1.231481202285398,0.947265625
8187,39.77442044019699,42,41,0.01,1.2619907685688563,0.39990234375
8188,115.75201478600502,137,137,0.01,1.1611641856440662,0.84375
8189,-1.0,1,0,0.01,1.2535974979400635,0.0
8190,96.25041709840298,117,117,0.01,1.2248543651185484,0.926025390625
8191,32.34475386142731,37,36,0.01,1.145395600312465,0.357421875
8192,-1.0,1,0,0.01,0.7085951566696167,0.0
8193,27.241548120975494,30,29,0.01,1.2233248094717661,0.260986328125
8194,36.57661151885986,40,39,0.01,1.2106263041496277,0.261962890625
8195,30.804094910621643,34,33,0.01,1.269362606546458,0.181640625
8196,84.14959645271301,101,100,0.01,1.267509985235658,0.704833984375
8197,78.37827044725418,88,87,0.01,1.1152394617145711,0.870361328125
8198,104.04326148331165,123,123,0.01,1.1801306820981872,0.955810546875
8199,25.14373207092285,28,27,0.01,1.1301576857055937,0.140380859375
8200,109.58349797874689,140,140,0.01,1.1671728272523199,0.958984375
8201,0.0,2,1,0.01,0.9195901453495026,0.007568359375
8202,83.65477102994919,95,95,0.01,1.1316574372743304,0.864501953125
8203,80.97822988033295,91,90,0.01,1.1446719691976086,0.576171875
8204,49.32040297985077,53,52,0.01,1.187932866924214,0.33837890625
8205,96.9814809858799,124,124,0.01,1.1681481450796127,0.935302734375
8206,28.194087505340576,31,30,0.01,1.0752099002561262,0.308837890625
8207,73.11753922700882,81,80,0.01,1.1233575266820413,0.685546875
8208,36.48269498348236,39,38,0.01,1.2083660516983423,0.29931640625
8209,102.69817534089088,126,126,0.01,1.2077435971725554,0.953857421875
8210,90.98459219932556,107,107,0.01,1.2000319656924667,0.95654296875
8211,26.605624854564667,29,28,0.01,1.1805025534383182,0.271240234375
8212,70.59174574911594,94,94,0.01,1.1786615956336894,0.9033203125
8213,92.55763928592205,115,115,0.01,1.2244945855244347,0.9384765625
8214,1.0,3,2,0.01,1.3379842440287273,0.0205078125
8215,94.4359717965126,106,106,0.01,1.2270839516565484,0.873291015625
8216,61.07128953933716,67,66,0.01,1.032426985786922,0.714111328125
8217,77.62640514224768,99,99,0.01,1.2008738406378814,0.964599609375
8218,34.967990040779114,38,37,0.01,1.1851519103112973,0.302490234375
8219,100.89470160007477,120,120,0.01,1.204449830452601,0.928466796875
8220,101.76506774127483,124,124,0.01,1.1402996807329115,0.956298828125
8221,15.0,17,16,0.01,1.4621659341980429,0.1591796875
8222,101.5245288386941,123,123,0.01,1.2556481727255069,0.94482421875
8223,30.697455048561096,34,33,0.01,1.3358314458061666,0.173828125
8224,21.664897203445435,24,23,0.01,1.316282756626606,0.180419921875
8225,80.6905352473259,95,95,0.01,1.3576188272551486,0.9384765625
8226,84.44425743818283,109,109,0.01,1.2738147099083716,0.946044921875
8227,93.69296712428331,119,119,0.01,1.1724292007314057,0.94677734375
8228,93.43730813264847,116,116,0.01,1.3636757410291969,0.955322265625
8229,42.339231967926025,46,45,0.01,1.2375140760255896,0.29931640625
8230,78.46992840617895,107,107,0.01,1.2891488774357556,0.916259765625
8231,90.34190428256989,102,101,0.01,1.4389801089670144,0.779296875
8232,7.915130078792572,10,9,0.01,1.456064659357071,0.056640625
8233,85.05125880241394,115,115,0.01,1.2132628033990445,0.973388671875
8234,61.629204750061035,68,67,0.01,1.4162210515316795,0.3779296875
8235,108.27848760783672,125,125,0.01,1.218840386033058,0.94384765625
8236,57.49472898244858,63,62,0.01,1.2806733383072748,0.67333984375
8237,20.816420316696167,23,22,0.01,1.2705790555995444,0.1552734375
8238,7.335830509662628,10,9,0.01,1.0426672458648683,0.041748046875
8239,98.81765425950289,123,123,0.01,1.3056521512628572,0.961669921875
8240,42.303038239479065,46,45,0.01,1.2352893773628317,0.400390625
8241,109.53073486685753,136,136,0.01,1.2299965968465103,0.953369140625
8242,3.9835880398750305,6,5,0.01,1.1004870533943176,0.0595703125
8243,84.84849026799202,106,106,0.01,1.295267382320368,0.86669921875
8244,114.59594708681107,147,147,0.01,1.2782853103819347,0.940185546875
8245,110.51738541573286,132,132,0.01,1.2633957336797859,0.959228515625
8246,79.17977888137102,99,99,0.01,1.3288308502447725,0.94580078125
8247,108.6777706220746,139,139,0.01,1.2297803858201282,0.947021484375
8248,95.02691612392664,120,120,0.01,1.305878002444903,0.951904296875
8249,55.71733874082565,67,66,0.01,1.350684646795045,0.45556640625
8250,92.22861563414335,128,128,0.01,1.2986265730578452,0.92919921875
8251,89.02551253139973,122,122,0.01,1.263669428033907,0.93896484375
8252,102.51845371723175,120,120,0.01,1.3167970851063728,0.8974609375
8253,65.3431341946125,81,81,0.01,1.3119603137911102,0.931396484375
8254,44.434256851673126,49,48,0.01,1.3231993579134649,0.241455078125
8255,94.83723554760218,114,114,0.01,1.3009714766552574,0.95849609375
8256,31.814452052116394,34,33,0.01,1.3515160785001867,0.369140625
8257,79.08777642250061,93,92,0.01,1.3316157150973555,0.871826171875
8258,107.2703749537468,119,119,0.01,1.29938712390531,0.9736328125
8259,103.79227494448423,134,134,0.01,1.2990547222877615,0.947265625
8260,102.5949364155531,123,123,0.01,1.3157947455964438,0.96875
8261,79.4187243282795,90,90,0.01,1.335347490840488,0.9140625
8262,29.31232464313507,32,31,0.01,1.377277821302414,0.272705078125
8263,106.8369457423687,127,127,0.01,1.3009570405239195,0.966552734375
8264,44.578636169433594,50,49,0.01,1.2123439311981201,0.391357421875
8265,84.38802349567413,96,96,0.01,1.2062048980345328,0.975341796875
8266,27.23168909549713,30,29,0.01,1.2728368560473124,0.17626953125
8267,95.53741151839495,121,121,0.01,1.280223927714608,0.955810546875
8268,61.75055056810379,67,66,0.01,1.2574108959133945,0.452392578125
8269,98.68577516078949,106,106,0.01,1.2756616928667392,0.883544921875
8270,18.747836589813232,21,20,0.01,1.254580564442135,0.1201171875
8271,111.24686205387115,132,132,0.01,1.2851397033893701,0.947265625
8272,99.59861399978399,129,129,0.01,1.2307841939519542,0.961669921875
8273,98.41584727168083,124,124,0.01,1.2835536010323032,0.937744140625
8274,6.9862706661224365,9,8,0.01,1.121897088156806,0.04638671875
8275,20.565555214881897,23,22,0.01,1.2339609628138335,0.152587890625
8276,19.661935806274414,22,21,0.01,1.4092101590199904,0.154541015625
8277,115.46670699119568,134,134,0.01,1.2196191464787098,0.947998046875
8278,7.0,9,8,0.01,1.2706401811705694,0.101318359375
8279,13.364699840545654,16,15,0.01,1.2843088805675507,0.20166015625
8280,12.728284657001495,15,14,0.01,1.170318341255188,0.04296875
8281,39.16269326210022,44,43,0.01,1.215109876611016,0.277587890625
8282,88.25890302658081,105,104,0.01,1.295538674082075,0.8076171875
8283,113.57381446659565,128,128,0.01,1.2714991052635014,0.9521484375
8284,27.532022356987,31,30,0.01,1.3682830199118583,0.203857421875
8285,0.0,2,1,0.01,1.6535534858703613,0.0
8286,90.45089811831713,119,119,0.01,1.304910419868822,0.96630859375
8287,93.1743825674057,127,127,0.01,1.280748251854904,0.96630859375
8288,50.61566460132599,54,53,0.01,1.3923799130651686,0.56103515625
8289,100.03363275527954,119,119,0.01,1.2585022364343916,0.9453125
8290,69.29513967037201,75,74,0.01,1.2892410099506377,0.632568359375
8291,100.28681313991547,131,131,0.01,1.28684992144126,0.9560546875
8292,53.989248514175415,58,57,0.01,1.3352057417405063,0.542724609375
8293,88.89652493596077,114,114,0.01,1.278208910896067,0.9560546875
8294,70.68591603636742,85,84,0.01,1.3032014317372267,0.81201171875
8295,97.91774858534336,116,116,0.01,1.3849203363060951,0.966796875
8296,92.56188353896141,104,104,0.01,1.299065268956698,0.851318359375
8297,12.803676664829254,15,14,0.01,1.3071486592292785,0.1201171875
8298,58.439631938934326,63,62,0.01,1.2416797933124362,0.4130859375
8299,1.0,3,2,0.01,1.3385684092839558,0.0234375
8300,15.64286470413208,18,17,0.01,1.3850139942434099,0.259033203125
8301,92.42101374268532,118,118,0.01,1.3121618727001094,0.95654296875
8302,84.40604665875435,104,104,0.01,1.2050429318959897,0.924072265625
8303,0.9839621782302856,3,2,0.01,1.1520077387491863,0.00341796875
8304,95.37056514620781,117,117,0.01,1.2695561866474967,0.939453125
8305,107.37073950469494,128,128,0.01,1.2426404592115432,0.921630859375
8306,95.20450450479984,115,115,0.01,1.306903425247773,0.9296875
8307,106.13004049658775,121,121,0.01,1.2875667729161002,0.956298828125
8308,15.75057727098465,18,17,0.01,1.2534785204463534,0.076171875
8309,89.35763582587242,112,112,0.01,1.3021274855626481,0.96728515625
8310,4.984923243522644,7,6,0.01,1.2867358922958374,0.03857421875
8311,39.344404101371765,43,42,0.01,1.4458871012510255,0.383056640625
8312,23.808706998825073,26,25,0.01,1.2339809021124473,0.220947265625
8313,29.367709457874298,32,31,0.01,1.2499969713389874,0.259033203125
8314,93.18366438150406,107,106,0.01,1.2863653892668607,0.7109375
8315,52.95088344812393,59,58,0.01,1.3171356916427612,0.64501953125
8316,104.47840674221516,126,126,0.01,1.2459622460698325,0.9443359375
8317,38.04160761833191,41,40,0.01,1.3374118325186939,0.275146484375
8318,73.60259212553501,86,86,0.01,1.3476534541263137,0.95947265625
8319,61.49963104724884,68,67,0.01,1.2595847393659985,0.52001953125
8320,103.23999607563019,125,124,0.01,1.2638644690513612,0.829345703125
8321,120.6887668967247,149,149,0.01,1.3745103478431702,0.94384765625
8322,83.45002454519272,99,98,0.01,1.3778477551961186,0.937744140625
8323,16.90071141719818,19,18,0.01,1.304099700952831,0.16796875
8324,104.01529981195927,123,123,0.01,1.313319360095311,0.94970703125
8325,110.74358531832695,133,133,0.01,1.3223224562361724,0.959716796875
8326,27.241206765174866,30,29,0.01,1.431324553489685,0.228271484375
8327,103.59093280881643,130,129,0.01,1.3240330476027269,0.916015625
8328,77.5586997717619,95,95,0.01,1.3643838446391257,0.9140625
8329,49.75705349445343,55,54,0.01,1.305601601709019,0.380615234375
8330,92.47535505890846,117,117,0.01,1.2917210666032939,0.958251953125
8331,100.99766334891319,121,121,0.01,1.3111030272215851,0.955810546875
8332,82.92279279232025,88,87,0.01,1.4003020081330428,0.669189453125
8333,3.0,5,4,0.01,1.2298194766044617,0.020263671875
8334,23.510885894298553,26,25,0.01,1.2468108867223446,0.15576171875
8335,76.82538557052612,83,82,0.01,1.325873349086348,0.72509765625
8336,82.77529864013195,104,104,0.01,1.3580237824756365,0.923095703125
8337,97.2672503143549,120,120,0.01,1.318267646431923,0.965576171875
8338,17.701004564762115,20,19,0.01,1.3035628885030746,0.135986328125
8339,48.98741888999939,54,53,0.01,1.2795535110765033,0.354736328125
8340,21.70154756307602,24,23,0.01,1.4317176590363185,0.156494140625
8341,101.9769387319684,130,130,0.01,1.3562767973312966,0.959716796875
8342,67.26365160942078,73,72,0.01,1.3310380235110244,0.545166015625
8343,62.36564660072327,70,69,0.01,1.453471798981939,0.500244140625
8344,54.0410350561142,60,59,0.01,1.324303219219049,0.620849609375
8345,113.20721188187599,148,148,0.01,1.2738159516373195,0.94775390625
8346,8.969332575798035,11,10,0.01,1.2939315275712446,0.0595703125
8347,109.24777814745903,123,123,0.01,1.348562055729269,0.94677734375
8348,88.03651019185781,100,100,0.01,1.2981510186195373,0.970458984375
8349,86.72203700989485,104,104,0.01,1.216834583821205,0.95703125
8350,0.0,2,1,0.01,1.677036702632904,0.0
8351,12.868522107601166,15,14,0.01,1.273482882976532,0.0869140625
8352,68.52173417806625,78,77,0.01,1.253058577195192,0.511474609375
8353,38.15519416332245,44,43,0.01,1.2454441487789154,0.416259765625
8354,110.6384711265564,123,123,0.01,1.2843944132328033,0.9140625
8355,3.0,5,4,0.01,0.9573772311210632,0.123779296875
8356,93.21231885254383,119,119,0.01,1.2558634243592495,0.97265625
8357,117.84059947729111,149,149,0.01,1.3463483322786804,0.8759765625
8358,64.25357580184937,73,72,0.01,1.2286827139658472,0.525146484375
8359,98.96743140369654,120,120,0.01,1.2692550803224245,0.94970703125
8360,102.2017889469862,117,117,0.01,1.2728989139581337,0.931396484375
8361,101.25111179053783,119,119,0.01,1.3057533095614249,0.97314453125
8362,102.90501287579536,124,124,0.01,1.292191126654225,0.955078125
8363,26.15886378288269,29,28,0.01,1.2058401539407928,0.200439453125
8364,84.54501624405384,95,95,0.01,1.3332957509316896,0.96435546875
8365,69.93011260032654,82,82,0.01,1.3026594621379202,0.968505859375
8366,84.97642266005278,117,117,0.01,1.2368159115823925,0.95068359375
8367,62.56272178888321,67,66,0.01,1.3187168498537434,0.37158203125
8368,109.80444356799126,126,126,0.01,1.2665871228017505,0.954833984375
8369,79.97136902809143,91,90,0.01,1.2389759526147948,0.801513671875
8370,3.9654598236083984,6,5,0.01,1.2425268689791362,0.02783203125
8371,93.68717294931412,105,105,0.01,1.2408605734507243,0.855712890625
8372,62.84922832250595,67,66,0.01,1.2126786424152887,0.520263671875
8373,3.952229678630829,6,5,0.01,1.3378196060657501,0.052001953125
8374,55.43310195207596,61,60,0.01,1.3357292027747045,0.660888671875
8375,75.60959333181381,94,94,0.01,1.2562064598215388,0.9580078125
8376,86.91119112074375,114,114,0.01,1.207789046461122,0.9443359375
8377,39.15082883834839,42,41,0.01,1.3275565675326757,0.244140625
8378,75.43814790248871,85,84,0.01,1.2298397074727452,0.73583984375
8379,31.865134239196777,35,34,0.01,1.1573678161416734,0.205322265625
8380,93.55035239458084,121,121,0.01,1.188690465097585,0.9638671875
8381,94.67196866869926,124,124,0.01,1.2257490869491332,0.96484375
8382,124.66344772279263,148,148,0.01,1.1508988913249325,0.88818359375
8383,9.669963538646698,12,11,0.01,0.9165272439519564,0.066162109375
8384,45.914979159832,49,48,0.01,1.2106079805870444,0.380859375
8385,16.749361217021942,19,18,0.01,1.4104437671209638,0.228271484375
8386,79.41906552016735,100,100,0.01,1.2182961761951447,0.927978515625
8387,70.131378531456,75,75,0.01,1.2275162613391877,0.912353515625
8388,16.93269944190979,19,18,0.01,1.206870878997602,0.208251953125
8389,94.71004283428192,111,111,0.01,1.2708122542312554,0.900390625
8390,40.81789493560791,44,43,0.01,1.1681573621251367,0.343505859375
8391,83.37937605381012,93,93,0.01,1.1955145905094762,0.945068359375
8392,78.74480409175158,112,112,0.01,1.288338909723929,0.948974609375
8393,99.47652316838503,116,116,0.01,1.2434094018977264,0.966064453125
8394,75.97273230552673,82,81,0.01,1.2851383569763928,0.701416015625
8395,99.17176923155785,114,114,0.01,1.2852905925951505,0.942626953125
8396,100.81194822490215,127,127,0.01,1.2726242476560938,0.922119140625
8397,3.0,5,4,0.01,1.4041106939315795,0.081787109375
8398,69.5689144730568,74,73,0.01,1.18562674925134,0.42333984375
8399,96.90707368403673,117,117,0.01,1.2443808413978317,0.959228515625
8400,12.966274797916412,15,14,0.01,1.266637090841929,0.110107421875
8401,72.56515580415726,90,89,0.01,1.2479862401882806,0.74365234375
8402,13.93204551935196,16,15,0.01,1.2339871972799301,0.065673828125
8403,95.43850404769182,118,118,0.01,1.2326959518052765,0.934326171875
8404,78.38257747888565,89,89,0.01,1.3124977795595534,0.9443359375
8405,75.7073729634285,83,82,0.01,1.3214263090168137,0.764404296875
8406,96.88053947687149,109,108,0.01,1.2445074658875073,0.916748046875
8407,61.267740964889526,69,68,0.01,1.2297441527463389,0.769775390625
8408,33.14764624834061,36,35,0.01,1.3790199524826474,0.27734375
8409,104.1597980260849,118,118,0.01,1.1976466739581804,0.931640625
8410,79.98644271492958,92,92,0.01,1.2933850609090016,0.944580078125
8411,79.94237205386162,90,90,0.01,1.2528258343537648,0.96630859375
8412,6.723379194736481,9,8,0.01,1.3007817533281114,0.05810546875
8413,98.01449459791183,116,116,0.01,1.3034036177499542,0.96435546875
8414,7.860171139240265,10,9,0.01,1.2601439893245696,0.048095703125
8415,109.89712427556515,124,124,0.01,1.2121200674483854,0.958740234375
8416,86.5894084572792,94,94,0.01,1.2178966980031196,0.88671875
8417,41.90308004617691,46,45,0.01,1.2877782673939415,0.22314453125
8418,-1.0,1,0,0.01,1.8506581783294678,0.0
8419,16.923318028450012,19,18,0.01,1.252394836199911,0.154541015625
8420,101.6292242705822,116,116,0.01,1.1694134165500771,0.97265625
8421,102.18760664761066,118,118,0.01,1.1422553489268836,0.969970703125
8422,20.521184504032135,23,22,0.01,1.084472964639249,0.129638671875
8423,95.26313170790672,110,110,0.01,1.1554481855847618,0.9375
8424,92.9281243532896,104,104,0.01,1.199744806266748,0.978271484375
8425,43.40915769338608,49,48,0.01,1.1496090359833775,0.41259765625
8426,89.90096485614777,113,113,0.01,1.1422513797219875,0.916259765625
8427,19.908362925052643,22,21,0.01,1.2290520397099582,0.11474609375
8428,20.757310211658478,23,22,0.01,1.3199853015982586,0.157958984375
8429,88.24554839730263,106,106,0.01,1.270611896548631,0.931640625
8430,92.4231207370758,111,110,0.01,1.1889683947906837,0.70703125
8431,30.807163059711456,34,33,0.01,1.128962383550756,0.2724609375
8432,18.134942829608917,21,20,0.01,1.0998841580890475,0.14697265625
8433,87.61685919761658,96,95,0.01,1.2176593029871583,0.721923828125
8434,78.47864446789026,92,92,0.01,1.2033533003667127,0.957763671875
8435,9.899807393550873,12,11,0.01,0.9727333784103394,0.06640625
8436,90.43317127227783,101,100,0.01,1.1352637424917504,0.811279296875
8437,10.0,12,11,0.01,0.9609158883492152,0.08837890625
8438,79.29291647672653,88,87,0.01,1.1399909467859701,0.80810546875
8439,82.97921542078257,104,104,0.01,1.178024988908034,0.95751953125
8440,101.39737886190414,119,119,0.01,1.1880155062976003,0.943603515625
8441,87.97564712166786,110,110,0.01,1.2027077999981968,0.913818359375
8442,99.98698633909225,114,114,0.01,1.2441549578256774,0.953857421875
8443,21.68343597650528,24,23,0.01,1.0935169830918312,0.155029296875
8444,97.0424736738205,112,112,0.01,1.175457305674042,0.941162109375
8445,3.934564530849457,6,5,0.01,1.0932680666446686,0.01953125
8446,105.61438626796007,121,121,0.01,1.2380486559276738,0.959228515625
8447,92.54318979382515,121,121,0.01,1.1898758241460343,0.957275390625
8448,5.0,7,6,0.01,1.179842425244195,0.02880859375
8449,51.40755444765091,55,54,0.01,1.095283643765883,0.571044921875
8450,87.28708983957767,100,100,0.01,1.2547148144245148,0.95849609375
8451,96.88135979324579,122,122,0.01,1.2309892619730995,0.941650390625
8452,5.0,7,6,0.01,1.3162518569401331,0.034423828125
8453,50.69468814134598,55,54,0.01,1.1182369340549816,0.3759765625
8454,71.51888090372086,85,85,0.01,1.140662874544368,0.943359375
8455,11.835633456707,14,13,0.01,1.1152050409998213,0.10302734375
8456,5.0,7,6,0.01,1.1846841147967748,0.036865234375
8457,16.496707558631897,19,18,0.01,1.3673168138453835,0.171630859375
8458,81.09689201414585,102,102,0.01,1.1961159554182315,0.922607421875
8459,23.354077577590942,26,25,0.01,1.3381890608714178,0.228271484375
8460,79.40515112876892,86,85,0.01,1.1037459622981936,0.777099609375
8461,85.74236246943474,101,101,0.01,1.1912363708609401,0.84912109375
8462,83.29591652750969,99,99,0.01,1.1155773027978761,0.962158203125
8463,88.42964208126068,96,96,0.01,1.169204189752539,0.902587890625
8464,80.35226911306381,90,89,0.01,1.1368660400311152,0.6689453125
8465,49.845272958278656,56,55,0.01,1.1205247145678316,0.4658203125
8466,95.5037676692009,114,114,0.01,1.2205823780151837,0.875732421875
8467,109.12683495879173,124,124,0.01,1.157048502516362,0.9453125
8468,117.13459646701813,140,140,0.01,1.1844969913363457,0.941162109375
8469,76.05346643924713,87,86,0.01,1.1069492087967094,0.784423828125
8470,49.19044637680054,53,52,0.01,1.2490062252530512,0.271484375
8471,16.93543940782547,19,18,0.01,1.088482053656327,0.09033203125
8472,91.93908379226923,112,112,0.01,1.1297905123127359,0.96484375
8473,88.06891858577728,97,96,0.01,1.1660041761459763,0.711669921875
8474,85.56358927488327,97,96,0.01,1.1422554392790056,0.90771484375
8475,49.04909437894821,52,51,0.01,1.038194286135527,0.326171875
8476,64.19958674907684,73,72,0.01,1.1465600843298924,0.4296875
8477,84.74278496205807,104,104,0.01,1.1757538567941923,0.953125
8478,56.28584134578705,61,60,0.01,1.0687493823590826,0.486083984375
8479,0.0,2,1,0.01,1.169762909412384,0.0
8480,29.538118481636047,33,32,0.01,1.1351798664439807,0.225830078125
8481,15.973507702350616,18,17,0.01,0.9740042189757029,0.0908203125
8482,83.92700393497944,98,98,0.01,1.1191909485021416,0.97216796875
8483,87.95558821409941,109,109,0.01,1.196602442942628,0.947021484375
8484,33.0362314581871,36,35,0.01,1.1862358310156398,0.407958984375
8485,100.65315795689821,121,121,0.01,1.2047660983791035,0.913818359375
8486,71.68596637248993,80,79,0.01,1.1784833516925572,0.915283203125
8487,24.217506170272827,27,26,0.01,1.1293792735647272,0.1357421875
8488,93.65440812706947,112,112,0.01,1.1891401841172151,0.962646484375
8489,97.633115619421,106,106,0.01,1.2868509629987321,0.96728515625
8490,84.08651791512966,96,96,0.01,1.1425493098795414,0.97216796875
8491,76.10009011626244,91,90,0.01,1.0758726298809052,0.790771484375
8492,81.94182450324297,95,95,0.01,1.1556618467757576,0.949462890625
8493,43.99434304237366,48,47,0.01,1.1252144469569128,0.422119140625
8494,102.38257850706577,114,114,0.01,1.100148972973489,0.950927734375
8495,41.18259370326996,45,44,0.01,1.1431110289361741,0.29931640625
8496,103.66995217651129,124,124,0.01,1.0704379468675582,0.93603515625
8497,96.81536331772804,117,117,0.01,1.098739652424796,0.9755859375
8498,16.832895398139954,19,18,0.01,1.032750261457343,0.200439453125
8499,104.57334314286709,130,130,0.01,1.180432611474624,0.9169921875
8500,87.49976928532124,108,108,0.01,1.1045377960911504,0.937744140625
8501,106.73268399387598,132,132,0.01,1.1636492962186986,0.929931640625
8502,20.31310260295868,23,22,0.01,1.1547343769799108,0.18115234375
8503,87.81512975692749,98,98,0.01,1.1595634973170805,0.974853515625
8504,62.50666040182114,68,67,0.01,1.2588553305934458,0.399658203125
8505,54.63484513759613,58,57,0.01,1.1813376086025402,0.578369140625
8506,103.142453327775,116,116,0.01,1.0714875143663636,0.9296875
8507,56.61699992418289,60,59,0.01,1.1301246066888173,0.395263671875
8508,15.106585562229156,18,17,0.01,1.2425028946664598,0.09521484375
8509,85.28506642580032,95,94,0.01,1.1171325385570525,0.76611328125
8510,79.22195060551167,101,101,0.01,1.1201087619998666,0.9404296875
8511,106.24533867835999,128,127,0.01,1.1066296088974923,0.832275390625
8512,85.64950600266457,101,101,0.01,1.130503750673615,0.96826171875
8513,69.63624721765518,74,73,0.01,1.1477086721239864,0.68408203125
8514,10.91975075006485,13,12,0.01,0.9988201741988842,0.088623046875
8515,86.22739404439926,98,97,0.01,1.1642254879888223,0.67041015625
8516,91.62597572803497,108,107,0.01,1.1209580075961572,0.8505859375
8517,27.287662982940674,30,29,0.01,1.142237703005473,0.293701171875
8518,103.04023222625256,123,123,0.01,1.1148158755244277,0.958984375
8519,93.69220131635666,113,113,0.01,1.10812018284228,0.94482421875
8520,70.81472259759903,79,78,0.01,1.0819526556171948,0.680419921875
8521,95.65630198270082,118,118,0.01,1.0040519080929837,0.9443359375
8522,103.67734944820404,117,116,0.01,1.1126529034386334,0.9013671875
8523,111.18467205762863,125,125,0.01,1.1405786509513856,0.982421875
8524,64.44700813293457,69,68,0.01,1.1014481640380362,0.73388671875
8525,76.38810259103775,86,86,0.01,0.9515213716861813,0.899658203125
8526,99.89287232607603,120,120,0.01,1.142009860277176,0.964599609375
8527,101.70466002821922,123,123,0.01,1.1292571003844099,0.902587890625
8528,24.488867163658142,27,26,0.01,1.2830874268655423,0.2158203125
8529,8.0,10,9,0.01,1.179704624414444,0.159912109375
8530,0.0,2,1,0.01,1.099706768989563,0.0
8531,92.55298084020615,107,107,0.01,1.023643996949508,0.94482421875
8532,29.379001140594482,32,31,0.01,0.9535357179120183,0.36669921875
8533,90.47307398915291,109,109,0.01,1.0576341636137132,0.926025390625
8534,89.43683058023453,103,103,0.01,1.092206471753352,0.958984375
8535,24.833040058612823,27,26,0.01,0.980826026863522,0.2216796875
8536,108.47576443850994,138,138,0.01,1.0303175632936368,0.94140625
8537,5.984523177146912,8,7,0.01,1.1114196330308914,0.078369140625
8538,90.46866300702095,101,101,0.01,1.045233429658531,0.955078125
8539,105.14342591911554,124,124,0.01,1.1759551864477895,0.898681640625
8540,49.612710535526276,53,52,0.01,1.1942918323120981,0.39599609375
8541,80.35746121406555,95,95,0.01,1.0855440428382472,0.927001953125
8542,97.3643973171711,122,122,0.01,1.1436985262104722,0.93994140625
8543,94.67598477005959,107,107,0.01,1.160777585250195,0.958251953125
8544,105.05613732337952,124,124,0.01,1.1419171311201588,0.962890625
8545,111.02337898313999,128,128,0.01,1.1669907248578966,0.94970703125
8546,72.57375001907349,78,77,0.01,1.0817420818866827,0.60302734375
8547,94.99586173892021,105,105,0.01,1.1701475637299674,0.9814453125
8548,88.23409980535507,103,102,0.01,1.1607978801125463,0.9375
8549,86.39721025526524,102,102,0.01,1.1203515430291493,0.9580078125
8550,46.23711198568344,50,49,0.01,1.145729767680168,0.42529296875
8551,103.51239516586065,125,125,0.01,1.225638166666031,0.951416015625
8552,89.03781920671463,107,107,0.01,1.0524981442455934,0.95458984375
8553,85.27497321367264,98,97,0.01,1.1466621577131504,0.83935546875
8554,61.93550616502762,67,66,0.01,1.1429074993774073,0.48486328125
8555,75.19450638443232,91,91,0.01,1.097971139045862,0.96826171875
8556,119.48629002273083,144,144,0.01,1.0741144745714135,0.921630859375
8557,96.10668310523033,115,115,0.01,1.1428407150766124,0.937744140625
8558,27.264613151550293,30,29,0.01,1.0504931300878524,0.330810546875
8559,10.923487424850464,13,12,0.01,0.9424446729513315,0.1435546875
8560,15.588075041770935,18,17,0.01,1.0181611478328705,0.1328125
8561,2.0,4,3,0.01,1.0352764576673508,0.02734375
8562,6.0,8,7,0.01,1.077858492732048,0.0537109375
8563,99.20140767097473,121,121,0.01,1.180471817077684,0.960693359375
8564,59.39535254240036,64,63,0.01,1.1354452697560191,0.691650390625
8565,31.61000031232834,35,34,0.01,1.2094706688608443,0.340087890625
8566,25.98321831226349,29,28,0.01,1.25618884686766,0.2529296875
8567,111.89565122127533,131,131,0.01,1.1174185269206536,0.95654296875
8568,94.9356861114502,117,117,0.01,1.1567091911267011,0.919921875
8569,77.03687043488026,100,100,0.01,1.1196158631145954,0.953369140625
8570,95.95912289619446,112,112,0.01,1.1612419480723994,0.958251953125
8571,57.91091042757034,65,64,0.01,1.2858918900673206,0.446533203125
8572,102.2640305608511,122,122,0.01,1.1493636184051388,0.91064453125
8573,77.08741261065006,88,88,0.01,1.2368726594881578,0.964599609375
8574,100.60167590528727,118,118,0.01,1.1446535079661062,0.964111328125
8575,79.12576776742935,92,91,0.01,1.078672649581795,0.88232421875
8576,88.20280273258686,108,108,0.01,1.1430540200736787,0.9453125
8577,116.59832599014044,138,138,0.01,1.1552666490492614,0.946044921875
8578,29.690687000751495,32,31,0.01,1.1492204889655113,0.251953125
8579,82.83570497483015,108,108,0.01,1.1504877880215645,0.952880859375
8580,81.95310996472836,107,107,0.01,1.1833168730557522,0.914306640625
8581,85.32466503977776,103,103,0.01,1.1800428798187126,0.939453125
8582,25.41076898574829,28,27,0.01,1.2094163772250925,0.239013671875
8583,83.7399525642395,94,94,0.01,1.300291490998674,0.8974609375
8584,0.0,2,1,0.01,1.0303505063056946,0.0
8585,103.39122151583433,143,142,0.01,1.2232914697248618,0.913818359375
8586,57.04000395536423,62,61,0.01,1.1968525359707494,0.38232421875
8587,111.32381212711334,129,129,0.01,1.2014854446400043,0.923828125
8588,20.89056932926178,23,22,0.01,1.2308378426924995,0.1201171875
8589,77.71886785328388,93,93,0.01,1.2416280693905328,0.95068359375
8590,80.45017540454865,88,87,0.01,1.3029753200032494,0.552734375
8591,100.91224441677332,112,112,0.01,1.2644720112106629,0.97900390625
8592,42.712764859199524,46,45,0.01,1.2898624643035557,0.381103515625
8593,103.74754067510366,120,120,0.01,1.199403682599465,0.949951171875
8594,58.13640797138214,64,63,0.01,1.2266684230417013,0.53857421875
8595,30.310698807239532,33,32,0.01,1.218008555246122,0.253662109375
8596,90.41586248576641,113,112,0.01,1.2408052163313976,0.9482421875
8597,73.68104213476181,81,80,0.01,1.1801501004784196,0.590087890625
8598,11.928848266601562,14,13,0.01,1.216256096959114,0.087158203125
8599,80.64830255508423,88,87,0.01,1.2307263446802443,0.6650390625
8600,114.5086434930563,142,142,0.01,1.261362910690442,0.96435546875
8601,100.09788516163826,115,115,0.01,1.2249484912208888,0.980224609375
8602,127.8844189196825,147,147,0.01,1.2845321084771837,0.965576171875
8603,38.8977957367897,42,41,0.01,1.2323582626524425,0.29638671875
8604,10.93588501214981,13,12,0.01,1.107058619077389,0.103271484375
8605,80.78798630833626,93,92,0.01,1.2614337917297118,0.88037109375
8606,121.24428461492062,162,162,0.01,1.2154881847493442,0.96533203125
8607,97.66172632575035,122,122,0.01,1.253350563958043,0.92431640625
8608,18.559318602085114,21,20,0.01,1.2140311400095622,0.146728515625
8609,93.35443612933159,109,109,0.01,1.2578629594330395,0.93115234375
8610,64.27016967535019,70,69,0.01,1.3372547507286072,0.404052734375
8611,83.11070102453232,93,92,0.01,1.3013010960753246,0.79833984375
8612,95.28425720334053,123,123,0.01,1.2657701494247933,0.874267578125
8613,81.1218650341034,91,90,0.01,1.3061459981478178,0.725341796875
8614,88.44631910324097,98,97,0.01,1.2518417631485024,0.8125
8615,102.17336668074131,125,125,0.01,1.2604548988342286,0.976318359375
8616,106.85447565466166,123,123,0.01,1.2249054782758884,0.94970703125
8617,95.6223326921463,111,111,0.01,1.2392458886176616,0.91357421875
8618,94.47442370653152,112,112,0.01,1.1820863831256117,0.939453125
8619,91.85432283580303,108,108,0.01,1.1884028417644676,0.96826171875
8620,91.85669991374016,113,113,0.01,1.2407159148591809,0.955078125
8621,96.33443553745747,109,109,0.01,1.3681649125497275,0.974365234375
8622,67.86137169599533,74,73,0.01,1.329339455913853,0.45751953125
8623,5.958372473716736,8,7,0.01,1.2945362478494644,0.073974609375
8624,107.02733074873686,126,126,0.01,1.243263217428374,0.959228515625
8625,101.64601366221905,124,124,0.01,1.3153816862933096,0.947021484375
8626,33.33371955156326,39,38,0.01,1.2467038746063526,0.23828125
8627,83.20502668619156,99,99,0.01,1.2195244810797952,0.90771484375
8628,44.51787441968918,49,48,0.01,1.3035861077357311,0.44189453125
8629,97.00926071405411,107,106,0.01,1.2439040410741466,0.678955078125
8630,90.1369477212429,111,110,0.01,1.296285177404816,0.85546875
8631,9.836802244186401,12,11,0.01,1.1874968434373538,0.084228515625
8632,96.78884690999985,122,122,0.01,1.332489508830133,0.9228515625
8633,80.77971133589745,98,98,0.01,1.2340660271595936,0.938232421875
8634,87.79068996012211,104,104,0.01,1.36738488665567,0.89404296875
8635,86.36949354410172,105,105,0.01,1.3716528727894737,0.929443359375
8636,35.587841868400574,39,38,0.01,1.246617236198523,0.449951171875
8637,82.81678256392479,95,95,0.01,1.325202560111096,0.94580078125
8638,100.23215388506651,126,126,0.01,1.4028488261595604,0.963623046875
8639,18.68383479118347,21,20,0.01,1.3451954835937137,0.20849609375
8640,91.21692363917828,108,108,0.01,1.359982793253881,0.9619140625
8641,27.791003942489624,31,30,0.01,1.4117996173520242,0.31689453125
8642,108.573640614748,128,128,0.01,1.3452772009186447,0.958740234375
8643,95.9030048251152,116,116,0.01,1.230322975279956,0.87060546875
8644,50.23674100637436,54,53,0.01,1.1459616908320673,0.565185546875
8645,48.699754655361176,53,52,0.01,1.3497675235541362,0.39111328125
8646,85.75124880671501,95,95,0.01,1.2345865387665598,0.94775390625
8647,4.0,6,5,0.01,1.2772365808486938,0.0322265625
8648,0.0,2,1,0.01,1.4397968649864197,0.0
8649,100.78535157442093,114,114,0.01,1.2498068545471157,0.904052734375
8650,109.73213768005371,128,128,0.01,1.2987736586946994,0.960205078125
8651,112.92486797273159,133,133,0.01,1.307209610266793,0.917724609375
8652,107.35751801729202,127,126,0.01,1.2285517259376255,0.93310546875
8653,9.0,11,10,0.01,1.311822078444741,0.163818359375
8654,86.44664514064789,101,100,0.01,1.3318513593461254,0.572021484375
8655,107.92097505927086,129,129,0.01,1.2707851099413494,0.9609375
8656,62.92481595277786,67,66,0.01,1.215068659675655,0.52197265625
8657,99.80255800485611,107,107,0.01,1.233142340573195,0.931396484375
8658,16.93158906698227,19,18,0.01,1.1076873384023969,0.13330078125
8659,4.987230360507965,7,6,0.01,1.3953776870455061,0.01220703125
8660,78.4965238571167,84,83,0.01,1.1244979937161719,0.69189453125
8661,28.83229297399521,31,30,0.01,1.3567435318423855,0.187255859375
8662,94.81823597848415,111,111,0.01,1.0862119442170806,0.915771484375
8663,108.26752852648497,142,142,0.01,1.2253909071146603,0.9404296875
8664,100.17499104142189,126,126,0.01,1.2442920690491086,0.924072265625
8665,104.91731867194176,130,130,0.01,1.2144421490339132,0.9638671875
8666,100.84825477004051,126,126,0.01,1.2618130655988815,0.9111328125
8667,54.406373143196106,59,58,0.01,1.2267870112495907,0.39697265625
8668,0.0,2,1,0.01,1.2954185009002686,0.018310546875
8669,66.30210441350937,71,70,0.01,1.273840781248791,0.565673828125
8670,95.6793467849493,113,112,0.01,1.2533732849148522,0.963134765625
8671,-1.0,1,0,0.01,0.6892938613891602,0.0
8672,75.64120471477509,82,81,0.01,1.2926457607891502,0.560546875
8673,101.44528539478779,120,120,0.01,1.319500447809696,0.923583984375
8674,59.845542311668396,65,64,0.01,1.274241064603512,0.44384765625
8675,90.08336939662695,116,116,0.01,1.2737286075435836,0.952880859375
8676,4.974013566970825,7,6,0.01,1.0476198026112147,0.0693359375
8677,24.64784848690033,27,26,0.01,0.9995775366270984,0.252685546875
8678,104.85830992460251,128,127,0.01,1.1970072087133303,0.959716796875
8679,92.15769152343273,125,124,0.01,1.2629428036212922,0.944091796875
8680,121.39689409732819,139,138,0.01,1.2805965003564204,0.9248046875
8681,92.95904886722565,103,103,0.01,1.2789861577228434,0.92236328125
8682,110.86877946555614,131,130,0.01,1.2509077644075146,0.97021484375
8683,94.17940750718117,114,114,0.01,1.3003431349469905,0.985107421875
8684,76.34811276197433,83,82,0.01,1.2264077124825443,0.60107421875
8685,77.78596645593643,94,94,0.01,1.1516006119707798,0.943115234375
8686,-1.0,1,0,0.01,0.8409794569015503,0.0
8687,103.6509325504303,119,119,0.01,1.2340838678744661,0.919677734375
8688,88.59813119471073,108,107,0.01,1.1833480406138632,0.95068359375
8689,27.19903552532196,30,29,0.01,1.122317831714948,0.21435546875
8690,85.52840378880501,110,109,0.01,1.2166697545485063,0.916259765625
8691,1.9769639372825623,4,3,0.01,1.0194633156061172,0.015380859375
8692,97.19396960735321,121,120,0.01,1.2255321085945634,0.95751953125
8693,108.05831726640463,131,131,0.01,1.2570558599843324,0.9521484375
8694,75.05876962095499,96,95,0.01,1.2138088010251522,0.925048828125
8695,100.90320951491594,140,139,0.01,1.2296977786081178,0.92236328125
8696,69.17525047063828,77,76,0.01,1.321508511320337,0.69091796875
8697,94.92102533578873,120,120,0.01,1.225529791166385,0.952392578125
8698,100.19669479876757,125,125,0.01,1.3282273024320603,0.935302734375
8699,75.43595188856125,82,81,0.01,1.1992745283173352,0.626708984375
8700,20.29665994644165,23,22,0.01,1.2984907989916594,0.109375
8701,24.342645585536957,27,26,0.01,1.3656945405183014,0.1884765625
8702,32.605135560035706,36,35,0.01,1.2229747598369916,0.3134765625
8703,111.03494989871979,126,125,0.01,1.1997195576864577,0.951171875
8704,72.94427727162838,96,95,0.01,1.1668414380401373,0.935302734375
8705,13.519326984882355,16,15,0.01,1.2736432179808617,0.201416015625
8706,100.10699045658112,112,111,0.01,1.2407774552702904,0.7509765625
8707,8.799444913864136,11,10,0.01,1.1141515265811572,0.055419921875
8708,1.0,3,2,0.01,1.0747487743695576,0.01513671875
8709,88.87004477530718,113,113,0.01,1.2160776930045238,0.90625
8710,102.99777792394161,119,119,0.01,1.1818083086434532,0.953857421875
8711,90.38040739297867,121,121,0.01,1.1606975392369199,0.91552734375
8712,41.65462154150009,46,45,0.01,1.2029731357875078,0.344970703125
8713,98.03830545395613,122,122,0.01,1.216589753012188,0.93310546875
8714,87.33917610347271,113,113,0.01,1.2570995920527297,0.931884765625
8715,38.39754503965378,42,41,0.01,1.2317807525396347,0.255126953125
8716,93.06256553530693,111,111,0.01,1.2002379400236112,0.879150390625
8717,91.04240542650223,109,109,0.01,1.218413490221041,0.94775390625
8718,91.77163279056549,105,104,0.01,1.2461138103689466,0.9482421875
8719,91.1403166949749,112,111,0.01,1.2391266115009785,0.933349609375
8720,1.0,3,2,0.01,1.6450871229171753,0.0068359375
8721,74.12345115095377,98,97,0.01,1.2599931724217472,0.958251953125
8722,91.72300960123539,112,112,0.01,1.2626123642548919,0.966796875
8723,4.91596919298172,7,6,0.01,1.2906737753323145,0.053955078125
8724,1.985299527645111,4,3,0.01,1.7097732424736023,0.0107421875
8725,59.537069499492645,64,63,0.01,1.283053478691727,0.507568359375
8726,34.57044559717178,38,37,0.01,1.2746272510603855,0.2763671875
8727,81.71050515770912,100,100,0.01,1.1412985935807227,0.932861328125
8728,95.32128770649433,109,109,0.01,1.208746523758687,0.953369140625
8729,100.33506238460541,119,118,0.01,1.2771064701701413,0.948486328125
8730,112.6841044574976,144,144,0.01,1.2781360971017017,0.937744140625
8731,59.57075583934784,66,65,0.01,1.1678402189052466,0.62744140625
8732,87.70620509237051,116,116,0.01,1.2305287881914913,0.943603515625
8733,-1.0,1,0,0.01,0.8482171297073364,0.0
8734,34.09631675481796,37,36,0.01,1.1996892279869802,0.28857421875
8735,5.948236286640167,8,7,0.01,0.9847715459764004,0.05712890625
8736,65.39401060342789,70,69,0.01,1.1464183641331536,0.4609375
8737,80.60922352969646,100,99,0.01,1.2118502283096313,0.96826171875
8738,73.4544290304184,84,84,0.01,1.15002936621507,0.958251953125
8739,96.09128917753696,112,111,0.01,1.272961839767439,0.956298828125
8740,7.0,9,8,0.01,1.5107563734054565,0.0888671875
8741,48.948093593120575,54,53,0.01,1.2150530489506546,0.405517578125
8742,75.13803571462631,80,79,0.01,1.2010832626372576,0.664306640625
8743,110.68254341185093,134,133,0.01,1.2011761351752637,0.946533203125
8744,93.61469039320946,107,106,0.01,1.145493981158622,0.947265625
8745,84.67739394307137,110,110,0.01,1.184592406316237,0.908447265625
8746,113.55054841935635,140,140,0.01,1.2108312447156224,0.94482421875
8747,114.59279128909111,142,142,0.01,1.16588025046906,0.9384765625
8748,81.33757381141186,98,98,0.01,1.1283441724217669,0.96923828125
8749,89.38836298882961,109,109,0.01,1.1379605148910383,0.955322265625
8750,109.76681059598923,126,125,0.01,1.1764959916472435,0.833984375
8751,4.0,6,5,0.01,0.9160770177841187,0.080810546875
8752,104.8755784407258,125,125,0.01,1.1383920259475708,0.953369140625
8753,83.01941512525082,92,92,0.01,1.1149152753793674,0.963623046875
8754,100.16050557792187,119,119,0.01,1.167694690848599,0.8994140625
8755,81.4778968244791,106,106,0.01,1.1492758317376084,0.94482421875
8756,93.55413669347763,106,106,0.01,1.191068781715519,0.958984375
8757,83.47385649383068,100,100,0.01,1.2093828216195106,0.9736328125
8758,92.69396153092384,114,114,0.01,1.127152598217914,0.96533203125
8759,88.62865170836449,97,97,0.01,1.1643837671918966,0.917724609375
8760,79.89872407913208,92,92,0.01,1.1667246384465175,0.943603515625
8761,23.870770275592804,26,25,0.01,1.2334469831906831,0.240966796875
8762,101.50895942002535,115,115,0.01,1.1781575296236122,0.95751953125
8763,102.98348672688007,129,129,0.01,1.1547624281672544,0.92822265625
8764,1.0,3,2,0.01,1.1340191165606182,0.013671875
8765,88.2738533616066,99,98,0.01,1.2488807497000454,0.7646484375
8766,93.4594207033515,121,121,0.01,1.1757249447925031,0.939697265625
8767,88.05934096872807,112,112,0.01,1.1865809792652726,0.898681640625
8768,7.957815945148468,10,9,0.01,0.9581730008125305,0.02587890625
8769,81.15118539333344,88,87,0.01,1.2596446170725606,0.746337890625
8770,91.05616743862629,106,106,0.01,1.1803765876113244,0.94921875
8771,53.288394033908844,57,56,0.01,1.2153399743531879,0.401123046875
8772,23.122289538383484,26,25,0.01,1.2262178774063404,0.26025390625
8773,102.7473806142807,121,121,0.01,1.2773684935628875,0.973388671875
8774,36.74113517999649,40,39,0.01,1.1750701166689397,0.288818359375
8775,23.742777228355408,26,25,0.01,1.1838447268192585,0.184326171875
8776,56.3309268951416,61,60,0.01,1.3135764090741266,0.486328125
8777,86.51828548312187,106,105,0.01,1.2867290355124563,0.87744140625
8778,114.03892940282822,130,129,0.01,1.1697737079400283,0.785400390625
8779,90.12978123873472,106,106,0.01,1.1654824015666854,0.966064453125
8780,112.10768810659647,134,134,0.01,1.2610450458170763,0.964599609375
8781,105.05513972043991,124,124,0.01,1.2381288392409202,0.939453125
8782,50.76020735502243,56,55,0.01,1.0778455116919108,0.390869140625
8783,93.9567483663559,123,123,0.01,1.1575482109697854,0.9619140625
8784,38.804674088954926,42,41,0.01,1.2244928025064015,0.3330078125
8785,111.15936368703842,130,130,0.01,1.2153884440660476,0.93603515625
8786,5.979787886142731,8,7,0.01,1.1037802547216415,0.03173828125
8787,88.90297258645296,108,108,0.01,1.2635887748113386,0.9560546875
8788,74.99264641106129,102,102,0.01,1.1739518692096074,0.9599609375
8789,106.80475959926844,123,123,0.01,1.2228968596555354,0.974609375
8790,29.647008001804352,32,31,0.01,1.2427598871290684,0.343017578125
8791,79.77319361269474,101,101,0.01,1.3003708348415866,0.94970703125
8792,101.88758893311024,133,132,0.01,1.2796842702349325,0.90576171875
8793,78.04046362638474,92,92,0.01,1.2054354062546855,0.9189453125
8794,73.81088054180145,81,80,0.01,1.3268026032565552,0.7080078125
8795,89.09994439035654,119,119,0.01,1.2760982152794589,0.9638671875
8796,9.821754693984985,12,11,0.01,1.372684155901273,0.035888671875
8797,46.48224014043808,50,49,0.01,1.351706765294075,0.39892578125
8798,120.72050815820694,143,143,0.01,1.2984960960758316,0.918701171875
8799,100.10507301986217,117,117,0.01,1.2736237640054817,0.957275390625
8800,9.985131084918976,12,11,0.01,1.3688942442337673,0.131103515625
8801,48.457397520542145,53,52,0.01,1.3195702411093801,0.41748046875
8802,109.915826626122,140,140,0.01,1.2807693251541683,0.944091796875
8803,101.73641742765903,124,124,0.01,1.2335765419467803,0.91748046875
8804,10.0,12,11,0.01,1.3960542604327202,0.077880859375
8805,102.24679506570101,119,119,0.01,1.2618429044715496,0.96923828125
8806,107.09377399086952,130,130,0.01,1.308562551324184,0.92724609375
8807,73.87985886633396,91,91,0.01,1.2460515554789657,0.931396484375
8808,-1.0,1,0,0.01,1.318685531616211,0.0
8809,77.47390741109848,102,102,0.01,1.2688595880480373,0.95947265625
8810,46.0365988612175,49,48,0.01,1.286800099878895,0.355224609375
8811,97.42209779471159,111,111,0.01,1.286522028279734,0.955322265625
8812,90.3853318542242,107,107,0.01,1.2599285941257654,0.98876953125
8813,101.55244952440262,133,133,0.01,1.247388472906629,0.913330078125
8814,64.74094933271408,69,68,0.01,1.2782750751661218,0.60205078125
8815,104.3758473098278,126,126,0.01,1.22497258299873,0.951171875
8816,89.13024078309536,101,101,0.01,1.2466373927522414,0.96337890625
8817,77.99499332904816,85,84,0.01,1.2631642983240239,0.553466796875
8818,81.00200743228197,104,104,0.01,1.2947370289609983,0.94580078125
8819,53.076378524303436,58,57,0.01,1.2241007459574733,0.359130859375
8820,98.46473400294781,121,121,0.01,1.3582320489174078,0.963134765625
8821,94.15174794197083,111,111,0.01,1.2266653147903648,0.96484375
8822,106.97806096076965,133,133,0.01,1.2564251815017902,0.913330078125
8823,90.42160552740097,104,104,0.01,1.3889542531508665,0.917724609375
8824,89.65784122049809,111,111,0.01,1.3057400103624877,0.9736328125
8825,28.708548426628113,31,30,0.01,1.1555550002282666,0.29052734375
8826,101.86025572568178,117,117,0.01,1.2974688229907272,0.9658203125
8827,84.40333253145218,92,91,0.01,1.287264978432137,0.5751953125
8828,88.10691165924072,102,101,0.01,1.3467636260331846,0.788818359375
8829,99.68192371726036,114,114,0.01,1.3000279997001614,0.958251953125
8830,93.97944919019938,123,123,0.01,1.3222526692278016,0.96337890625
8831,77.84504842758179,86,85,0.01,1.3335335906161818,0.6748046875
8832,12.91255784034729,15,14,0.01,1.4663232604662577,0.114013671875
8833,61.50108087062836,67,66,0.01,1.2765976666514554,0.525634765625
8834,56.232517182826996,61,60,0.01,1.144063862620807,0.590087890625
8835,104.06668172776699,121,121,0.01,1.3100966838273136,0.970703125
8836,39.63030302524567,44,43,0.01,1.3030167127197438,0.34912109375
8837,95.27302467823029,106,105,0.01,1.246257744588942,0.808837890625
8838,49.81655764579773,54,53,0.01,1.1024611763380192,0.47900390625
8839,67.53614449501038,73,72,0.01,1.2402325893101627,0.540283203125
8840,63.58238047361374,68,67,0.01,1.2286735308520935,0.63330078125
8841,13.670429706573486,16,15,0.01,1.2712139785289764,0.182861328125
8842,106.86246609687805,150,150,0.01,1.212569545507431,0.941650390625
8843,26.136073291301727,29,28,0.01,1.199186701199104,0.154052734375
8844,96.65965811908245,114,114,0.01,1.2264190012948555,0.93603515625
8845,31.03248107433319,34,33,0.01,1.1793298318105585,0.258544921875
8846,70.4160698056221,78,77,0.01,1.2418174430345879,0.62451171875
8847,83.82794636487961,99,99,0.01,1.315444082322747,0.956298828125
8848,55.98280382156372,64,63,0.01,1.3169585345312953,0.619384765625
8849,114.35454726964235,137,137,0.01,1.3078816828936557,0.95166015625
8850,73.62702688574791,90,90,0.01,1.2051041815016004,0.92626953125
8851,98.42486749589443,132,132,0.01,1.2802468253807588,0.9150390625
8852,85.39114817976952,105,105,0.01,1.2310075924510047,0.968017578125
8853,86.05790059268475,104,103,0.01,1.3296197578310966,0.934814453125
8854,126.40535727143288,182,182,0.01,1.2774525944675719,0.943603515625
8855,96.93637023866177,121,121,0.01,1.2952465410074911,0.9833984375
8856,110.56146341562271,124,123,0.01,1.2878219379532723,0.90185546875
8857,84.13183310627937,95,95,0.01,1.338731908484509,0.9619140625
8858,90.90776927769184,107,107,0.01,1.2587756787505104,0.938232421875
8859,47.07209670543671,52,51,0.01,1.2614078636352832,0.40673828125
8860,105.39194247126579,123,123,0.01,1.300533533580904,0.94775390625
8861,105.68899667263031,132,132,0.01,1.2027774821176673,0.957275390625
8862,8.94445675611496,11,10,0.01,1.1392919204451821,0.1806640625
8863,94.16729453206062,109,109,0.01,1.2984408667874991,0.9521484375
8864,72.55211502313614,79,78,0.01,1.2724539848822582,0.80126953125
8865,121.95120970904827,143,143,0.01,1.3251920786354092,0.94091796875
8866,83.9313293993473,113,113,0.01,1.3602057154727194,0.959228515625
8867,112.60761201381683,130,129,0.01,1.3111907603648993,0.86669921875
8868,86.99097166955471,107,107,0.01,1.2777642298524625,0.963134765625
8869,13.8755242228508,16,15,0.01,1.3449717089533806,0.1201171875
8870,101.53859800100327,128,128,0.01,1.3190614896593615,0.963623046875
8871,88.74870896339417,106,106,0.01,1.2477635038348864,0.9326171875
8872,101.80174550414085,115,115,0.01,1.3677050331364506,0.939697265625
8873,90.36493587493896,103,103,0.01,1.346958077358968,0.904052734375
8874,29.209827184677124,32,31,0.01,1.2495151478797197,0.1494140625
8875,20.804706275463104,23,22,0.01,1.5166910809019338,0.19677734375
8876,103.70322598516941,123,123,0.01,1.287714793187816,0.96630859375
8877,89.91253719478846,112,111,0.01,1.2784526787166084,0.9384765625
8878,107.27618598937988,127,127,0.01,1.2882052432364366,0.926025390625
8879,15.783876538276672,18,17,0.01,1.3452725112438202,0.122802734375
8880,89.17273208498955,109,109,0.01,1.2608683902189273,0.95849609375
8881,66.37611389160156,71,70,0.01,1.2473412756349,0.498046875
8882,57.97533583641052,64,63,0.01,1.2482832167297602,0.52587890625
8883,98.0921296775341,114,114,0.01,1.261008304984946,0.94482421875
8884,99.05601251125336,119,119,0.01,1.1958653428474395,0.9580078125
8885,75.6206761598587,90,89,0.01,1.23847809334596,0.660400390625
8886,10.815019607543945,13,12,0.01,1.2135407099357018,0.12744140625
8887,93.24464070796967,111,111,0.01,1.3265265602249283,0.95751953125
8888,27.625459611415863,30,29,0.01,1.2508769710858663,0.20947265625
8889,-1.0,1,0,0.01,2.107210636138916,0.0
8890,83.12271738052368,94,93,0.01,1.3105768681840693,0.7333984375
8891,63.594368517398834,69,68,0.01,1.292482598968174,0.7421875
8892,91.70355957746506,113,112,0.01,1.310057265304886,0.8134765625
8893,74.09748649597168,82,82,0.01,1.1886898082930868,0.961669921875
8894,103.0672956854105,124,124,0.01,1.2777509612421836,0.950439453125
8895,76.64243561029434,108,107,0.01,1.380190785008448,0.901123046875
8896,18.648331999778748,21,20,0.01,1.3414433257920402,0.236083984375
8897,3.0,5,4,0.01,1.1799626111984254,0.03564453125
8898,32.53247022628784,35,34,0.01,1.365342845235552,0.25927734375
8899,29.332875788211823,32,31,0.01,1.2623312640935183,0.194580078125
8900,101.96518367528915,116,115,0.01,1.3122249510267685,0.846435546875
8901,18.549311935901642,21,20,0.01,1.182454418568384,0.12255859375
8902,105.31635862588882,129,129,0.01,1.322584703449131,0.955078125
8903,75.06486847996712,91,91,0.01,1.3210269405946626,0.92822265625
8904,89.6883514225483,115,115,0.01,1.2681304244891456,0.942138671875
8905,111.73190766572952,137,137,0.01,1.2773845498144192,0.90625
8906,93.24755170941353,126,126,0.01,1.3272085606105744,0.919189453125
8907,25.676030695438385,29,28,0.01,1.170064190338398,0.2109375
8908,84.29992114007473,106,106,0.01,1.3322157904786884,0.93408203125
8909,41.98023647069931,45,44,0.01,1.4708925366401673,0.34033203125
8910,93.506835013628,112,112,0.01,1.3605240740414177,0.948974609375
8911,94.60083372145891,118,118,0.01,1.2965070410805233,0.94091796875
8912,95.65512035787106,110,110,0.01,1.2852369023994965,0.96923828125
8913,111.86473928391933,128,128,0.01,1.3465735744684935,0.978759765625
8914,65.9894217401743,79,79,0.01,1.3918970989275583,0.925537109375
8915,55.82432633638382,61,60,0.01,1.3955220926980503,0.341552734375
8916,71.29362887144089,82,81,0.01,1.3268594298420884,0.6806640625
8917,76.63314482569695,88,88,0.01,1.280195733362978,0.867919921875
8918,88.47381621599197,105,105,0.01,1.2483837113493965,0.95263671875
8919,57.243753015995026,62,61,0.01,1.3330975963223366,0.51416015625
8920,100.84560276567936,128,128,0.01,1.3953084982931614,0.96630859375
8921,4.0,6,5,0.01,1.4982309838136036,0.01611328125
8922,98.17261923104525,118,118,0.01,1.3441207758703475,0.9521484375
8923,68.63599579036236,80,80,0.01,1.3163150046020746,0.957763671875
8924,62.100694596767426,68,67,0.01,1.3442882378311718,0.54052734375
8925,48.483250081539154,53,52,0.01,1.310778817478216,0.36962890625
8926,97.39954909682274,116,116,0.01,1.3628577726154492,0.89111328125
8927,100.73869740962982,112,112,0.01,1.3391816041299276,0.942138671875
8928,87.32433487474918,102,102,0.01,1.289917734615943,0.955810546875
8929,106.06717629730701,130,130,0.01,1.2987038002564357,0.957763671875
8930,105.25699349492788,135,135,0.01,1.2783150928991813,0.961669921875
8931,72.44887167215347,77,76,0.01,1.2196410685390622,0.696044921875
8932,113.8094812259078,142,142,0.01,1.3875542102565228,0.95166015625
8933,27.615834891796112,30,29,0.01,1.3962044576803843,0.28125
8934,98.13581152260303,118,118,0.01,1.2749297704737066,0.965087890625
8935,76.32484112679958,86,86,0.01,1.305444642554882,0.880859375
8936,74.3870938718319,100,100,0.01,1.3649024522304536,0.935791015625
8937,55.4791723638773,75,75,0.01,1.373311727841695,0.9326171875
8938,86.21667969226837,93,92,0.01,1.288491702207955,0.767822265625
8939,3.995019257068634,6,5,0.01,1.5476579666137695,0.024169921875
8940,115.67281690239906,150,150,0.01,1.3265109227101008,0.945068359375
8941,83.46596509218216,99,98,0.01,1.3434468583025114,0.871337890625
8942,14.045526444911957,17,16,0.01,1.2107086584848517,0.1552734375
8943,98.1892031878233,117,117,0.01,1.3307100906331315,0.9384765625
8944,92.87913993000984,109,109,0.01,1.2429028506125879,0.9453125
8945,61.23673450946808,65,64,0.01,1.2561266362667083,0.56201171875
8946,69.88700664043427,75,74,0.01,1.2420734898249308,0.625
8947,93.6128487214446,112,112,0.01,1.2854591796972923,0.9833984375
8948,93.28927838802338,110,109,0.01,1.2882540981877935,0.7392578125
8949,99.0881911367178,121,121,0.01,1.3318708474971046,0.97802734375
8950,32.139272928237915,35,34,0.01,1.268816716330392,0.19775390625
8951,79.30475378036499,93,93,0.01,1.3550929798874805,0.96435546875
8952,94.73390452563763,110,110,0.01,1.350891633738171,0.96630859375
8953,100.23362919688225,115,115,0.01,1.3949752522551495,0.94091796875
8954,44.781542241573334,48,47,0.01,1.2774246825526159,0.52392578125
8955,95.66920624673367,121,121,0.01,1.2854219709546113,0.968017578125
8956,100.02498424053192,116,115,0.01,1.2382104120634754,0.778564453125
8957,0.0,2,1,0.01,0.9458406567573547,0.0
8958,55.33095985651016,62,61,0.01,1.4146004386486546,0.73291015625
8959,90.8507812321186,105,105,0.01,1.3209481869425093,0.963134765625
8960,85.5021745711565,108,107,0.01,1.3097320568782311,0.933349609375
8961,92.11003185808659,109,109,0.01,1.3378207082048468,0.933837890625
8962,95.35973709821701,117,117,0.01,1.3311951797232668,0.954345703125
8963,46.81516367197037,50,49,0.01,1.2206740081310272,0.258056640625
8964,130.82035946846008,154,153,0.01,1.3048908230546232,0.868408203125
8965,3.0,5,4,0.01,1.0692626595497132,0.048583984375
8966,94.96187853068113,129,129,0.01,1.3537878204685774,0.946533203125
8967,87.93407070636749,99,98,0.01,1.3865037048705902,0.711181640625
8968,84.9206420481205,101,101,0.01,1.2921065980255013,0.91796875
8969,84.07239471375942,99,99,0.01,1.2802284095022414,0.944580078125
8970,99.21173958480358,119,119,0.01,1.3404445823501139,0.953125
8971,94.42823919653893,111,111,0.01,1.2689604431659252,0.94140625
8972,16.702209651470184,19,18,0.01,1.4345449585663645,0.1806640625
8973,34.658593237400055,38,37,0.01,1.2682247906923294,0.20849609375
8974,14.479096591472626,17,16,0.01,1.3060583191759445,0.107666015625
8975,19.55717968940735,22,21,0.01,1.227835321968252,0.077392578125
8976,103.43965500593185,120,120,0.01,1.2579592232902845,0.937255859375
8977,95.78122973442078,107,107,0.01,1.2729478603768571,0.886474609375
8978,107.93940541148186,127,127,0.01,1.3019960262174681,0.93896484375
8979,88.36985462903976,106,106,0.01,1.3378799464905038,0.919921875
8980,94.89074617624283,111,111,0.01,1.250771539973783,0.96044921875
8981,90.1156108379364,109,109,0.01,1.2791866969077959,0.932861328125
8982,119.72201426327229,146,146,0.01,1.3913014429072812,0.93359375
8983,114.66564309597015,129,129,0.01,1.2954412889341975,0.924072265625
8984,58.09883797168732,66,65,0.01,1.316553912379525,0.63916015625
8985,95.51721303164959,110,110,0.01,1.4075985637578097,0.94287109375
8986,11.867886662483215,14,13,0.01,1.33539736696652,0.03857421875
8987,95.38268107175827,116,116,0.01,1.2090323102371445,0.953125
8988,97.2634948939085,117,117,0.01,1.3557040640431592,0.97607421875
8989,100.72329437732697,118,118,0.01,1.3688690437603805,0.931640625
8990,4.964000761508942,7,6,0.01,1.219409431729998,0.024658203125
8991,23.396142721176147,26,25,0.01,1.1318250241187902,0.27685546875
8992,70.61269128322601,78,77,0.01,1.3384108661841123,0.695068359375
8993,86.8873635828495,114,113,0.01,1.3611698806808705,0.94287109375
8994,93.41958346962929,108,108,0.01,1.3415703572056912,0.966064453125
8995,31.42546933889389,34,33,0.01,1.2791654450051926,0.325439453125
8996,36.23141849040985,40,39,0.01,1.2275151148438455,0.335205078125
8997,111.16934359073639,132,131,0.01,1.2710320422369423,0.93603515625
8998,30.382596254348755,33,32,0.01,1.3172113534175989,0.28125
8999,88.8962504863739,123,122,0.01,1.3184425120915824,0.892822265625
9000,62.70167136192322,66,65,0.01,1.3808023929595947,0.4951171875
9001,93.61231928318739,143,143,0.01,1.275180947113704,0.937255859375
9002,80.09849873185158,100,100,0.01,1.3690907514095307,0.914794921875
9003,97.57622602581978,119,119,0.01,1.2598016770447003,0.934326171875
9004,53.93322551250458,58,57,0.01,1.3053420823195885,0.598388671875
9005,113.251410625875,135,135,0.01,1.390596431493759,0.9541015625
9006,94.92268970608711,113,113,0.01,1.2953821108140777,0.95263671875
9007,88.03458324074745,102,101,0.01,1.3307808333752202,0.820556640625
9008,72.39713642001152,85,85,0.01,1.2415538977174199,0.845947265625
9009,97.36574064195156,130,129,0.01,1.3382652783623108,0.945068359375
9010,72.53716915845871,82,81,0.01,1.3121860005506656,0.62158203125
9011,43.29634553194046,47,46,0.01,1.1859275470388697,0.330810546875
9012,97.59271052479744,126,126,0.01,1.244129390943618,0.9091796875
9013,50.04260528087616,54,53,0.01,1.3929147974208549,0.41748046875
9014,104.91583020985126,121,120,0.01,1.3059605300919084,0.9296875
9015,49.27841925621033,52,51,0.01,1.360408529639244,0.384521484375
9016,39.737331449985504,43,42,0.01,1.2007895999176557,0.367919921875
9017,78.2063309699297,100,100,0.01,1.3152743136882783,0.954833984375
9018,34.29927569627762,37,36,0.01,1.291148841381073,0.31689453125
9019,78.0474311709404,87,86,0.01,1.2995019030982051,0.680908203125
9020,29.698128581047058,32,31,0.01,1.2513680588454008,0.284423828125
9021,98.20988738536835,112,112,0.01,1.248069382937891,0.880126953125
9022,22.582984447479248,25,24,0.01,1.4635652256011964,0.090576171875
9023,89.23772114515305,99,98,0.01,1.2883176011870605,0.778564453125
9024,71.14185404777527,77,77,0.01,1.2949029996797636,0.943359375
9025,120.8017345815897,161,161,0.01,1.229540539084014,0.90185546875
9026,81.84886288642883,89,88,0.01,1.255635781904285,0.64013671875
9027,89.23971712589264,120,120,0.01,1.2766453402737776,0.92724609375
9028,92.26451548933983,109,109,0.01,1.2774370050211565,0.925048828125
9029,82.52177266776562,107,107,0.01,1.2442574626374467,0.94482421875
9030,35.193155169487,38,37,0.01,1.13452221531617,0.324951171875
9031,76.70146803557873,87,87,0.01,1.3128273254153373,0.9619140625
9032,4.934989392757416,7,6,0.01,1.294379438672747,0.029541015625
9033,12.974364221096039,15,14,0.01,1.3438297589619954,0.078857421875
9034,84.50129471719265,97,97,0.01,1.2152452223079722,0.9404296875
9035,117.73043970763683,133,133,0.01,1.1963078003180654,0.96923828125
9036,93.84446746855974,111,110,0.01,1.2928121567846418,0.9404296875
9037,99.92466633021832,115,115,0.01,1.2445023199786311,0.96142578125
9038,9.73996514081955,12,11,0.01,1.414011185367902,0.107177734375
9039,65.39733058214188,71,70,0.01,1.2019234052006627,0.558837890625
9040,110.661261677742,121,121,0.01,1.1991099574841744,0.94580078125
9041,69.43971413373947,76,75,0.01,1.2005511702675569,0.6337890625
9042,97.26395216584206,114,114,0.01,1.2340444783892548,0.97412109375
9043,96.13056749850512,119,119,0.01,1.2182334596369446,0.963134765625
9044,6.954190015792847,9,8,0.01,1.2211124565866258,0.0703125
9045,32.533913016319275,35,34,0.01,1.1452213398047857,0.345947265625
9046,83.7868072912097,97,97,0.01,1.2292134282515221,0.966796875
9047,54.75912004709244,59,58,0.01,1.160212176331019,0.34716796875
9048,96.94989494979382,114,114,0.01,1.224625462764188,0.9716796875
9049,87.68557606637478,104,104,0.01,1.3217704330499356,0.9326171875
9050,5.9832484126091,8,7,0.01,1.1436041966080666,0.072509765625
9051,9.91871428489685,12,11,0.01,1.1712429771820705,0.181396484375
9052,9.863697528839111,12,11,0.01,1.2743059049050014,0.087890625
9053,47.40877443552017,51,50,0.01,1.2414548852864433,0.542724609375
9054,38.34927195310593,41,40,0.01,1.2237270270905845,0.31689453125
9055,99.08826426416636,124,124,0.01,1.1646804672575766,0.93505859375
9056,95.18287958204746,123,123,0.01,1.1574998384084159,0.906005859375
9057,99.78124884516001,121,121,0.01,1.1761976567920573,0.965087890625
9058,105.88598518073559,133,133,0.01,1.1834106788151246,0.954833984375
9059,54.803724586963654,64,63,0.01,1.1131685618311167,0.453125
9060,88.19406243413687,113,113,0.01,1.2332174983699764,0.94140625
9061,113.99588894844055,135,134,0.01,1.3016758015862218,0.955078125
9062,78.49208897352219,87,87,0.01,1.3239530766832417,0.9609375
9063,14.896015346050262,17,16,0.01,1.3543265321675468,0.2421875
9064,58.2296359539032,63,62,0.01,1.2506900041822404,0.586181640625
9065,93.09415435791016,112,112,0.01,1.3393626532384328,0.9306640625
9066,86.64997796714306,105,105,0.01,1.2520015557607016,0.966796875
9067,96.2281295210123,111,111,0.01,1.3257861121280774,0.962890625
9068,88.59904399514198,104,104,0.01,1.22692904735987,0.95166015625
9069,21.535507440567017,24,23,0.01,1.2829567957669497,0.1650390625
9070,89.71136346459389,108,108,0.01,1.1665482363767095,0.875
9071,94.82706156373024,116,116,0.01,1.2543111556562885,0.951171875
9072,2.0,4,3,0.01,1.6962836980819702,0.007080078125
9073,35.2604193687439,38,37,0.01,1.1154503069425885,0.15771484375
9074,16.614501118659973,19,18,0.01,1.1826392318073071,0.123046875
9075,3.9382376074790955,6,5,0.01,1.2695116996765137,0.017333984375
9076,10.951367139816284,13,12,0.01,1.2528864328677838,0.109130859375
9077,36.18247026205063,39,38,0.01,1.2421383017148726,0.395751953125
9078,97.57621443271637,109,109,0.01,1.1068648581111102,0.94482421875
9079,91.13343791663647,118,118,0.01,1.2238130703315897,0.947998046875
9080,116.71497033536434,131,131,0.01,1.2351608458366103,0.979736328125
9081,93.82207688689232,113,113,0.01,1.2058130170391723,0.9443359375
9082,87.2813703417778,102,102,0.01,1.1666101196817322,0.96337890625
9083,0.0,2,1,0.01,1.2315691411495209,0.0029296875
9084,93.48315641283989,113,113,0.01,1.3065357793748906,0.90625
9085,29.41478705406189,33,32,0.01,1.2690081758932634,0.3173828125
9086,74.61236388981342,94,94,0.01,1.230035979062953,0.940185546875
9087,107.89995649456978,117,117,0.01,1.2570493330812862,0.951904296875
9088,58.36808943748474,65,64,0.01,1.1880281925201417,0.5322265625
9089,88.36878235638142,107,107,0.01,1.2320301827983322,0.966064453125
9090,66.41391611099243,97,97,0.01,1.1451383844478844,0.95947265625
9091,41.809282541275024,47,46,0.01,1.1554718461442501,0.39892578125
9092,2.0,4,3,0.01,0.9850505515933037,0.042724609375
9093,8.83080106973648,11,10,0.01,1.0260605757886714,0.03955078125
9094,99.1029559969902,122,122,0.01,1.2094017807088915,0.952880859375
9095,5.0,7,6,0.01,1.0305973546845573,0.04833984375
9096,87.46895483136177,104,104,0.01,1.21579096151086,0.926025390625
9097,123.74795293807983,144,144,0.01,1.2266149129718542,0.873291015625
9098,106.14935487508774,129,129,0.01,1.2862580580304759,0.95263671875
9099,75.05514866113663,86,85,0.01,1.1296789358521617,0.71337890625
9100,-1.0,1,0,0.01,1.4239985942840576,0.0
9101,93.4008364379406,106,106,0.01,1.207641193326914,0.87255859375
9102,55.2676203250885,62,61,0.01,1.1723885391989062,0.45703125
9103,96.40002133697271,118,118,0.01,1.1917250568078737,0.951904296875
9104,100.63278110325336,120,120,0.01,1.203108644237121,0.896240234375
9105,7.958963632583618,10,9,0.01,1.1200208961963654,0.074951171875
9106,96.4364769756794,108,108,0.01,1.1655360507192436,0.978759765625
9107,12.98491758108139,15,14,0.01,1.1661121805508932,0.131103515625
9108,99.56239899992943,124,123,0.01,1.1879669538428705,0.92138671875
9109,54.89856040477753,62,61,0.01,1.229800189214368,0.447998046875
9110,41.6774588227272,46,45,0.01,1.257958793769712,0.366455078125
9111,93.66096107661724,113,113,0.01,1.1260345905228,0.9765625
9112,80.07741893827915,90,90,0.01,1.1626672218243281,0.96728515625
9113,97.12967862188816,119,119,0.01,1.1938535373250978,0.927490234375
9114,107.47628511488438,130,130,0.01,1.1513221628390826,0.967041015625
9115,100.2219001352787,122,122,0.01,1.146861845596892,0.9443359375
9116,95.5109628662467,118,118,0.01,1.2031964730408231,0.94873046875
9117,84.44825631380081,91,90,0.01,1.1770700887664334,0.625732421875
9118,85.40144435316324,95,95,0.01,1.248499490085401,0.97021484375
9119,3.0,5,4,0.01,1.0189282178878785,0.06494140625
9120,26.021485686302185,29,28,0.01,1.1764775360452717,0.232177734375
9121,120.70586428046227,142,142,0.01,1.2244955870047423,0.9208984375
9122,115.2295888364315,133,133,0.01,1.2152487817115354,0.960693359375
9123,109.67807591706514,137,137,0.01,1.198864877876574,0.962890625
9124,88.73152317106724,103,103,0.01,1.216146311134968,0.962646484375
9125,77.15243619680405,91,90,0.01,1.236247922365482,0.630615234375
9126,58.892962872982025,64,63,0.01,1.2004021536558867,0.642822265625
9127,75.8183296918869,83,82,0.01,1.0490016861852394,0.612060546875
9128,103.96555127948523,121,121,0.01,1.2792541648238158,0.97216796875
9129,93.98131583631039,111,111,0.01,1.1765383366528932,0.950439453125
9130,23.45483672618866,26,25,0.01,1.1802957275739083,0.155517578125
9131,99.57800410687923,119,119,0.01,1.1563488973789857,0.977294921875
9132,82.81063197553158,107,107,0.01,1.2142190846884362,0.94873046875
9133,10.705163955688477,13,12,0.01,1.2118410834899316,0.091552734375
9134,77.74942012131214,95,95,0.01,1.172578582951897,0.929443359375
9135,17.58221524953842,20,19,0.01,1.0201110616326332,0.193359375
9136,32.11126130819321,35,34,0.01,1.1759592277663096,0.314697265625
9137,53.56664192676544,63,62,0.01,1.2366427126384916,0.53173828125
9138,83.61100974678993,106,106,0.01,1.1611069280583903,0.96923828125
9139,73.07575571537018,79,78,0.01,1.114496542305886,0.63916015625
9140,118.07394129037857,137,137,0.01,1.1872022502178694,0.959228515625
9141,89.16471546888351,99,99,0.01,1.199223695379315,0.93505859375
9142,73.88190770149231,88,88,0.01,1.1427319076928226,0.95556640625
9143,-1.0,1,0,0.01,0.9593541622161865,0.0
9144,102.51958048343658,124,124,0.01,1.1136632592928024,0.943115234375
9145,12.902508080005646,15,14,0.01,1.074679336945216,0.054443359375
9146,85.76970835030079,101,101,0.01,1.2235948827007028,0.942138671875
9147,92.3577711135149,115,115,0.01,1.1593459023081738,0.95556640625
9148,89.22436714917421,102,102,0.01,1.1906065096457799,0.961181640625
9149,14.827462196350098,17,16,0.01,1.0681650200310875,0.203125
9150,87.2223357707262,103,103,0.01,1.2150121912794205,0.962646484375
9151,93.9688380882144,114,114,0.01,1.152349816471861,0.958984375
9152,81.47857429087162,93,93,0.01,1.1399121050552656,0.94970703125
9153,78.5614238679409,92,91,0.01,1.1549336187865422,0.82861328125
9154,82.0863939076662,90,90,0.01,1.1405982219510609,0.9697265625
9155,10.737167119979858,13,12,0.01,1.1291759243378272,0.086181640625
9156,45.39333766698837,51,50,0.01,1.2202545924513948,0.29052734375
9157,95.94850678741932,121,121,0.01,1.2056122770733084,0.960693359375
9158,103.13316847383976,123,123,0.01,1.1736454207722733,0.891357421875
9159,87.67561130225658,106,106,0.01,1.20576470612355,0.936279296875
9160,87.74545612186193,109,109,0.01,1.2425761190029458,0.96728515625
9161,21.821098566055298,24,23,0.01,1.2127509812513988,0.17578125
9162,104.17999747395515,119,119,0.01,1.162278128521783,0.966552734375
9163,92.18652072548866,99,99,0.01,1.1630589946953938,0.85888671875
9164,80.053208604455,89,89,0.01,1.2119027376174927,0.993896484375
9165,50.1482840180397,56,55,0.01,1.1429385936685972,0.35107421875
9166,98.59004834294319,117,117,0.01,1.251552886942513,0.956787109375
9167,110.51246979832649,147,147,0.01,1.2806985155254804,0.94091796875
9168,0.0,2,1,0.01,0.9488575756549835,0.0
9169,104.74019101262093,124,124,0.01,1.2108307668278295,0.903076171875
9170,90.62000392377377,107,107,0.01,1.272474129066289,0.956298828125
9171,95.68901990354061,113,113,0.01,1.3046765372288966,0.9658203125
9172,79.53442633152008,85,84,0.01,1.2696002560503343,0.8564453125
9173,109.67869648337364,129,129,0.01,1.307993227428244,0.969970703125
9174,95.87666650116444,112,112,0.01,1.283625612567578,0.970947265625
9175,97.40743681788445,116,116,0.01,1.2610793853628224,0.9697265625
9176,55.19937735795975,61,60,0.01,1.137636061574592,0.463623046875
9177,120.66918477416039,137,137,0.01,1.2928202589497948,0.982177734375
9178,24.598746180534363,28,27,0.01,1.3099663981369563,0.20703125
9179,69.71967613697052,79,78,0.01,1.2515912584111661,0.83056640625
9180,90.99502073228359,106,106,0.01,1.2605944174640584,0.926513671875
9181,96.6975114941597,114,114,0.01,1.2280069336033703,0.962158203125
9182,62.01178276538849,67,66,0.01,1.3653518513067444,0.652099609375
9183,84.71329816430807,108,108,0.01,1.1785863157775667,0.966064453125
9184,83.98988172411919,95,95,0.01,1.1669603830889652,0.9609375
9185,45.3900311589241,49,48,0.01,1.236854953425271,0.35888671875
9186,114.82663805782795,131,131,0.01,1.255135411297092,0.953857421875
9187,31.814083755016327,35,34,0.01,1.216757902077266,0.2265625
9188,78.76541829109192,92,91,0.01,1.1175423724495845,0.916748046875
9189,111.70630532503128,123,123,0.01,1.2221874664954053,0.9208984375
9190,110.5229023694992,129,129,0.01,1.1259320365597112,0.92529296875
9191,66.04701678454876,76,76,0.01,1.2193106499157453,0.949462890625
9192,36.1778444647789,39,38,0.01,1.367192234748449,0.367919921875
9193,121.58881111443043,147,147,0.01,1.226277610477136,0.94775390625
9194,93.57764828205109,109,108,0.01,1.1611222233794152,0.9365234375
9195,89.85112154483795,98,97,0.01,1.1991325860120812,0.71240234375
9196,63.04908466339111,68,67,0.01,1.1122091750011724,0.50927734375
9197,10.701020121574402,13,12,0.01,1.0138058570715098,0.047607421875
9198,85.1775225251913,100,100,0.01,1.2106647181510926,0.974365234375
9199,48.800014555454254,52,51,0.01,1.175215174945501,0.364501953125
9200,97.49529123306274,111,111,0.01,1.1742615189638224,0.94775390625
9201,58.615720093250275,65,64,0.01,1.2186792557056134,0.701171875
9202,107.1283496543765,140,140,0.01,1.2197570702859333,0.9453125
9203,105.14584769308567,130,130,0.01,1.2155110223935202,0.912109375
9204,122.81112512946129,147,147,0.01,1.3092497633833464,0.94189453125
9205,80.32538813352585,90,89,0.01,1.2826078219546213,0.735107421875
9206,102.201944693923,122,122,0.01,1.2194169476384022,0.9609375
9207,112.72946222126484,129,129,0.01,1.2371053529340168,0.96435546875
9208,12.172685980796814,15,14,0.01,1.4478285193443299,0.138916015625
9209,87.99918691813946,104,104,0.01,1.1608332143380091,0.933837890625
9210,62.79434776306152,68,67,0.01,1.209453200592714,0.609375
9211,72.80992978811264,79,78,0.01,1.2475979803483697,0.75732421875
9212,6.806370973587036,9,8,0.01,1.0756074918640985,0.078857421875
9213,36.182265877723694,41,40,0.01,1.3319031232740821,0.405517578125
9214,94.26804358512163,114,114,0.01,1.1834899649808281,0.96142578125
9215,17.811739683151245,20,19,0.01,1.3694484442472459,0.261962890625
9216,93.18944956362247,118,117,0.01,1.229722836007506,0.949951171875
9217,19.42935025691986,22,21,0.01,1.2393686175346375,0.161376953125
9218,109.383401311934,150,150,0.01,1.2539331817626953,0.9208984375
9219,-1.0,1,0,0.01,1.170576572418213,0.0
9220,92.91080189496279,122,122,0.01,1.2549854727064977,0.9384765625
9221,93.24354112148285,106,106,0.01,1.1984778912562244,0.901123046875
9222,7.971229314804077,10,9,0.01,1.1366211712360381,0.05517578125
9223,69.6021448969841,81,81,0.01,1.2480274541878407,0.92724609375
9224,42.18068450689316,46,45,0.01,1.2490136487328487,0.346923828125
9225,17.547963798046112,20,19,0.01,1.1519606843590737,0.11279296875
9226,102.44725968688726,133,133,0.01,1.1989717371481703,0.940673828125
9227,57.75511056184769,64,63,0.01,1.0994257992133498,0.591064453125
9228,94.3471839427948,132,132,0.01,1.2289068987875273,0.911865234375
9229,40.381485760211945,45,44,0.01,1.2687960863113403,0.26416015625
9230,98.47039341926575,121,121,0.01,1.2617801319469104,0.963623046875
9231,77.53645585477352,98,98,0.01,1.2522343740779527,0.93310546875
9232,87.46155536174774,118,118,0.01,1.2431920893111472,0.938720703125
9233,93.69013342261314,110,110,0.01,1.2380756570534273,0.92919921875
9234,19.185797214508057,22,21,0.01,1.2445151467214932,0.143310546875
9235,63.743063271045685,68,67,0.01,1.2925274074077606,0.599609375
9236,105.22516459226608,114,113,0.01,1.308459498118936,0.648193359375
9237,101.63041512668133,115,115,0.01,1.2698517182598943,0.968505859375
9238,26.564514994621277,29,28,0.01,1.162789377672919,0.29931640625
9239,102.84275526553392,128,128,0.01,1.1642586982343346,0.958740234375
9240,20.769123792648315,23,22,0.01,1.1862828744494396,0.10888671875
9241,18.559336006641388,21,20,0.01,1.2135369351931982,0.1865234375
9242,15.731213748455048,18,17,0.01,1.3388100134001837,0.15234375
9243,22.452113091945648,25,24,0.01,1.1912718653678893,0.181396484375
9244,84.73150739073753,108,108,0.01,1.2441967380819496,0.892822265625
9245,113.84445509314537,143,143,0.01,1.2598302624859177,0.887451171875
9246,88.66145169734955,103,102,0.01,1.1912939126051745,0.87158203125
9247,113.32398481667042,134,134,0.01,1.2973608943953443,0.951171875
9248,107.46001797914505,122,121,0.01,1.1895059188369845,0.79638671875
9249,12.760837316513062,15,14,0.01,1.3106981714566548,0.069580078125
9250,93.91635473072529,112,112,0.01,1.227950310068471,0.9609375
9251,104.1448420882225,127,127,0.01,1.3445311578239982,0.944091796875
9252,83.2529724240303,100,100,0.01,1.2480617660284041,0.968505859375
9253,54.85869139432907,60,59,0.01,1.357846915225188,0.51904296875
9254,48.5074263215065,53,52,0.01,1.213461770201629,0.34326171875
9255,86.03442096710205,96,95,0.01,1.369683103946348,0.7353515625
9256,84.26309111714363,107,107,0.01,1.278972009632075,0.93115234375
9257,57.67308682203293,64,63,0.01,1.306702507659793,0.493896484375
9258,60.92786794900894,66,65,0.01,1.2554926285237977,0.550048828125
9259,92.77992825210094,109,109,0.01,1.2075930593210622,0.9609375
9260,94.61495560407639,108,108,0.01,1.284681797027588,0.939208984375
9261,40.06323802471161,44,43,0.01,1.2729361219839617,0.448974609375
9262,118.11568132042885,137,137,0.01,1.2749917742109647,0.923828125
9263,18.633222699165344,21,20,0.01,1.247347116470337,0.2451171875
9264,91.55353073775768,118,117,0.01,1.3539114046399876,0.943603515625
9265,0.0,2,1,0.01,0.8686397969722748,0.0
9266,112.63377052545547,141,141,0.01,1.3810129074762898,0.926513671875
9267,107.34964064508677,130,130,0.01,1.238905772796044,0.950927734375
9268,95.30943909287453,110,109,0.01,1.2708442644639448,0.95849609375
9269,78.62375843524933,85,84,0.01,1.324827876511742,0.651611328125
9270,106.46190226823092,128,128,0.01,1.3151615136303008,0.911865234375
9271,15.0,17,16,0.01,1.2264964931151445,0.14013671875
9272,56.224073231220245,62,61,0.01,1.2669650354693014,0.396484375
9273,1.0,3,2,0.01,1.5429610013961792,0.068115234375
9274,28.517629265785217,31,30,0.01,1.3967780874621483,0.21875
9275,52.84300076961517,57,56,0.01,1.1938729422134267,0.53515625
9276,77.16743728518486,95,95,0.01,1.303287787186472,0.95947265625
9277,9.95432597398758,12,11,0.01,1.3517305081089337,0.104736328125
9278,104.31162156909704,120,120,0.01,1.2494800694286823,0.957763671875
9279,2.986221730709076,5,4,0.01,1.5272025108337401,0.015869140625
9280,113.09675817191601,132,132,0.01,1.256906478693991,0.92578125
9281,80.30056124925613,101,101,0.01,1.279094673619412,0.9521484375
9282,0.9925411343574524,3,2,0.01,1.3745928208033245,0.021728515625
9283,89.01624059677124,100,99,0.01,1.3113594940304756,0.765625
9284,69.9927925541997,93,93,0.01,1.3444940973353643,0.9267578125
9285,101.71081086993217,117,117,0.01,1.3067966376104925,0.92822265625
9286,110.12589433789253,128,128,0.01,1.2987262073438615,0.8974609375
9287,75.76455534994602,93,93,0.01,1.2594992239629068,0.969482421875
9288,52.95063281059265,58,57,0.01,1.1856961096155232,0.469970703125
9289,1.0,3,2,0.01,0.9278638362884521,0.005615234375
9290,122.40820094197989,155,155,0.01,1.2178512773206156,0.935546875
9291,101.52209655195475,119,119,0.01,1.224853203326714,0.969970703125
9292,26.61236572265625,29,28,0.01,1.3120960860416806,0.373779296875
9293,123.27535372972488,160,160,0.01,1.195252925902605,0.91943359375
9294,85.99281673878431,102,102,0.01,1.2111956813171798,0.957275390625
9295,97.43768566846848,117,117,0.01,1.2765214022917626,0.92041015625
9296,85.76074428856373,118,118,0.01,1.3628400230811815,0.95849609375
9297,42.170572996139526,46,45,0.01,1.326562348915183,0.30029296875
9298,101.16800194978714,123,123,0.01,1.4023726408074542,0.91552734375
9299,112.01631161570549,136,136,0.01,1.3289485238492489,0.955322265625
9300,79.64486613869667,111,110,0.01,1.3639510174592335,0.884033203125
9301,97.28855402767658,107,107,0.01,1.351705162324638,0.964111328125
9302,75.6437346637249,95,95,0.01,1.3384002829852857,0.94287109375
9303,80.86869955062866,92,91,0.01,1.4145250871129658,0.72998046875
9304,76.48780288547277,98,98,0.01,1.4592081667209158,0.921630859375
9305,88.34510459005833,101,101,0.01,1.457192325355983,0.960205078125
9306,86.63238846510649,104,103,0.01,1.3935245286959868,0.946044921875
9307,109.06112362444401,127,127,0.01,1.3313175594712805,0.949462890625
9308,96.98942307382822,119,119,0.01,1.344466298317709,0.9560546875
9309,0.0,2,1,0.01,1.0682077407836914,0.0
9310,97.83558069169521,114,114,0.01,1.3609190144036944,0.96630859375
9311,21.896055996418,24,23,0.01,1.6237599427501361,0.161865234375
9312,18.647338926792145,21,20,0.01,1.2082289911451793,0.093505859375
9313,83.47036042809486,93,93,0.01,1.4151329718610293,0.956298828125
9314,111.16822995245457,153,153,0.01,1.3939325544569228,0.910400390625
9315,89.01057547330856,101,101,0.01,1.3248593444281285,0.963134765625
9316,46.57875555753708,51,50,0.01,1.463255669556412,0.486572265625
9317,103.22361911833286,121,121,0.01,1.434538358745496,0.943603515625
9318,112.20799846947193,151,151,0.01,1.3725880670626431,0.96826171875
9319,20.75033801794052,23,22,0.01,1.4964912404184756,0.150146484375
9320,106.9144799336791,133,133,0.01,1.3680408009909149,0.96240234375
9321,-1.0,1,0,0.01,1.2284188270568848,0.0
9322,12.736559987068176,15,14,0.01,1.1590700229008992,0.189453125
9323,0.0,2,1,0.01,1.2366217076778412,0.00390625
9324,11.737816989421844,14,13,0.01,1.4104254160608565,0.09814453125
9325,100.97963148355484,120,119,0.01,1.3657382305711507,0.84375
9326,78.75790184736252,85,84,0.01,1.3388209444635055,0.587646484375
9327,99.01749065518379,114,114,0.01,1.3120012957798808,0.961181640625
9328,84.00805851072073,97,97,0.01,1.3131137226045746,0.923828125
9329,3.9782474040985107,6,5,0.01,1.2337042192618053,0.023193359375
9330,80.02068269252777,91,91,0.01,1.4274806347522107,0.925537109375
9331,92.04008165001869,107,107,0.01,1.3628243132729396,0.97119140625
9332,103.34518745541573,117,117,0.01,1.3086767313826797,0.95947265625
9333,32.292129814624786,36,35,0.01,1.2780681865082846,0.245361328125
9334,94.1437556296587,114,113,0.01,1.3615331508611377,0.962646484375
9335,83.66954113543034,104,104,0.01,1.4374363800654044,0.928466796875
9336,52.46910643577576,56,55,0.01,1.2482228694217545,0.260009765625
9337,25.653180480003357,28,27,0.01,1.2740414078746523,0.2080078125
9338,82.61107697337866,120,120,0.01,1.3136394714315733,0.966552734375
9339,45.968460381031036,50,49,0.01,1.349012429714203,0.39404296875
9340,95.91582243144512,111,111,0.01,1.34564562047924,0.91650390625
9341,71.7243121266365,78,77,0.01,1.364623880539185,0.568603515625
9342,63.685116827487946,70,69,0.01,1.3233451277017594,0.624267578125
9343,46.361535370349884,49,48,0.01,1.3299106256086,0.409423828125
9344,90.4436007142067,103,102,0.01,1.3300621469043992,0.671875
9345,69.94252496957779,75,74,0.01,1.3269834121068318,0.656494140625
9346,112.90612983703613,126,125,0.01,1.3465230668347978,0.66357421875
9347,22.113523304462433,25,24,0.01,1.2506450080871583,0.29833984375
9348,10.0,12,11,0.01,1.2254294430216153,0.090087890625
9349,107.2149656265974,121,121,0.01,1.310279091035039,0.9619140625
9350,93.66140411049128,126,126,0.01,1.346495347127082,0.968994140625
9351,82.55072432756424,102,101,0.01,1.3258478968751197,0.88525390625
9352,91.03366583585739,99,98,0.01,1.3463329197180391,0.643310546875
9353,94.11403185129166,106,105,0.01,1.235465479909249,0.889404296875
9354,74.94254130125046,82,81,0.01,1.2351913357653268,0.474365234375
9355,33.06858879327774,36,35,0.01,1.1986658109558954,0.234375
9356,65.06149846315384,73,72,0.01,1.2282396085458258,0.52685546875
9357,111.8308222219348,137,137,0.01,1.2323379462217763,0.95556640625
9358,24.655335903167725,27,26,0.01,1.3953324181062203,0.1298828125
9359,91.89538168162107,111,111,0.01,1.2639095646304053,0.95458984375
9360,15.045746684074402,18,17,0.01,1.349731206893921,0.134521484375
9361,76.67294299602509,85,84,0.01,1.268178763109095,0.670654296875
9362,117.40215390920639,134,134,0.01,1.2137416826922502,0.972412109375
9363,100.95277339220047,129,129,0.01,1.2665931205878886,0.93701171875
9364,91.19298577308655,102,101,0.01,1.3632354932088477,0.89111328125
9365,108.33552546054125,141,141,0.01,1.349253257115682,0.912109375
9366,90.58723857998848,109,109,0.01,1.2737839030563285,0.961669921875
9367,36.28423452377319,39,38,0.01,1.3201598632029998,0.333251953125
9368,1.0,3,2,0.01,1.0539054870605469,0.017578125
9369,91.09381049871445,115,115,0.01,1.2608392210110375,0.947998046875
9370,56.01630902290344,74,73,0.01,1.3756407463067286,0.6572265625
9371,69.85617016255856,82,82,0.01,1.2033928043958617,0.97119140625
9372,90.094373524189,111,110,0.01,1.2187907421911084,0.876953125
9373,97.82936881482601,110,110,0.01,1.263082859732888,0.93896484375
9374,9.844124495983124,12,11,0.01,1.461229145526886,0.0830078125
9375,93.10893841087818,114,113,0.01,1.2903436921667635,0.96923828125
9376,82.81008307635784,101,101,0.01,1.3892955558724922,0.950439453125
9377,78.13095337152481,88,87,0.01,1.3904442990368062,0.609619140625
9378,21.500435173511505,24,23,0.01,1.374689898143212,0.126220703125
9379,77.28772488236427,95,94,0.01,1.332169172638341,0.626708984375
9380,46.01727032661438,50,49,0.01,1.2438829779624938,0.347412109375
9381,29.3664191365242,32,31,0.01,1.3976692771539092,0.278564453125
9382,108.82652384787798,137,137,0.01,1.2915759941522222,0.951416015625
9383,109.63501535356045,131,131,0.01,1.3445096407227843,0.917724609375
9384,85.45232185721397,105,105,0.01,1.3185732546306792,0.960693359375
9385,101.09129844605923,120,120,0.01,1.2623192871610323,0.95068359375
9386,81.06089563667774,103,103,0.01,1.3050153410261116,0.969482421875
9387,95.97983425855637,111,110,0.01,1.3306230024711505,0.831787109375
9388,93.53247863054276,105,105,0.01,1.2559762574377513,0.966552734375
9389,101.26473660767078,122,122,0.01,1.308120781036674,0.942138671875
9390,106.62958073616028,127,126,0.01,1.299856318263557,0.904296875
9391,7.0,9,8,0.01,1.1887317167388067,0.032958984375
9392,18.243117809295654,21,20,0.01,1.231530209382375,0.172119140625
9393,97.86362420767546,116,116,0.01,1.3418071922557107,0.972412109375
9394,122.963633954525,147,147,0.01,1.2833999537286305,0.926513671875
9395,104.06237381696701,118,118,0.01,1.3220692590131597,0.931396484375
9396,108.25154541432858,126,126,0.01,1.2871446692281299,0.964111328125
9397,84.21777424961329,102,102,0.01,1.2829883449217852,0.97265625
9398,19.8162562251091,22,21,0.01,1.3932825895872982,0.2216796875
9399,95.02431131899357,119,119,0.01,1.327788300373975,0.954345703125
9400,80.62743479013443,91,91,0.01,1.2381295705889608,0.929443359375
9401,84.53586265444756,97,97,0.01,1.2521631585568498,0.972900390625
9402,-1.0,1,0,0.01,1.550347089767456,0.0
9403,71.84032642841339,84,84,0.01,1.3530844261958486,0.95703125
9404,98.26229977607727,114,114,0.01,1.290579873218871,0.922607421875
9405,96.4268529266119,113,112,0.01,1.2941621299338553,0.93212890625
9406,96.07268187403679,113,113,0.01,1.2345516220130752,0.9462890625
9407,73.18308180570602,82,81,0.01,1.2634456800978358,0.628173828125
9408,90.86397117376328,103,102,0.01,1.3316517324702253,0.78564453125
9409,24.625896990299225,27,26,0.01,1.2410159662917808,0.266845703125
9410,85.42235665023327,106,106,0.01,1.2759908988790691,0.908203125
9411,2.0,4,3,0.01,1.1110000163316727,0.0400390625
9412,86.1868616938591,99,98,0.01,1.2303816742367215,0.634765625
9413,4.0,6,5,0.01,1.4549018144607544,0.03369140625
9414,0.0,2,1,0.01,0.9828511774539948,0.0
9415,7.949490308761597,10,9,0.01,1.5215822815895081,0.05908203125
9416,74.39367191493511,90,90,0.01,1.3317243721750047,0.939208984375
9417,117.66850537061691,134,134,0.01,1.2666842296941956,0.97412109375
9418,97.9782565832138,116,116,0.01,1.1820429239807457,0.960693359375
9419,96.29947105050087,112,112,0.01,1.2700884203825678,0.940673828125
9420,80.22788006067276,87,86,0.01,1.2469653189182281,0.7265625
9421,33.7576048374176,37,36,0.01,1.213304037983353,0.2548828125
9422,11.891993999481201,14,13,0.01,1.2993905799729484,0.07373046875
9423,-1.0,1,0,0.01,1.4820775985717773,0.0
9424,9.96470195055008,12,11,0.01,1.2867469042539597,0.10498046875
9425,81.09319692850113,89,88,0.01,1.185973923360364,0.74169921875
9426,119.27793750166893,141,141,0.01,1.2277590368233673,0.956298828125
9427,92.34744757413864,104,104,0.01,1.2039053746714041,0.986328125
9428,93.94950376451015,114,114,0.01,1.2418929050888932,0.9462890625
9429,86.97827460616827,104,104,0.01,1.2081086260194962,0.94189453125
9430,89.44209080934525,108,107,0.01,1.234485583172904,0.821044921875
9431,83.95149290561676,96,96,0.01,1.2073504061748583,0.96435546875
9432,97.67038758099079,131,131,0.01,1.1424527839394927,0.959228515625
9433,29.240915596485138,32,31,0.01,1.2230541808530688,0.180419921875
9434,85.94922178983688,100,99,0.01,1.1876759304106235,0.864501953125
9435,4.866836369037628,7,6,0.01,1.3086047172546387,0.03369140625
9436,13.885976493358612,16,15,0.01,1.2376759052276611,0.1044921875
9437,94.31116825342178,105,105,0.01,1.1710814774036407,0.86376953125
9438,78.53478918969631,100,100,0.01,1.1122834488749505,0.9501953125
9439,93.40588565170765,106,106,0.01,1.1561753328116435,0.968505859375
9440,101.36027009785175,118,118,0.01,1.0767313845581927,0.9794921875
9441,26.09172213077545,29,28,0.01,1.2440054766063033,0.197509765625
9442,129.7839873433113,150,150,0.01,1.128574725985527,0.918212890625
9443,21.873920917510986,24,23,0.01,1.0739858436087768,0.198974609375
9444,81.65179149061441,95,95,0.01,1.1352710468204399,0.957275390625
9445,102.37360529601574,124,124,0.01,1.1635523347123977,0.905517578125
9446,8.85464060306549,11,10,0.01,1.0930969335816123,0.089111328125
9447,79.0078225582838,95,95,0.01,1.1006135501359637,0.94482421875
9448,117.45498776435852,136,136,0.01,1.0978572180165964,0.85693359375
9449,87.40760089457035,100,100,0.01,1.1194455435872077,0.984619140625
9450,70.04678481817245,92,92,0.01,1.140813740051311,0.941650390625
9451,2.9950592517852783,5,4,0.01,1.3316449522972107,0.016845703125
9452,48.57337963581085,52,51,0.01,1.0932360887527466,0.505615234375
9453,24.34891587495804,27,26,0.01,1.1463828020625644,0.2705078125
9454,128.31746120005846,162,162,0.01,1.17726588341189,0.9716796875
9455,110.62646083533764,125,125,0.01,1.2707305254936219,0.960693359375
9456,10.965295433998108,13,12,0.01,1.1346711814403534,0.05908203125
9457,111.21870554983616,148,148,0.01,1.2812206147087586,0.9453125
9458,81.76177507638931,89,88,0.01,1.2126114261284302,0.653564453125
9459,25.700920045375824,28,27,0.01,1.191045539719718,0.16796875
9460,79.60299867391586,86,86,0.01,1.3251124662022258,0.945556640625
9461,84.222929418087,105,105,0.01,1.1776783358483087,0.91796875
9462,45.690031468868256,51,50,0.01,1.2810093637774973,0.33154296875
9463,96.80889065563679,112,112,0.01,1.165903597005776,0.9765625
9464,64.77094787359238,70,69,0.01,1.0753788986376354,0.6484375
9465,92.47973310947418,108,108,0.01,1.1556220151208065,0.916015625
9466,77.93024888634682,90,90,0.01,1.1768815495901637,0.936767578125
9467,102.56028133630753,119,119,0.01,1.204484166467891,0.94091796875
9468,7.908372163772583,10,9,0.01,0.9984507381916046,0.090576171875
9469,69.95943561196327,79,79,0.01,1.0826518935493277,0.951416015625
9470,28.276004314422607,31,30,0.01,1.0891545837925327,0.22705078125
9471,85.46402323246002,94,93,0.01,1.1777196951369022,0.655029296875
9472,95.27529076486826,120,120,0.01,1.1565756857395173,0.926025390625
9473,92.13337868452072,108,107,0.01,1.087870163222154,0.908935546875
9474,96.43982132524252,109,109,0.01,1.1187365481612879,0.963134765625
9475,17.628331661224365,20,19,0.01,1.184437280893326,0.089599609375
9476,90.37869071215391,122,122,0.01,1.118501501005204,0.94873046875
9477,107.5922001004219,122,122,0.01,1.1605550014093273,0.906494140625
9478,1.0,3,2,0.01,1.5393429199854534,0.015380859375
9479,94.37977558374405,104,103,0.01,1.1390292117228875,0.81689453125
9480,44.0085671544075,48,47,0.01,1.1948358751833439,0.36669921875
9481,96.88469105958939,110,109,0.01,1.2021507358009165,0.778564453125
9482,-1.0,1,0,0.01,1.2831310033798218,0.0
9483,92.9699379876256,112,112,0.01,1.1678993222968919,0.950927734375
9484,89.4713399708271,106,106,0.01,1.1321093603125159,0.955322265625
9485,33.85786432027817,37,36,0.01,1.0645178387293945,0.37158203125
9486,44.89701950550079,50,49,0.01,1.1165225505828857,0.347412109375
9487,53.16188555955887,59,58,0.01,1.1557669599177474,0.282958984375
9488,96.32000225782394,110,110,0.01,1.1625294373794035,0.956298828125
9489,59.55660438537598,66,65,0.01,1.1569986767841107,0.5517578125
9490,40.998084366321564,44,43,0.01,1.0812951468608596,0.325927734375
9491,90.9961608350277,121,121,0.01,1.1074869590849916,0.9541015625
9492,101.1958095356822,122,122,0.01,1.1060155757137986,0.943115234375
9493,97.24101710319519,112,112,0.01,1.0891375444563371,0.962158203125
9494,45.41045302152634,50,49,0.01,1.0873863756656648,0.36865234375
9495,89.2072319984436,99,99,0.01,1.1139797926551165,0.912353515625
9496,108.81110236793756,123,123,0.01,1.117450462851098,0.9814453125
9497,117.04518664628267,148,148,0.01,1.1179239127684284,0.9375
9498,103.14552365988493,123,123,0.01,1.1624234284811872,0.935791015625
9499,89.7533525004983,108,108,0.01,1.1482069804160684,0.94921875
9500,83.36088036000729,106,106,0.01,1.1631222496617515,0.95361328125
9501,7.935778737068176,10,9,0.01,1.1270606756210326,0.03125
9502,68.4079093337059,75,74,0.01,1.1570931343237558,0.573486328125
9503,92.2435564249754,108,108,0.01,1.1522783228644617,0.927490234375
9504,3.0,5,4,0.01,0.9865050315856934,0.018798828125
9505,100.0315927118063,121,121,0.01,1.151044953706836,0.948974609375
9506,21.550644099712372,24,23,0.01,1.2277943827211857,0.17138671875
9507,110.7359150648117,133,133,0.01,1.1357410336123372,0.93212890625
9508,71.96287196874619,77,76,0.01,1.1215844686542238,0.63916015625
9509,69.30087405443192,76,75,0.01,1.1191106603333825,0.61328125
9510,27.561707258224487,30,29,0.01,1.1591077427069345,0.216796875
9511,103.84933586418629,123,123,0.01,1.1974193446519898,0.9208984375
9512,71.14470347762108,89,89,0.01,1.1823909590753277,0.9365234375
9513,20.650033473968506,23,22,0.01,1.0638785362243652,0.16064453125
9514,-1.0,1,0,0.01,0.9414578676223755,0.0
9515,89.78836227953434,108,108,0.01,1.1115284429656134,0.9140625
9516,110.9325994849205,123,123,0.01,1.1088971965681247,0.90625
9517,89.00198302417994,104,104,0.01,1.0826489131611128,0.936767578125
9518,86.79795378446579,102,102,0.01,1.194152502452626,0.932373046875
9519,121.36067986488342,141,141,0.01,1.1651911555875278,0.910400390625
9520,104.98055346310139,130,129,0.01,1.1389053312631754,0.948974609375
9521,21.19030886888504,24,23,0.01,1.1062453215320904,0.14990234375
9522,100.71173468977213,119,119,0.01,1.1646330143724168,0.965087890625
9523,1.0,3,2,0.01,1.4407211542129517,0.0
9524,99.20131599903107,120,120,0.01,1.1841064314047496,0.9443359375
9525,58.71112048625946,64,63,0.01,1.20118427160196,0.466796875
9526,93.91514167189598,109,109,0.01,1.2003218651911534,0.95947265625
9527,108.7493611574173,119,119,0.01,1.1689961871930532,0.947509765625
9528,108.5499089807272,126,126,0.01,1.1573229328034416,0.972900390625
9529,97.07477337867022,119,118,0.01,1.2008047562186457,0.9609375
9530,107.09161383658648,135,135,0.01,1.211586030986574,0.938232421875
9531,101.55508291721344,117,117,0.01,1.2788540861036024,0.935302734375
9532,85.62176859378815,97,96,0.01,1.2128622534963274,0.807861328125
9533,99.15409818291664,117,117,0.01,1.1765700405479496,0.955078125
9534,80.2005826830864,93,92,0.01,1.1883656626106591,0.8017578125
9535,81.5195195376873,97,97,0.01,1.1305164584179515,0.927734375
9536,36.044202983379364,39,38,0.01,1.1654729369359138,0.273681640625
9537,90.3402741253376,109,109,0.01,1.0640235915096528,0.928466796875
9538,105.44209285080433,142,141,0.01,1.1488340868496558,0.943359375
9539,105.86946783959866,126,126,0.01,1.1946262097547924,0.961669921875
9540,110.32614368200302,121,120,0.01,1.2526213689283892,0.711669921875
9541,52.81703424453735,57,56,0.01,1.2833237083334672,0.39453125
9542,102.79876057803631,120,120,0.01,1.2980311495562395,0.95654296875
9543,-1.0,1,0,0.01,0.6045936346054077,0.0
9544,5.996016979217529,8,7,0.01,1.5457212999463081,0.020263671875
9545,87.21703833341599,102,101,0.01,1.311184201462596,0.839111328125
9546,95.03168043494225,123,123,0.01,1.143783784978758,0.935302734375
9547,94.24451807141304,115,115,0.01,1.2325218205866606,0.961669921875
9548,72.93663620948792,80,79,0.01,1.1844669852405787,0.71240234375
9549,69.83884197473526,82,81,0.01,1.285075307619281,0.60205078125
9550,17.771032691001892,20,19,0.01,1.0498225003480912,0.150146484375
9551,99.25918090343475,115,115,0.01,1.2316720921060313,0.9697265625
9552,5.969735205173492,8,7,0.01,1.0354537442326546,0.045166015625
9553,98.68888863921165,112,112,0.01,1.1679626371977585,0.9384765625
9554,51.79784870147705,57,56,0.01,1.2097938050303543,0.3984375
9555,102.77373778820038,122,121,0.01,1.2150307874210546,0.93115234375
9556,60.7000834941864,68,67,0.01,1.1460398799356293,0.771728515625
9557,100.51717984676361,118,118,0.01,1.1687503856117443,0.97119140625
9558,106.15026490390301,134,134,0.01,1.2983642338371988,0.947998046875
9559,90.91874457150698,110,110,0.01,1.251316766034473,0.9775390625
9560,45.63550329208374,49,48,0.01,1.2340128190663395,0.376708984375
9561,29.769431591033936,33,32,0.01,1.1793830168969703,0.248779296875
9562,22.648951590061188,25,24,0.01,1.3135498642921448,0.225830078125
9563,5.947860240936279,8,7,0.01,0.9410181120038033,0.041259765625
9564,95.10895444452763,109,109,0.01,1.1835033579157033,0.979736328125
9565,4.983887791633606,7,6,0.01,0.9598363297326225,0.008056640625
9566,93.4009275585413,107,107,0.01,1.2204945828313025,0.93701171875
9567,74.65926361083984,80,79,0.01,1.110308476164937,0.6416015625
9568,93.50801014900208,109,108,0.01,1.1679220213255752,0.77587890625
9569,81.51213592290878,93,93,0.01,1.2825373202882788,0.943359375
9570,89.42775654792786,110,110,0.01,1.1451380032030019,0.967529296875
9571,104.19305128604174,129,129,0.01,1.2062275446662607,0.96826171875
9572,14.662008106708527,17,16,0.01,1.2094606406548445,0.1220703125
9573,84.01429533958435,90,89,0.01,1.2400690618488523,0.712158203125
9574,84.69542044401169,92,92,0.01,1.249286993690159,0.978759765625
9575,102.52483373880386,115,115,0.01,1.1989354074001313,0.876708984375
9576,93.69958670437336,121,120,0.01,1.2241119429592258,0.9208984375
9577,103.19524212181568,139,139,0.01,1.21526512546505,0.93798828125
9578,9.78285551071167,12,11,0.01,1.2696140855550766,0.047119140625
9579,104.88774098455906,113,113,0.01,1.1909100289365886,0.9775390625
9580,88.94419264793396,111,111,0.01,1.2230255144673425,0.922607421875
9581,0.0,2,1,0.01,1.1572719812393188,0.00537109375
9582,82.89323854446411,89,88,0.01,1.331709830948476,0.653076171875
9583,84.55479396879673,100,100,0.01,1.1477892649173738,0.943603515625
9584,105.05127813667059,136,136,0.01,1.297084232463556,0.9765625
9585,42.56749051809311,45,44,0.01,1.1149298336770799,0.407958984375
9586,28.354470014572144,31,30,0.01,1.3231643399884623,0.297119140625
9587,39.77522963285446,43,42,0.01,1.304283904474835,0.321533203125
9588,-1.0,1,0,0.01,1.2922358512878418,0.0
9589,11.900858879089355,14,13,0.01,1.2996166050434113,0.116943359375
9590,85.4936054572463,101,101,0.01,1.2611011071960525,0.976318359375
9591,21.507302343845367,24,23,0.01,1.2308223955333233,0.066650390625
9592,104.1731741130352,123,122,0.01,1.2301361572936298,0.944091796875
9593,99.82164446264505,130,130,0.01,1.265053500349705,0.93896484375
9594,89.74586655199528,108,108,0.01,1.2673165541556146,0.9541015625
9595,81.34485690295696,95,95,0.01,1.188036211227116,0.96484375
9596,108.71167293190956,129,128,0.01,1.204139684175336,0.95703125
9597,3.817157506942749,6,5,0.01,1.3736478885014851,0.03125
9598,80.4103452861309,94,94,0.01,1.1808061244639945,0.885986328125
9599,59.772894501686096,66,65,0.01,1.2001383625196689,0.76123046875
9600,89.51580407470465,111,111,0.01,1.2046138671067383,0.953857421875
9601,26.41298484802246,29,28,0.01,1.1925344991272893,0.284912109375
9602,84.4398994743824,98,98,0.01,1.226320063581272,0.94091796875
9603,115.76476347446442,132,132,0.01,1.226340475633289,0.986572265625
9604,96.30013078451157,110,109,0.01,1.1791914522647857,0.67041015625
9605,49.922421514987946,53,52,0.01,1.066205493121777,0.33447265625
9606,121.27868121862411,140,140,0.01,1.192516967867102,0.893310546875
9607,97.56661379337311,128,128,0.01,1.2393286651931703,0.94140625
9608,65.56899571418762,75,74,0.01,1.2337161246935526,0.546630859375
9609,14.503666281700134,17,16,0.01,1.147877821150948,0.08837890625
9610,95.08583578467369,135,135,0.01,1.2417467260802233,0.905517578125
9611,74.77550268173218,94,94,0.01,1.2045717252061723,0.90087890625
9612,10.626764595508575,13,12,0.01,1.3024608997198253,0.08740234375
9613,62.57378649711609,67,66,0.01,1.2963622221306188,0.420654296875
9614,98.91441830992699,123,123,0.01,1.263548638520202,0.927001953125
9615,26.43183594942093,29,28,0.01,1.1926139367037807,0.324951171875
9616,92.4412728920579,111,111,0.01,1.2682356267899006,0.9462890625
9617,87.15667767822742,111,111,0.01,1.250308005122451,0.9560546875
9618,75.51496767997742,84,83,0.01,1.2067570459275019,0.548828125
9619,87.7492516040802,96,95,0.01,1.233682959030072,0.613525390625
9620,93.87806417047977,110,110,0.01,1.1785219062458385,0.977783203125
9621,42.6390985250473,46,45,0.01,1.264445370954016,0.302001953125
9622,108.1277442574501,127,126,0.01,1.1499750006386613,0.84912109375
9623,101.34027713537216,118,118,0.01,1.2256701007737951,0.92919921875
9624,27.591735541820526,30,29,0.01,1.4204448958237965,0.20068359375
9625,33.91306793689728,37,36,0.01,1.1765990861364313,0.226318359375
9626,99.31750689446926,113,113,0.01,1.258352485641969,0.93701171875
9627,93.64500880241394,108,107,0.01,1.1927315429956824,0.77783203125
9628,90.85205042362213,101,100,0.01,1.2755832621956815,0.865966796875
9629,91.12285699695349,121,121,0.01,1.3026212239561001,0.967041015625
9630,100.40498387813568,112,112,0.01,1.2410294964377369,0.974609375
9631,98.08513045310974,113,113,0.01,1.2913796126315025,0.949462890625
9632,89.6114112585783,110,110,0.01,1.1716097686778415,0.915283203125
9633,85.90819205343723,104,104,0.01,1.229035001534682,0.927490234375
9634,20.7220299243927,23,22,0.01,1.390758859074634,0.190185546875
9635,101.70947895944118,120,120,0.01,1.1830887623131274,0.975830078125
9636,78.47783002257347,91,91,0.01,1.2438797583946815,0.947021484375
9637,-1.0,1,0,0.01,0.7729570865631104,0.0
9638,95.13931189477444,116,116,0.01,1.2189308448598302,0.924560546875
9639,51.25315022468567,55,54,0.01,1.2576191392811862,0.631591796875
9640,74.13210640847683,91,91,0.01,1.1833558128430293,0.925537109375
9641,101.23522670567036,118,118,0.01,1.3015315520056223,0.97998046875
9642,122.78459734469652,156,156,0.01,1.2780255707792747,0.958984375
9643,85.83437484502792,101,100,0.01,1.2204285390896372,0.6953125
9644,83.27963349223137,91,91,0.01,1.2169399251649669,0.95849609375
9645,103.72027899324894,126,126,0.01,1.1240427600485938,0.947509765625
9646,96.97008252888918,127,127,0.01,1.1776721181831962,0.96533203125
9647,73.7479692697525,92,91,0.01,1.184841593970423,0.70947265625
9648,103.86354301869869,120,120,0.01,1.1701070499916872,0.9501953125
9649,48.7499418258667,54,53,0.01,1.1515916806680184,0.364990234375
9650,109.91879142820835,121,121,0.01,1.1640369273906896,0.906005859375
9651,31.2552387714386,35,34,0.01,1.1101869761943817,0.273193359375
9652,87.10296393930912,104,104,0.01,1.1618632923525114,0.9716796875
9653,73.82957346737385,93,93,0.01,1.1946720692419237,0.962890625
9654,109.473786637187,126,126,0.01,1.2157943809316272,0.98095703125
9655,84.28516620397568,91,90,0.01,1.1857113674446778,0.624267578125
9656,30.41737312078476,33,32,0.01,1.07689066547336,0.367431640625
9657,100.55281455814838,129,129,0.01,1.1793799864691357,0.954345703125
9658,91.76209771633148,104,103,0.01,1.1629391725246723,0.780517578125
9659,25.506324350833893,28,27,0.01,1.2171934736626489,0.269287109375
9660,99.89718535542488,115,115,0.01,1.160736195937447,0.96337890625
9661,61.45732367038727,66,65,0.01,1.1918644001989653,0.51513671875
9662,3.0,5,4,0.01,0.9205818355083466,0.00439453125
9663,0.0,2,1,0.01,1.5792973041534424,0.015869140625
9664,102.83162723481655,131,131,0.01,1.0175404797756036,0.9521484375
9665,65.15579891204834,73,72,0.01,1.183732535128724,0.701171875
9666,98.81069718301296,112,112,0.01,1.157301768394453,0.98388671875
9667,54.98928493261337,63,62,0.01,1.095795831509999,0.52001953125
9668,117.94496902823448,131,131,0.01,1.1908760491673274,0.95703125
9669,107.9604529812932,140,140,0.01,1.128313917347363,0.96240234375
9670,20.32445877790451,23,22,0.01,1.0637534908626392,0.1376953125
9671,92.86771387606859,119,119,0.01,1.176129154297484,0.944091796875
9672,99.47553387284279,117,116,0.01,1.1065197571730003,0.9599609375
9673,88.5391234010458,105,105,0.01,1.2009560116699765,0.93896484375
9674,86.2403314113617,99,99,0.01,1.1365516393473654,0.96337890625
9675,87.68050776422024,97,97,0.01,1.1188747744584822,0.935791015625
9676,103.68329671025276,127,126,0.01,1.1626666289145553,0.94580078125
9677,101.22129613161087,120,120,0.01,1.2350069887936115,0.952392578125
9678,83.76940581202507,96,96,0.01,1.0988054259990652,0.91552734375
9679,97.3837083876133,123,122,0.01,1.1450631584578412,0.92822265625
9680,86.64149695634842,96,95,0.01,1.1103828316554427,0.770751953125
9681,92.58695001900196,114,114,0.01,1.1342598686092777,0.947265625
9682,59.61842006444931,66,65,0.01,1.1789559595512622,0.442626953125
9683,84.34449347108603,118,117,0.01,1.2086946077771106,0.96826171875
9684,86.33313244581223,102,102,0.01,1.203170312385933,0.950927734375
9685,8.0,10,9,0.01,1.0718474388122559,0.120361328125
9686,95.71406316757202,123,123,0.01,1.164218327378839,0.958251953125
9687,98.46068102121353,111,111,0.01,1.2292714591498848,0.96533203125
9688,27.457901060581207,30,29,0.01,1.183607609073321,0.180419921875
9689,104.87181240320206,119,119,0.01,1.1443012158910768,0.970947265625
9690,36.3418545126915,39,38,0.01,1.1463399116809552,0.19873046875
9691,111.12634716928005,130,130,0.01,1.1826397102612716,0.94091796875
9692,38.38189631700516,43,42,0.01,1.1906214716822603,0.3095703125
9693,42.6173158288002,46,45,0.01,1.2749858783638996,0.381591796875
9694,92.20786587893963,101,101,0.01,1.229023717122503,0.964111328125
9695,107.28698122501373,133,133,0.01,1.2130179082540642,0.95361328125
9696,82.75289399921894,105,104,0.01,1.1857162674268087,0.94482421875
9697,81.87028184533119,92,92,0.01,1.2040858489015829,0.960693359375
9698,113.32286190986633,138,138,0.01,1.1518540773270787,0.91650390625
9699,76.10499607026577,91,90,0.01,1.1977052649298867,0.957275390625
9700,62.93062502145767,68,67,0.01,1.2943533702808268,0.574462890625
9701,0.0,2,1,0.01,1.270763874053955,0.0
9702,63.52061170339584,70,69,0.01,1.2455910899809428,0.479248046875
9703,54.11640149354935,57,56,0.01,1.2126779692214833,0.44091796875
9704,65.33129274845123,70,69,0.01,1.1337837542806353,0.49609375
9705,71.37739977240562,91,91,0.01,1.189817141700577,0.9609375
9706,51.7907292842865,56,55,0.01,1.1038665026426315,0.34228515625
9707,109.3603003397584,128,128,0.01,1.2006325230468065,0.931640625
9708,85.16082274913788,105,105,0.01,1.1151960321835108,0.924072265625
9709,1.0,3,2,0.01,1.3057132959365845,0.04345703125
9710,115.1120477616787,140,140,0.01,1.143498835819108,0.92529296875
9711,70.04643350094557,83,83,0.01,1.1688690537429718,0.94970703125
9712,93.52110993862152,110,109,0.01,1.2051444657824255,0.833251953125
9713,62.65895588696003,77,76,0.01,1.2477357105001228,0.966064453125
9714,53.3111070394516,59,58,0.01,1.1935830308219133,0.466064453125
9715,62.18410110473633,67,66,0.01,1.0564208279794722,0.727783203125
9716,108.01487205922604,128,128,0.01,1.2246362692676485,0.94921875
9717,97.51418450474739,112,112,0.01,1.119683712720871,0.950927734375
9718,50.22964817285538,57,56,0.01,1.1424685842112492,0.571533203125
9719,95.42227365076542,114,113,0.01,1.1667002306172722,0.94775390625
9720,93.55430294573307,113,112,0.01,1.1809025852553612,0.91845703125
9721,99.00843328237534,125,125,0.01,1.1821953172683717,0.938232421875
9722,116.29370114952326,144,143,0.01,1.171750072389841,0.915771484375
9723,50.230225920677185,54,53,0.01,1.1527216583490372,0.47412109375
9724,38.15399354696274,42,41,0.01,1.2053946866875602,0.34521484375
9725,65.1197669506073,71,70,0.01,1.2386967455837088,0.570068359375
9726,81.62072862684727,107,106,0.01,1.1665385201155583,0.9462890625
9727,103.43858094513416,120,119,0.01,1.1979980277518432,0.943603515625
9728,55.10367405414581,61,60,0.01,1.1372831009450506,0.483642578125
9729,0.0,2,1,0.01,1.256225347518921,0.001220703125
9730,46.673552215099335,51,50,0.01,1.0989591105311525,0.291259765625
9731,106.0895124077797,143,142,0.01,1.1997409214923431,0.919189453125
9732,92.84497368335724,111,110,0.01,1.2903684713282026,0.9404296875
9733,57.04661214351654,63,62,0.01,1.1472854694676777,0.498291015625
9734,83.80281648039818,102,102,0.01,1.1554046336050128,0.9384765625
9735,71.11540251970291,78,77,0.01,1.320198926406029,0.629638671875
9736,94.94565041363239,123,123,0.01,1.2344397124720783,0.9189453125
9737,119.81481502950191,143,143,0.01,1.1811661714023642,0.940185546875
9738,98.73495565354824,120,120,0.01,1.2018958802024524,0.930419921875
9739,108.72630640864372,142,141,0.01,1.1678683554202738,0.925537109375
9740,112.66043972969055,129,129,0.01,1.2344087614107502,0.906005859375
9741,89.91074633598328,111,110,0.01,1.1794139624715925,0.9580078125
9742,98.40570804476738,123,122,0.01,1.1466717620690663,0.946533203125
9743,81.65925794839859,92,91,0.01,1.2307620278519134,0.777587890625
9744,73.20841783285141,79,78,0.01,1.2615406015251256,0.599853515625
9745,27.546020090579987,31,30,0.01,1.291609658348945,0.130615234375
9746,100.36325286328793,113,113,0.01,1.151563910652051,0.94482421875
9747,90.35263822972775,104,104,0.01,1.2142663351618326,0.96875
9748,32.032247960567474,35,34,0.01,1.2224702102797371,0.289794921875
9749,70.1806889474392,87,86,0.01,1.3105877634437604,0.91455078125
9750,92.73311731219292,118,117,0.01,1.1805429617732257,0.93701171875
9751,40.317007184028625,46,45,0.01,1.2734633729509686,0.283203125
9752,82.90934497117996,95,94,0.01,1.1553082632391076,0.9306640625
9753,101.68000718951225,122,122,0.01,1.1446442328027038,0.88330078125
9754,108.62429288029671,119,118,0.01,1.2265849927393329,0.96240234375
9755,101.19771844893694,125,125,0.01,1.144259750843048,0.93994140625
9756,94.37237650156021,113,112,0.01,1.0955769519890304,0.75048828125
9757,26.691848754882812,29,28,0.01,1.3108675212695682,0.242431640625
9758,86.92859736084938,109,108,0.01,1.0732849606680215,0.9541015625
9759,29.179011404514313,32,31,0.01,1.1329116653651,0.202392578125
9760,10.908646821975708,13,12,0.01,1.1520126599531908,0.09521484375
9761,26.442085027694702,29,28,0.01,1.2064551032822708,0.188232421875
9762,86.56928306818008,95,94,0.01,1.1728670753930743,0.782958984375
9763,92.94095735996962,119,118,0.01,1.2046733137940158,0.9130859375
9764,14.820520579814911,17,16,0.01,1.2170175822342144,0.121826171875
9765,108.39821135997772,132,132,0.01,1.1230969241622724,0.970703125
9766,39.50410068035126,42,41,0.01,1.0431346041815621,0.394775390625
9767,105.75911247730255,116,116,0.01,1.177208197014085,0.928955078125
9768,85.40030486881733,98,98,0.01,1.2302808159468126,0.94384765625
9769,104.74638611078262,120,120,0.01,1.2462262178460757,0.93017578125
9770,101.92929212749004,132,132,0.01,1.2313497107137332,0.92626953125
9771,93.3695218116045,120,119,0.01,1.2035647630691528,0.950439453125
9772,98.24964049458504,118,118,0.01,1.2408614575357761,0.962890625
9773,89.75232201814651,96,95,0.01,1.1862024888396263,0.710205078125
9774,88.22876209020615,104,103,0.01,1.2194296571497734,0.953369140625
9775,102.75022304058075,122,121,0.01,1.219332156855552,0.95361328125
9776,102.28159275650978,115,114,0.01,1.1961182454357977,0.9658203125
9777,1.0,3,2,0.01,0.9648196697235107,0.0146484375
9778,46.289165675640106,50,49,0.01,1.3386595165729522,0.310302734375
9779,84.98640465736389,94,93,0.01,1.231638864633885,0.966552734375
9780,1.923669695854187,4,3,0.01,1.6302006244659424,0.032958984375
9781,41.10859555006027,45,44,0.01,1.123026857111189,0.2841796875
9782,47.121267318725586,51,50,0.01,1.1502692927332485,0.371337890625
9783,89.25129252672195,105,104,0.01,1.189142578556424,0.953125
9784,87.08332823961973,110,110,0.01,1.0872410530393775,0.94580078125
9785,47.442295253276825,50,49,0.01,1.2126408088207246,0.28173828125
9786,61.9879270195961,71,70,0.01,1.2263357899558376,0.70166015625
9787,101.30720600485802,118,117,0.01,1.232940244725195,0.87158203125
9788,3.0,5,4,0.01,1.1533228278160095,0.032958984375
9789,86.12793105840683,103,102,0.01,1.236506164073944,0.951416015625
9790,111.92537161707878,128,128,0.01,1.2250124155543745,0.96435546875
9791,14.834751844406128,17,16,0.01,1.2467612133306616,0.080078125
9792,82.7602413892746,89,88,0.01,1.264739673459128,0.63330078125
9793,116.8139074742794,137,137,0.01,1.2106926375932068,0.953857421875
9794,88.29548744857311,105,104,0.01,1.18739414924667,0.924072265625
9795,101.46370621025562,118,118,0.01,1.267948497402466,0.972412109375
9796,113.71813347935677,136,136,0.01,1.224682919900207,0.907958984375
9797,57.944585740566254,62,61,0.01,1.167071817863372,0.276611328125
9798,104.69105064868927,114,114,0.01,1.2005505731754136,0.96435546875
9799,110.38891814649105,130,129,0.01,1.1878516573172349,0.952880859375
9800,32.38467836380005,36,35,0.01,1.077309216062228,0.24951171875
9801,39.037934720516205,42,41,0.01,1.1531474001350857,0.384521484375
9802,105.2776527106762,132,131,0.01,1.2720631936734372,0.892333984375
9803,22.725749611854553,25,24,0.01,1.2044090127944946,0.17236328125
9804,97.4722388535738,119,118,0.01,1.1287841461285824,0.908935546875
9805,102.52859942615032,133,132,0.01,1.1967249181037558,0.93798828125
9806,83.99206411838531,100,100,0.01,1.2270877599716186,0.902587890625
9807,98.50551772117615,113,112,0.01,1.2497329152790846,0.95556640625
9808,133.91580678522587,156,155,0.01,1.1517916839474287,0.966064453125
9809,112.62552362680435,127,127,0.01,1.2466446255135724,0.9345703125
9810,89.43066518008709,113,112,0.01,1.2351833162582027,0.864990234375
9811,46.13081854581833,50,49,0.01,1.2197463804483413,0.462646484375
9812,112.44578452408314,133,133,0.01,1.2071444224146075,0.94482421875
9813,86.75801269710064,111,110,0.01,1.2673222940784317,0.954345703125
9814,41.80786120891571,45,44,0.01,1.2326545000076294,0.456298828125
9815,74.9093227237463,108,107,0.01,1.2440387005055393,0.942138671875
9816,44.856366991996765,48,47,0.01,1.1762968109299738,0.40380859375
9817,23.030885994434357,26,25,0.01,1.2045072385898004,0.135498046875
9818,93.62143741548061,112,111,0.01,1.2155779475080115,0.9541015625
9819,98.77178704738617,131,130,0.01,1.3087229724148757,0.9208984375
9820,85.3216892182827,97,97,0.01,1.309577126785652,0.967041015625
9821,90.0984269529581,114,113,0.01,1.2589077884167956,0.934326171875
9822,92.41276681423187,121,120,0.01,1.342078120994174,0.877197265625
9823,104.4224955290556,125,125,0.01,1.2973504331111907,0.949951171875
9824,35.545358538627625,39,38,0.01,1.3638170055854015,0.254638671875
9825,107.67296580970287,136,135,0.01,1.2843630175818415,0.9521484375
9826,83.70153971016407,101,101,0.01,1.2587119755473468,0.9716796875
9827,10.593683540821075,13,12,0.01,1.0627016769005702,0.04052734375
9828,98.57173477113247,118,118,0.01,1.3690671481318393,0.9521484375
9829,103.51141838729382,128,128,0.01,1.3907792153768241,0.944091796875
9830,13.896601974964142,16,15,0.01,1.359844759106636,0.13037109375
9831,94.11481982469559,111,111,0.01,1.4139365237038415,0.955322265625
9832,54.87652951478958,59,58,0.01,1.298750289415909,0.386474609375
9833,41.351337254047394,45,44,0.01,1.221305008729299,0.41943359375
9834,105.04778799414635,119,119,0.01,1.3716919802817977,0.909423828125
9835,35.194929003715515,38,37,0.01,1.437583686489808,0.2646484375
9836,91.22187885642052,109,109,0.01,1.2527247664578465,0.972900390625
9837,46.27159762382507,49,48,0.01,1.2101736622197288,0.35400390625
9838,90.56569847464561,114,114,0.01,1.2455013723749864,0.93701171875
9839,97.4523047208786,113,113,0.01,1.2394889582574895,0.952392578125
9840,109.51012805849314,138,138,0.01,1.2761473576875701,0.9580078125
9841,7.848731100559235,10,9,0.01,1.7520475387573242,0.04443359375
9842,99.7566581144929,121,121,0.01,1.3478971988209023,0.947265625
9843,107.5369833111763,122,121,0.01,1.2594991617026876,0.749755859375
9844,41.984348595142365,45,44,0.01,1.2885218461354573,0.312255859375
9845,109.66155728697777,135,135,0.01,1.3532317698001861,0.962158203125
9846,81.82765588909388,103,103,0.01,1.3081260413220785,0.964111328125
9847,70.79602926969528,78,78,0.01,1.2798821738897226,0.9736328125
9848,95.11741952598095,120,120,0.01,1.3507283675173918,0.9638671875
9849,94.43492633104324,120,119,0.01,1.3307894160350164,0.865966796875
9850,41.57327872514725,45,44,0.01,1.394067206647661,0.40625
9851,81.74633394181728,98,98,0.01,1.2221294525934725,0.954833984375
9852,-1.0,1,0,0.01,1.5664458274841309,0.0
9853,35.93860900402069,39,38,0.01,1.37546371955138,0.367919921875
9854,92.70736179500818,128,128,0.01,1.2888788792770356,0.919677734375
9855,53.70517462491989,59,58,0.01,1.16428478693558,0.458740234375
9856,10.947989583015442,13,12,0.01,1.4044780226854177,0.084716796875
9857,107.59167485684156,137,137,0.01,1.2338660931500205,0.949951171875
9858,95.63509610295296,113,113,0.01,1.283298723201836,0.983154296875
9859,85.37267312407494,103,102,0.01,1.3283140262932454,0.8427734375
9860,38.89631539583206,42,41,0.01,1.3727038999398549,0.323486328125
9861,13.821412146091461,16,15,0.01,1.443564921617508,0.075927734375
9862,93.20209568738937,108,108,0.01,1.2627071898292612,0.93603515625
9863,103.08389285951853,132,132,0.01,1.272149606410301,0.955810546875
9864,109.32666465640068,125,125,0.01,1.2881852445602417,0.952392578125
9865,16.60921347141266,19,18,0.01,1.5964539239281101,0.1298828125
9866,33.2272047996521,36,35,0.01,1.2789213756720226,0.224365234375
9867,11.81065720319748,14,13,0.01,1.2534763302121843,0.115478515625
9868,50.28419613838196,55,54,0.01,1.2958632880991154,0.4677734375
9869,111.06734898686409,132,132,0.01,1.3449925737399044,0.93896484375
9870,73.55338525772095,88,87,0.01,1.2791622667150064,0.761962890625
9871,83.57908889651299,103,103,0.01,1.249290141087134,0.95849609375
9872,3.0,5,4,0.01,1.578951930999756,0.01953125
9873,28.743392825126648,31,30,0.01,1.3534882991544661,0.39453125
9874,27.58258819580078,30,29,0.01,1.456729918718338,0.227783203125
9875,106.89140225201845,132,132,0.01,1.2715043678428188,0.968994140625
9876,90.55458238720894,105,105,0.01,1.3507082411221096,0.9453125
9877,9.929682731628418,12,11,0.01,1.3231430153052013,0.05908203125
9878,63.38990217447281,68,67,0.01,1.3202737679376322,0.6162109375
9879,108.79455296695232,124,124,0.01,1.253085553165405,0.903076171875
9880,107.8222206234932,124,123,0.01,1.3587993448299747,0.9560546875
9881,87.88710580766201,111,111,0.01,1.2184087059519313,0.96484375
9882,44.45971840620041,48,47,0.01,1.278541874140501,0.351318359375
9883,53.171256482601166,57,56,0.01,1.265160998754334,0.4501953125
9884,73.10911901295185,117,117,0.01,1.2630710201895134,0.936767578125
9885,97.64088811725378,119,119,0.01,1.292380509757194,0.969482421875
9886,101.24686160683632,119,119,0.01,1.3451439755804397,0.963134765625
9887,88.97499293088913,114,114,0.01,1.2549140027217698,0.959228515625
9888,80.8987694233656,98,98,0.01,1.2367262974077342,0.984130859375
9889,32.277276158332825,35,34,0.01,1.3370343123163495,0.17578125
9890,43.24172568321228,47,46,0.01,1.351291929787778,0.3408203125
9891,14.834601402282715,17,16,0.01,1.2474668481770683,0.120361328125
9892,74.12249279022217,79,78,0.01,1.3314273180086402,0.707275390625
9893,83.44501656293869,102,102,0.01,1.2305421379267,0.983642578125
9894,98.77773162722588,115,115,0.01,1.333021067795546,0.95458984375
9895,99.3567626029253,113,113,0.01,1.3328703644528854,0.971923828125
9896,83.46795036643744,101,101,0.01,1.3680847225212815,0.980224609375
9897,102.34882515668869,125,125,0.01,1.2635148270130157,0.93505859375
9898,28.657946407794952,31,30,0.01,1.4094962073910622,0.248291015625
9899,90.1137815117836,106,106,0.01,1.2604379811376896,0.97900390625
9900,43.14103299379349,47,46,0.01,1.2271957283324384,0.313720703125
9901,112.48540169745684,140,140,0.01,1.2865052734102522,0.949951171875
9902,81.83204194903374,95,95,0.01,1.2989363513494794,0.9462890625
9903,87.27743934094906,104,104,0.01,1.2299996153093302,0.978515625
9904,105.41315388679504,123,122,0.01,1.24224448179811,0.931884765625
9905,98.24693331122398,121,121,0.01,1.306495039054185,0.9140625
9906,12.86726063489914,15,14,0.01,1.3249483982721963,0.087158203125
9907,112.25738714635372,139,139,0.01,1.3067829844762953,0.9658203125
9908,107.82745549082756,125,125,0.01,1.3157414395809173,0.900390625
9909,1.0,3,2,0.01,1.6767831643422444,0.019287109375
9910,19.461810410022736,22,21,0.01,1.3193024451082402,0.20263671875
9911,69.55746686458588,76,75,0.01,1.4042043423182087,0.6357421875
9912,39.705035626888275,43,42,0.01,1.232623891081921,0.357177734375
9913,104.35776709765196,128,128,0.01,1.2407657857984304,0.96435546875
9914,97.89526446163654,118,118,0.01,1.247825180827561,0.96630859375
9915,92.93275663256645,104,104,0.01,1.2893022187054157,0.883056640625
9916,99.3701203763485,118,118,0.01,1.2883166494005818,0.927001953125
9917,91.05298109352589,110,109,0.01,1.2983113386414267,0.933837890625
9918,95.59286168217659,108,108,0.01,1.3357492114106815,0.947998046875
9919,44.63553309440613,48,47,0.01,1.2725720877448718,0.346923828125
9920,23.154378414154053,26,25,0.01,1.3977699027611659,0.13037109375
9921,48.10478091239929,53,52,0.01,1.165104792927796,0.414794921875
9922,57.776659429073334,63,62,0.01,1.3823357167698087,0.4853515625
9923,105.1339153200388,139,139,0.01,1.3285151023230106,0.95751953125
9924,99.16515308618546,115,115,0.01,1.2636730624281842,0.935546875
9925,16.91130769252777,19,18,0.01,1.282110311483082,0.158935546875
9926,12.90171879529953,15,14,0.01,1.174065617720286,0.10986328125
9927,84.88583117723465,95,94,0.01,1.2290973537846615,0.63818359375
9928,101.08248598873615,126,126,0.01,1.2928035311282626,0.94677734375
9929,92.63045781105757,111,111,0.01,1.333345409180667,0.9853515625
9930,82.15305481106043,103,103,0.01,1.308963359559624,0.962158203125
9931,44.399586379528046,48,47,0.01,1.2769333471854527,0.29736328125
9932,104.04761379957199,129,129,0.01,1.292139201894287,0.94580078125
9933,102.30063101649284,135,135,0.01,1.2269956310590109,0.913818359375
9934,106.93285647034645,125,125,0.01,1.2927813715934753,0.981201171875
9935,102.29053395241499,117,117,0.01,1.2600258626999,0.960205078125
9936,84.76598528027534,95,95,0.01,1.2983274215146114,0.94189453125
9937,105.90085652470589,124,124,0.01,1.241710040357805,0.97900390625
9938,0.0,2,1,0.01,1.0858310461044312,0.017333984375
9939,91.77143906801939,115,115,0.01,1.2340980975524238,0.952880859375
9940,54.84197586774826,60,59,0.01,1.2660222336649896,0.409912109375
9941,59.57440119981766,65,64,0.01,1.2593804827103248,0.69140625
9942,20.544356405735016,23,22,0.01,1.2472389444060947,0.19140625
9943,100.90214002132416,116,115,0.01,1.146875157181559,0.6181640625
9944,2.9936087131500244,5,4,0.01,1.0075850129127502,0.010009765625
9945,52.17468351125717,56,55,0.01,1.1382049923496587,0.51806640625
9946,103.71065348386765,118,117,0.01,1.0872175882933504,0.88330078125
9947,89.42848433554173,105,105,0.01,1.21886307710693,0.953369140625
9948,87.20901328325272,98,97,0.01,1.1951048465407625,0.740234375
9949,89.94840395450592,106,106,0.01,1.198084607158067,0.948486328125
9950,83.38719469308853,99,99,0.01,1.221869194447392,0.9736328125
9951,91.94241663813591,103,103,0.01,1.1759068641847776,0.94580078125
9952,99.82365599274635,110,110,0.01,1.1187542592937296,0.96875
9953,125.68416455388069,160,160,0.01,1.1696156518533827,0.96875
9954,7.852799355983734,10,9,0.01,1.3427505493164062,0.05322265625
9955,89.40257047116756,118,118,0.01,1.128707869325654,0.91357421875
9956,117.55698512494564,140,140,0.01,1.1777182519435883,0.945068359375
9957,107.67618979513645,132,132,0.01,1.1733630299568176,0.93701171875
9958,22.375056505203247,25,24,0.01,1.2102625942230225,0.31005859375
9959,83.26740968227386,96,96,0.01,1.1591985976944368,0.91650390625
9960,94.59302839636803,115,115,0.01,1.2576228292092033,0.97412109375
9961,127.183498442173,154,154,0.01,1.2501113014174747,0.981201171875
9962,84.1179293692112,98,98,0.01,1.1383668825942643,0.976806640625
9963,93.05920892208815,116,116,0.01,1.1902605963164363,0.950927734375
9964,5.990988731384277,8,7,0.01,1.1218903362751007,0.039794921875
9965,78.89998586475849,97,97,0.01,1.155117147054869,0.882080078125
9966,97.6805461794138,126,126,0.01,1.1685981461926112,0.952880859375
9967,97.68225612491369,130,130,0.01,1.216806675379093,0.9716796875
9968,12.770151376724243,15,14,0.01,1.0005461613337199,0.1103515625
9969,94.38878826797009,110,110,0.01,1.2334357830611142,0.967041015625
9970,74.70660997927189,102,102,0.01,1.2645239631334941,0.978515625
9971,98.85874356329441,114,114,0.01,1.1340149277657794,0.9599609375
9972,92.45251387357712,104,104,0.01,1.199903697348558,0.91064453125
9973,96.28955547511578,110,110,0.01,1.1604446530342103,0.9609375
9974,89.9220210313797,108,108,0.01,1.3322525281045172,0.946533203125
9975,86.22797022759914,100,100,0.01,1.1645624747872352,0.95458984375
9976,96.49636793136597,110,110,0.01,1.2605611275542865,0.984375
9977,74.65815782546997,90,90,0.01,1.2321389545996984,0.964599609375
9978,13.560842454433441,16,15,0.01,1.3129073269665241,0.057861328125
9979,60.280456602573395,64,63,0.01,1.0858510271646082,0.64697265625
9980,52.37261259555817,57,56,0.01,1.3091124191618801,0.364990234375
9981,71.69315218925476,79,79,0.01,1.3042405081700674,0.959228515625
9982,4.993460834026337,7,6,0.01,1.3854412606784277,0.032470703125
9983,95.7920103520155,107,107,0.01,1.3480752149474955,0.963623046875
9984,81.75361630320549,95,95,0.01,1.2543776248630725,0.962646484375
9985,108.68185774981976,139,139,0.01,1.3666010730558162,0.93994140625
9986,84.07653196156025,99,99,0.01,1.2720233773944354,0.953125
9987,104.43557002395391,128,128,0.01,1.2160230020526797,0.932373046875
9988,107.71567733585835,137,137,0.01,1.200944128697806,0.9619140625
9989,29.843589067459106,33,32,0.01,1.3337562607996392,0.3212890625
9990,21.403595745563507,24,23,0.01,1.2745966588457425,0.202392578125
9991,103.90461570769548,135,135,0.01,1.3213537357471608,0.913818359375
9992,96.98533947765827,111,111,0.01,1.3256142649564657,0.94384765625
9993,82.53450068831444,100,100,0.01,1.3967493766546248,0.947509765625
9994,92.05956675857306,111,111,0.01,1.2855879769131944,0.93896484375
9995,82.11057117581367,91,90,0.01,1.3833588348640191,0.886474609375
9996,32.16384714841843,35,34,0.01,1.3443414194243295,0.261474609375
9997,29.533501625061035,32,31,0.01,1.3087003994733095,0.260986328125
9998,69.87460198998451,84,83,0.01,1.3253871897856395,0.963623046875
9999,39.21868509054184,43,42,0.01,1.211218264213828,0.36572265625
